[{"model": "service_development.voicelabel", "pk": 1, "fields": {"name": "Dutch language", "description": "Nederlandse taal"}}, {"model": "service_development.voicelabel", "pk": 2, "fields": {"name": "General error message", "description": ""}}, {"model": "service_development.voicelabel", "pk": 3, "fields": {"name": "This is the truth", "description": ""}}, {"model": "service_development.voicelabel", "pk": 4, "fields": {"name": "English language", "description": ""}}, {"model": "service_development.voicelabel", "pk": 5, "fields": {"name": "Thank you for using this service", "description": ""}}, {"model": "service_development.voicelabel", "pk": 6, "fields": {"name": "Wow, it must be a really boring guy!", "description": ""}}, {"model": "service_development.voicelabel", "pk": 7, "fields": {"name": "French language", "description": ""}}, {"model": "service_development.voicelabel", "pk": 8, "fields": {"name": "Please select your language", "description": ""}}, {"model": "service_development.voicelabel", "pk": 9, "fields": {"name": "Pre Choice Option", "description": ""}}, {"model": "service_development.voicelabel", "pk": 10, "fields": {"name": "Post Choice Option", "description": ""}}, {"model": "service_development.voicelabel", "pk": 11, "fields": {"name": "One", "description": ""}}, {"model": "service_development.voicelabel", "pk": 12, "fields": {"name": "Two", "description": ""}}, {"model": "service_development.voicelabel", "pk": 13, "fields": {"name": "Three", "description": ""}}, {"model": "service_development.voicelabel", "pk": 14, "fields": {"name": "Four", "description": ""}}, {"model": "service_development.voicelabel", "pk": 15, "fields": {"name": "Five", "description": ""}}, {"model": "service_development.voicelabel", "pk": 16, "fields": {"name": "Six", "description": ""}}, {"model": "service_development.voicelabel", "pk": 17, "fields": {"name": "Seven", "description": ""}}, {"model": "service_development.voicelabel", "pk": 18, "fields": {"name": "Eight", "description": ""}}, {"model": "service_development.voicelabel", "pk": 19, "fields": {"name": "Nine", "description": ""}}, {"model": "service_development.voicelabel", "pk": 20, "fields": {"name": "Zero", "description": ""}}, {"model": "service_development.voicelabel", "pk": 21, "fields": {"name": "Yes", "description": ""}}, {"model": "service_development.voicelabel", "pk": 22, "fields": {"name": "No", "description": ""}}, {"model": "service_development.voicelabel", "pk": 23, "fields": {"name": "Does the king like to drink beer?", "description": ""}}, {"model": "service_development.voicelabel", "pk": 131, "fields": {"name": "Select region", "description": ""}}, {"model": "service_development.voicelabel", "pk": 132, "fields": {"name": "Eastern", "description": ""}}, {"model": "service_development.voicelabel", "pk": 133, "fields": {"name": "Western", "description": ""}}, {"model": "service_development.voicelabel", "pk": 134, "fields": {"name": "Select animal", "description": ""}}, {"model": "service_development.voicelabel", "pk": 135, "fields": {"name": "Cow", "description": ""}}, {"model": "service_development.voicelabel", "pk": 136, "fields": {"name": "Chicken", "description": ""}}, {"model": "service_development.voicelabel", "pk": 137, "fields": {"name": "Welcome to MobileVet", "description": ""}}, {"model": "service_development.voicelabel", "pk": 138, "fields": {"name": "Sudden death signs", "description": ""}}, {"model": "service_development.voicelabel", "pk": 139, "fields": {"name": "Fever signs (cattle)", "description": ""}}, {"model": "service_development.voicelabel", "pk": 140, "fields": {"name": "Sudden collapse signs (cattle)", "description": ""}}, {"model": "service_development.voicelabel", "pk": 141, "fields": {"name": "Difficulty breathing signs", "description": ""}}, {"model": "service_development.voicelabel", "pk": 142, "fields": {"name": "Less eggs signs (chicken)", "description": ""}}, {"model": "service_development.voicelabel", "pk": 143, "fields": {"name": "Twisted neck signs (chicken)", "description": ""}}, {"model": "service_development.voicelabel", "pk": 144, "fields": {"name": "Waiting diagnosis", "description": ""}}, {"model": "service_development.voicelabel", "pk": 145, "fields": {"name": "Anthrax description", "description": ""}}, {"model": "service_development.voicelabel", "pk": 146, "fields": {"name": "Anthrax treatment", "description": ""}}, {"model": "service_development.voicelabel", "pk": 147, "fields": {"name": "Bloat description", "description": ""}}, {"model": "service_development.voicelabel", "pk": 148, "fields": {"name": "Bloat treatment", "description": ""}}, {"model": "service_development.voicelabel", "pk": 149, "fields": {"name": "CBPP description", "description": ""}}, {"model": "service_development.voicelabel", "pk": 150, "fields": {"name": "CBPP treatment", "description": ""}}, {"model": "service_development.voicelabel", "pk": 151, "fields": {"name": "Avian Influenza description", "description": ""}}, {"model": "service_development.voicelabel", "pk": 152, "fields": {"name": "Avian Influenza treatment", "description": ""}}, {"model": "service_development.voicelabel", "pk": 153, "fields": {"name": "Fowl pox description", "description": ""}}, {"model": "service_development.voicelabel", "pk": 154, "fields": {"name": "Fowl pox treatment", "description": ""}}, {"model": "service_development.voicelabel", "pk": 155, "fields": {"name": "Necwcastle disease description", "description": ""}}, {"model": "service_development.voicelabel", "pk": 156, "fields": {"name": "Necwcastle disease treatment", "description": ""}}, {"model": "service_development.voicelabel", "pk": 157, "fields": {"name": "Unindentified disease", "description": ""}}, {"model": "service_development.voicelabel", "pk": 158, "fields": {"name": "Urgent disease", "description": ""}}, {"model": "service_development.voicelabel", "pk": 159, "fields": {"name": "Choose veterinarian", "description": ""}}, {"model": "service_development.voicelabel", "pk": 160, "fields": {"name": "Dr. Amoro Nelson Agemga", "description": ""}}, {"model": "service_development.voicelabel", "pk": 161, "fields": {"name": "Dr. Baba Issah", "description": ""}}, {"model": "service_development.voicelabel", "pk": 162, "fields": {"name": "Dr. Ebo Annan", "description": ""}}, {"model": "service_development.voicelabel", "pk": 163, "fields": {"name": "Dr. Kwadwo Nikrumah", "description": ""}}, {"model": "service_development.voicelabel", "pk": 164, "fields": {"name": "Call veterinarian", "description": ""}}, {"model": "service_development.voicelabel", "pk": 165, "fields": {"name": "Now", "description": ""}}, {"model": "service_development.voicelabel", "pk": 166, "fields": {"name": "Later", "description": ""}}, {"model": "service_development.voicelabel", "pk": 167, "fields": {"name": "Send vet contact", "description": ""}}, {"model": "service_development.voicelabel", "pk": 168, "fields": {"name": "Redirect call to vet", "description": ""}}, {"model": "service_development.language", "pk": 1, "fields": {"name": "Nederlands", "code": "nl", "voice_label": 1, "error_message": 2, "select_language": 8, "pre_choice_option": 9, "post_choice_option": 10, "one": 11, "two": 12, "three": 13, "four": 14, "five": 15, "six": 16, "seven": 17, "eight": 18, "nine": 19, "zero": 20}}, {"model": "service_development.language", "pk": 2, "fields": {"name": "English", "code": "en", "voice_label": 4, "error_message": 2, "select_language": 8, "pre_choice_option": 9, "post_choice_option": 10, "one": 11, "two": 12, "three": 13, "four": 14, "five": 15, "six": 16, "seven": 17, "eight": 18, "nine": 19, "zero": 20}}, {"model": "service_development.language", "pk": 3, "fields": {"name": "French", "code": "fr", "voice_label": 7, "error_message": 2, "select_language": 8, "pre_choice_option": 9, "post_choice_option": 10, "one": 11, "two": 12, "three": 13, "four": 14, "five": 15, "six": 16, "seven": 17, "eight": 18, "nine": 19, "zero": 20}}, {"model": "service_development.voicefragment", "pk": 1, "fields": {"parent": 6, "language": 2, "audio": "boring_guy_en.wav"}}, {"model": "service_development.voicefragment", "pk": 2, "fields": {"parent": 6, "language": 1, "audio": "boring_guy_nl.wav"}}, {"model": "service_development.voicefragment", "pk": 6, "fields": {"parent": 22, "language": 1, "audio": "no_nl.wav"}}, {"model": "service_development.voicefragment", "pk": 7, "fields": {"parent": 22, "language": 2, "audio": "no_en.wav"}}, {"model": "service_development.voicefragment", "pk": 8, "fields": {"parent": 22, "language": 3, "audio": "no_fr.wav"}}, {"model": "service_development.voicefragment", "pk": 9, "fields": {"parent": 21, "language": 1, "audio": "yes_nl.wav"}}, {"model": "service_development.voicefragment", "pk": 10, "fields": {"parent": 21, "language": 2, "audio": "yes_en.wav"}}, {"model": "service_development.voicefragment", "pk": 11, "fields": {"parent": 21, "language": 3, "audio": "yes_fr.wav"}}, {"model": "service_development.voicefragment", "pk": 12, "fields": {"parent": 20, "language": 1, "audio": "0_nl.wav"}}, {"model": "service_development.voicefragment", "pk": 13, "fields": {"parent": 20, "language": 2, "audio": "0_en.wav"}}, {"model": "service_development.voicefragment", "pk": 14, "fields": {"parent": 20, "language": 3, "audio": "0_fr.wav"}}, {"model": "service_development.voicefragment", "pk": 15, "fields": {"parent": 19, "language": 1, "audio": "9_nl.wav"}}, {"model": "service_development.voicefragment", "pk": 16, "fields": {"parent": 19, "language": 2, "audio": "9_fr.wav"}}, {"model": "service_development.voicefragment", "pk": 17, "fields": {"parent": 19, "language": 3, "audio": "9_en.wav"}}, {"model": "service_development.voicefragment", "pk": 18, "fields": {"parent": 18, "language": 1, "audio": "8_nl.wav"}}, {"model": "service_development.voicefragment", "pk": 19, "fields": {"parent": 18, "language": 2, "audio": "8_en.wav"}}, {"model": "service_development.voicefragment", "pk": 20, "fields": {"parent": 18, "language": 3, "audio": "8_fr.wav"}}, {"model": "service_development.voicefragment", "pk": 21, "fields": {"parent": 17, "language": 1, "audio": "7_nl.wav"}}, {"model": "service_development.voicefragment", "pk": 22, "fields": {"parent": 17, "language": 2, "audio": "7_en.wav"}}, {"model": "service_development.voicefragment", "pk": 23, "fields": {"parent": 17, "language": 3, "audio": "7_fr.wav"}}, {"model": "service_development.voicefragment", "pk": 24, "fields": {"parent": 16, "language": 1, "audio": "6_nl.wav"}}, {"model": "service_development.voicefragment", "pk": 25, "fields": {"parent": 16, "language": 2, "audio": "6_en.wav"}}, {"model": "service_development.voicefragment", "pk": 26, "fields": {"parent": 16, "language": 3, "audio": "6_fr.wav"}}, {"model": "service_development.voicefragment", "pk": 27, "fields": {"parent": 15, "language": 1, "audio": "5_nl.wav"}}, {"model": "service_development.voicefragment", "pk": 28, "fields": {"parent": 15, "language": 2, "audio": "5_en.wav"}}, {"model": "service_development.voicefragment", "pk": 29, "fields": {"parent": 15, "language": 3, "audio": "5_fr.wav"}}, {"model": "service_development.voicefragment", "pk": 30, "fields": {"parent": 14, "language": 1, "audio": "4_nl.wav"}}, {"model": "service_development.voicefragment", "pk": 31, "fields": {"parent": 14, "language": 2, "audio": "4_fr.wav"}}, {"model": "service_development.voicefragment", "pk": 32, "fields": {"parent": 14, "language": 3, "audio": "4_en.wav"}}, {"model": "service_development.voicefragment", "pk": 33, "fields": {"parent": 13, "language": 1, "audio": "3_nl.wav"}}, {"model": "service_development.voicefragment", "pk": 34, "fields": {"parent": 13, "language": 2, "audio": "3_en.wav"}}, {"model": "service_development.voicefragment", "pk": 35, "fields": {"parent": 13, "language": 3, "audio": "3_fr.wav"}}, {"model": "service_development.voicefragment", "pk": 36, "fields": {"parent": 12, "language": 1, "audio": "2_nl.wav"}}, {"model": "service_development.voicefragment", "pk": 37, "fields": {"parent": 12, "language": 2, "audio": "2_en.wav"}}, {"model": "service_development.voicefragment", "pk": 38, "fields": {"parent": 12, "language": 3, "audio": "2_fr.wav"}}, {"model": "service_development.voicefragment", "pk": 39, "fields": {"parent": 11, "language": 1, "audio": "1_nl.wav"}}, {"model": "service_development.voicefragment", "pk": 40, "fields": {"parent": 11, "language": 2, "audio": "1_en.wav"}}, {"model": "service_development.voicefragment", "pk": 41, "fields": {"parent": 11, "language": 3, "audio": "1_fr.wav"}}, {"model": "service_development.voicefragment", "pk": 42, "fields": {"parent": 10, "language": 1, "audio": "post_choice_option_nl.wav"}}, {"model": "service_development.voicefragment", "pk": 43, "fields": {"parent": 10, "language": 2, "audio": "post_choice_option_en.wav"}}, {"model": "service_development.voicefragment", "pk": 44, "fields": {"parent": 10, "language": 3, "audio": "post_choice_option_fr.wav"}}, {"model": "service_development.voicefragment", "pk": 45, "fields": {"parent": 9, "language": 1, "audio": "pre_choice_option_nl.wav"}}, {"model": "service_development.voicefragment", "pk": 46, "fields": {"parent": 9, "language": 2, "audio": "pre_choice_option_en.wav"}}, {"model": "service_development.voicefragment", "pk": 47, "fields": {"parent": 9, "language": 3, "audio": "pre_choice_option_fr.wav"}}, {"model": "service_development.voicefragment", "pk": 48, "fields": {"parent": 8, "language": 1, "audio": "select_language_nl.wav"}}, {"model": "service_development.voicefragment", "pk": 49, "fields": {"parent": 8, "language": 2, "audio": "select_language_en.wav"}}, {"model": "service_development.voicefragment", "pk": 50, "fields": {"parent": 8, "language": 3, "audio": "select_language_fr.wav"}}, {"model": "service_development.voicefragment", "pk": 51, "fields": {"parent": 7, "language": 1, "audio": "french_nl.wav"}}, {"model": "service_development.voicefragment", "pk": 52, "fields": {"parent": 7, "language": 2, "audio": "french_en.wav"}}, {"model": "service_development.voicefragment", "pk": 53, "fields": {"parent": 7, "language": 3, "audio": "french_fr.wav"}}, {"model": "service_development.voicefragment", "pk": 54, "fields": {"parent": 6, "language": 3, "audio": "boring_guy_fr.wav"}}, {"model": "service_development.voicefragment", "pk": 55, "fields": {"parent": 5, "language": 1, "audio": "thank_you_for_using_nl.wav"}}, {"model": "service_development.voicefragment", "pk": 56, "fields": {"parent": 5, "language": 2, "audio": "thank_you_for_using_en.wav"}}, {"model": "service_development.voicefragment", "pk": 57, "fields": {"parent": 5, "language": 3, "audio": "thank_you_for_using_fr.wav"}}, {"model": "service_development.voicefragment", "pk": 58, "fields": {"parent": 4, "language": 1, "audio": "english_nl.wav"}}, {"model": "service_development.voicefragment", "pk": 59, "fields": {"parent": 4, "language": 2, "audio": "english_en.wav"}}, {"model": "service_development.voicefragment", "pk": 60, "fields": {"parent": 4, "language": 3, "audio": "english_fr.wav"}}, {"model": "service_development.voicefragment", "pk": 61, "fields": {"parent": 3, "language": 1, "audio": "truth_nl.wav"}}, {"model": "service_development.voicefragment", "pk": 62, "fields": {"parent": 3, "language": 2, "audio": "truth_en.wav"}}, {"model": "service_development.voicefragment", "pk": 63, "fields": {"parent": 3, "language": 3, "audio": "truth_fr.wav"}}, {"model": "service_development.voicefragment", "pk": 64, "fields": {"parent": 2, "language": 1, "audio": "error_nl.wav"}}, {"model": "service_development.voicefragment", "pk": 65, "fields": {"parent": 2, "language": 2, "audio": "error_en.wav"}}, {"model": "service_development.voicefragment", "pk": 66, "fields": {"parent": 2, "language": 3, "audio": "error_fr.wav"}}, {"model": "service_development.voicefragment", "pk": 67, "fields": {"parent": 1, "language": 1, "audio": "dutch_nl.wav"}}, {"model": "service_development.voicefragment", "pk": 68, "fields": {"parent": 1, "language": 2, "audio": "dutch_en.wav"}}, {"model": "service_development.voicefragment", "pk": 69, "fields": {"parent": 1, "language": 3, "audio": "dutch_fr.wav"}}, {"model": "service_development.voicefragment", "pk": 70, "fields": {"parent": 23, "language": 1, "audio": "king_question_nl.wav"}}, {"model": "service_development.voicefragment", "pk": 71, "fields": {"parent": 23, "language": 2, "audio": "king_question_en.wav"}}, {"model": "service_development.voicefragment", "pk": 72, "fields": {"parent": 23, "language": 3, "audio": "king_question_fr.wav"}}, {"model": "service_development.voicefragment", "pk": 206, "fields": {"parent": 131, "language": 2, "audio": "en_selectregion_IsTC525.wav"}}, {"model": "service_development.voicefragment", "pk": 207, "fields": {"parent": 132, "language": 2, "audio": "en_eastern_region_OX4KOyI.wav"}}, {"model": "service_development.voicefragment", "pk": 208, "fields": {"parent": 133, "language": 2, "audio": "en_western_region_HIOJi2o.wav"}}, {"model": "service_development.voicefragment", "pk": 209, "fields": {"parent": 134, "language": 2, "audio": "en_animaltype_S0RGig5.wav"}}, {"model": "service_development.voicefragment", "pk": 210, "fields": {"parent": 135, "language": 2, "audio": "en_cow_2GfdzF7.wav"}}, {"model": "service_development.voicefragment", "pk": 211, "fields": {"parent": 136, "language": 2, "audio": "en_chicken_qy6KTVY.wav"}}, {"model": "service_development.voicefragment", "pk": 212, "fields": {"parent": 137, "language": 2, "audio": "en_welcome_eIUOZO9.wav"}}, {"model": "service_development.voicefragment", "pk": 213, "fields": {"parent": 138, "language": 2, "audio": "sudden_death_en_SSriWAr.wav"}}, {"model": "service_development.voicefragment", "pk": 214, "fields": {"parent": 139, "language": 2, "audio": "en_fever_TCCm7kY.wav"}}, {"model": "service_development.voicefragment", "pk": 215, "fields": {"parent": 140, "language": 2, "audio": "sudden_collapse_en_boaFDQU.wav"}}, {"model": "service_development.voicefragment", "pk": 216, "fields": {"parent": 141, "language": 2, "audio": "en_difficultybreathing_eVCR2dh.wav"}}, {"model": "service_development.voicefragment", "pk": 217, "fields": {"parent": 142, "language": 2, "audio": "less_eggs_en_yMChn2Z.wav"}}, {"model": "service_development.voicefragment", "pk": 218, "fields": {"parent": 143, "language": 2, "audio": "twisted_neck_en_EjXT6hq.wav"}}, {"model": "service_development.voicefragment", "pk": 219, "fields": {"parent": 144, "language": 2, "audio": "diagnose_3blGFi0.wav"}}, {"model": "service_development.voicefragment", "pk": 220, "fields": {"parent": 145, "language": 2, "audio": "en_anthrax_CGpqbBy.wav"}}, {"model": "service_development.voicefragment", "pk": 221, "fields": {"parent": 146, "language": 2, "audio": "en_anthrax_treatment_Qj8GjrV.wav"}}, {"model": "service_development.voicefragment", "pk": 222, "fields": {"parent": 147, "language": 2, "audio": "bloatingdesc_en_1BjCN7w.wav"}}, {"model": "service_development.voicefragment", "pk": 223, "fields": {"parent": 148, "language": 2, "audio": "bloating_treatment_en_HZxtpRZ.wav"}}, {"model": "service_development.voicefragment", "pk": 224, "fields": {"parent": 149, "language": 2, "audio": "en_cbpp_dSjLrsu.wav"}}, {"model": "service_development.voicefragment", "pk": 225, "fields": {"parent": 150, "language": 2, "audio": "en_cbpp_treatment_iqwioN9.wav"}}, {"model": "service_development.voicefragment", "pk": 226, "fields": {"parent": 151, "language": 2, "audio": "en_blackleg_kaxhABJ.wav"}}, {"model": "service_development.voicefragment", "pk": 227, "fields": {"parent": 152, "language": 2, "audio": "en_blackleg_treatment_ZQ6nw2c.wav"}}, {"model": "service_development.voicefragment", "pk": 228, "fields": {"parent": 153, "language": 2, "audio": "en_footrot_bKR6REk.wav"}}, {"model": "service_development.voicefragment", "pk": 229, "fields": {"parent": 154, "language": 2, "audio": "en_footrot_treatment_CXyXWaI.wav"}}, {"model": "service_development.voicefragment", "pk": 230, "fields": {"parent": 155, "language": 2, "audio": "en_tetanus_jOvMCa6.wav"}}, {"model": "service_development.voicefragment", "pk": 231, "fields": {"parent": 156, "language": 2, "audio": "en_tetanus_treatment_y4DYQPy.wav"}}, {"model": "service_development.voicefragment", "pk": 232, "fields": {"parent": 157, "language": 2, "audio": "en_unidentified_disease_C46CdbC.wav"}}, {"model": "service_development.voicefragment", "pk": 233, "fields": {"parent": 158, "language": 2, "audio": "en_urgentdisease_4aUYDeR.wav"}}, {"model": "service_development.voicefragment", "pk": 234, "fields": {"parent": 159, "language": 2, "audio": "en_veterinarian_MXd9Mxy.wav"}}, {"model": "service_development.voicefragment", "pk": 235, "fields": {"parent": 160, "language": 2, "audio": "dr_amoro_hDRINuq.wav"}}, {"model": "service_development.voicefragment", "pk": 236, "fields": {"parent": 161, "language": 2, "audio": "dr_babaissah_EmEEL4t.wav"}}, {"model": "service_development.voicefragment", "pk": 237, "fields": {"parent": 162, "language": 2, "audio": "dr_ebo_0BOmXdK.wav"}}, {"model": "service_development.voicefragment", "pk": 238, "fields": {"parent": 163, "language": 2, "audio": "dr_kwadwo_ZhXsgkP.wav"}}, {"model": "service_development.voicefragment", "pk": 239, "fields": {"parent": 164, "language": 2, "audio": "en_callvet_noworlater_YArvcf7.wav"}}, {"model": "service_development.voicefragment", "pk": 240, "fields": {"parent": 165, "language": 2, "audio": "now_en_59NzJAC.wav"}}, {"model": "service_development.voicefragment", "pk": 241, "fields": {"parent": 166, "language": 2, "audio": "later_en_2skK8KT.wav"}}, {"model": "service_development.voicefragment", "pk": 242, "fields": {"parent": 167, "language": 2, "audio": "en_send_vetcontact_qx9OtRp.wav"}}, {"model": "service_development.voicefragment", "pk": 243, "fields": {"parent": 168, "language": 2, "audio": "redirectcall_NhREwOu.wav"}}, {"model": "service_development.voiceservicesubelement", "pk": 2, "fields": {"service": 1, "creation_date": "2017-04-23T19:30:23.792Z", "modification_date": "2017-04-23T23:13:42.317Z", "name": "Does the king like to drink beer?", "description": "", "voice_label": 23}}, {"model": "service_development.voiceservicesubelement", "pk": 3, "fields": {"service": 1, "creation_date": "2017-04-23T19:32:07.853Z", "modification_date": "2017-04-23T22:51:29.350Z", "name": "Yes", "description": "King <3's BEER", "voice_label": 21}}, {"model": "service_development.voiceservicesubelement", "pk": 4, "fields": {"service": 1, "creation_date": "2017-04-23T19:32:07.854Z", "modification_date": "2017-04-23T22:51:29.352Z", "name": "No", "description": "", "voice_label": 22}}, {"model": "service_development.voiceservicesubelement", "pk": 5, "fields": {"service": 1, "creation_date": "2017-04-23T19:49:50.055Z", "modification_date": "2017-04-23T21:17:07.984Z", "name": "This is the truth", "description": "", "voice_label": 3}}, {"model": "service_development.voiceservicesubelement", "pk": 6, "fields": {"service": 4, "creation_date": "2017-04-23T21:11:06.805Z", "modification_date": "2017-05-05T01:22:53.392Z", "name": "Thank you for using this service", "description": "", "voice_label": 5}}, {"model": "service_development.voiceservicesubelement", "pk": 7, "fields": {"service": 1, "creation_date": "2017-04-23T21:36:55.756Z", "modification_date": "2017-04-23T21:36:55.756Z", "name": "King is boring", "description": "", "voice_label": 6}}, {"model": "service_development.voiceservicesubelement", "pk": 124, "fields": {"service": 4, "creation_date": "2017-05-05T00:23:39.282Z", "modification_date": "2017-05-05T00:30:53.914Z", "name": "Select region", "description": "", "voice_label": 131}}, {"model": "service_development.voiceservicesubelement", "pk": 125, "fields": {"service": 4, "creation_date": "2017-05-05T00:23:39.312Z", "modification_date": "2017-05-05T00:23:39.312Z", "name": "Eastern", "description": "", "voice_label": 132}}, {"model": "service_development.voiceservicesubelement", "pk": 126, "fields": {"service": 4, "creation_date": "2017-05-05T00:23:39.317Z", "modification_date": "2017-05-05T00:23:39.317Z", "name": "Western", "description": "", "voice_label": 133}}, {"model": "service_development.voiceservicesubelement", "pk": 127, "fields": {"service": 4, "creation_date": "2017-05-05T00:29:13.470Z", "modification_date": "2017-05-05T01:22:09.200Z", "name": "Select animal", "description": "", "voice_label": 134}}, {"model": "service_development.voiceservicesubelement", "pk": 128, "fields": {"service": 4, "creation_date": "2017-05-05T00:29:13.547Z", "modification_date": "2017-05-05T01:22:09.209Z", "name": "Cow", "description": "", "voice_label": 135}}, {"model": "service_development.voiceservicesubelement", "pk": 129, "fields": {"service": 4, "creation_date": "2017-05-05T00:29:13.548Z", "modification_date": "2017-05-05T01:22:09.211Z", "name": "Chicken", "description": "", "voice_label": 136}}, {"model": "service_development.voiceservicesubelement", "pk": 130, "fields": {"service": 4, "creation_date": "2017-05-05T00:30:16.930Z", "modification_date": "2017-05-05T00:30:16.930Z", "name": "Welcome to MobileVet", "description": "", "voice_label": 137}}, {"model": "service_development.voiceservicesubelement", "pk": 131, "fields": {"service": 4, "creation_date": "2017-05-05T00:40:54.992Z", "modification_date": "2017-05-05T00:57:06.657Z", "name": "Sudden death signs (cattle)", "description": "", "voice_label": 138}}, {"model": "service_development.voiceservicesubelement", "pk": 132, "fields": {"service": 4, "creation_date": "2017-05-05T00:40:55.068Z", "modification_date": "2017-05-05T00:57:06.662Z", "name": "Sudden death signs (cattle) -Yes", "description": "", "voice_label": 21}}, {"model": "service_development.voiceservicesubelement", "pk": 133, "fields": {"service": 4, "creation_date": "2017-05-05T00:40:55.069Z", "modification_date": "2017-05-05T00:57:06.662Z", "name": "Sudden death signs (cattle) - No", "description": "", "voice_label": 22}}, {"model": "service_development.voiceservicesubelement", "pk": 134, "fields": {"service": 4, "creation_date": "2017-05-05T00:42:59.645Z", "modification_date": "2017-05-05T00:57:25.538Z", "name": "Fever signs (cattle)", "description": "", "voice_label": 139}}, {"model": "service_development.voiceservicesubelement", "pk": 135, "fields": {"service": 4, "creation_date": "2017-05-05T00:42:59.758Z", "modification_date": "2017-05-05T00:57:25.545Z", "name": "Fever signs (cattle) - Yes", "description": "", "voice_label": 21}}, {"model": "service_development.voiceservicesubelement", "pk": 136, "fields": {"service": 4, "creation_date": "2017-05-05T00:42:59.763Z", "modification_date": "2017-05-05T00:57:25.547Z", "name": "Fever signs (cattle) - No", "description": "", "voice_label": 22}}, {"model": "service_development.voiceservicesubelement", "pk": 137, "fields": {"service": 4, "creation_date": "2017-05-05T00:44:07.668Z", "modification_date": "2017-05-05T00:58:18.553Z", "name": "Sudden collapse signs (cattle)", "description": "", "voice_label": 140}}, {"model": "service_development.voiceservicesubelement", "pk": 138, "fields": {"service": 4, "creation_date": "2017-05-05T00:44:07.719Z", "modification_date": "2017-05-05T00:58:18.557Z", "name": "Sudden collapse signs (cattle) - Yes", "description": "", "voice_label": 21}}, {"model": "service_development.voiceservicesubelement", "pk": 139, "fields": {"service": 4, "creation_date": "2017-05-05T00:44:07.721Z", "modification_date": "2017-05-05T00:58:18.559Z", "name": "Sudden collapse signs (cattle) - No", "description": "", "voice_label": 22}}, {"model": "service_development.voiceservicesubelement", "pk": 140, "fields": {"service": 4, "creation_date": "2017-05-05T00:44:47.630Z", "modification_date": "2017-05-05T00:58:00.135Z", "name": "Difficulty breathing signs (cattle)", "description": "", "voice_label": 141}}, {"model": "service_development.voiceservicesubelement", "pk": 141, "fields": {"service": 4, "creation_date": "2017-05-05T00:44:47.716Z", "modification_date": "2017-05-05T00:58:00.147Z", "name": "Difficulty breathing signs (cattle) - Yes", "description": "", "voice_label": 21}}, {"model": "service_development.voiceservicesubelement", "pk": 142, "fields": {"service": 4, "creation_date": "2017-05-05T00:44:47.721Z", "modification_date": "2017-05-05T00:58:00.148Z", "name": "Difficulty breathing signs (cattle) - No", "description": "", "voice_label": 22}}, {"model": "service_development.voiceservicesubelement", "pk": 143, "fields": {"service": 4, "creation_date": "2017-05-05T00:45:36.599Z", "modification_date": "2017-05-05T00:53:12.586Z", "name": "Sudden death signs (chicken)", "description": "", "voice_label": 138}}, {"model": "service_development.voiceservicesubelement", "pk": 144, "fields": {"service": 4, "creation_date": "2017-05-05T00:45:36.629Z", "modification_date": "2017-05-05T00:53:12.594Z", "name": "Sudden death signs (chicken) - Yes", "description": "", "voice_label": 21}}, {"model": "service_development.voiceservicesubelement", "pk": 145, "fields": {"service": 4, "creation_date": "2017-05-05T00:45:36.629Z", "modification_date": "2017-05-05T00:53:12.595Z", "name": "Sudden death signs (chicken) - No", "description": "", "voice_label": 22}}, {"model": "service_development.voiceservicesubelement", "pk": 146, "fields": {"service": 4, "creation_date": "2017-05-05T00:46:08.990Z", "modification_date": "2017-05-05T00:53:43.245Z", "name": "Difficulty breathing signs (chicken)", "description": "", "voice_label": 141}}, {"model": "service_development.voiceservicesubelement", "pk": 147, "fields": {"service": 4, "creation_date": "2017-05-05T00:46:09.158Z", "modification_date": "2017-05-05T00:53:43.250Z", "name": "Difficulty breathing signs (chicken) - Yes", "description": "", "voice_label": 21}}, {"model": "service_development.voiceservicesubelement", "pk": 148, "fields": {"service": 4, "creation_date": "2017-05-05T00:46:09.164Z", "modification_date": "2017-05-05T00:53:43.250Z", "name": "Difficulty breathing signs (chicken) - No", "description": "", "voice_label": 22}}, {"model": "service_development.voiceservicesubelement", "pk": 149, "fields": {"service": 4, "creation_date": "2017-05-05T00:47:03.004Z", "modification_date": "2017-05-05T00:54:06.285Z", "name": "Less eggs signs (chicken)", "description": "", "voice_label": 142}}, {"model": "service_development.voiceservicesubelement", "pk": 150, "fields": {"service": 4, "creation_date": "2017-05-05T00:47:03.051Z", "modification_date": "2017-05-05T00:54:06.285Z", "name": "Less eggs signs (chicken) - Yes", "description": "", "voice_label": 21}}, {"model": "service_development.voiceservicesubelement", "pk": 151, "fields": {"service": 4, "creation_date": "2017-05-05T00:47:03.052Z", "modification_date": "2017-05-05T00:54:06.291Z", "name": "Less eggs signs (chicken) - No", "description": "", "voice_label": 22}}, {"model": "service_development.voiceservicesubelement", "pk": 152, "fields": {"service": 4, "creation_date": "2017-05-05T00:47:57.824Z", "modification_date": "2017-05-05T00:56:30.657Z", "name": "Twisted neck signs (chicken)", "description": "", "voice_label": 143}}, {"model": "service_development.voiceservicesubelement", "pk": 153, "fields": {"service": 4, "creation_date": "2017-05-05T00:47:57.829Z", "modification_date": "2017-05-05T00:56:30.662Z", "name": "Twisted neck signs (chicken)", "description": "", "voice_label": 21}}, {"model": "service_development.voiceservicesubelement", "pk": 154, "fields": {"service": 4, "creation_date": "2017-05-05T00:47:57.829Z", "modification_date": "2017-05-05T00:56:30.663Z", "name": "Twisted neck signs (chicken)", "description": "", "voice_label": 22}}, {"model": "service_development.voiceservicesubelement", "pk": 155, "fields": {"service": 4, "creation_date": "2017-05-05T00:56:13.656Z", "modification_date": "2017-05-05T05:16:15.842Z", "name": "Waiting diagnosis", "description": "", "voice_label": 144}}, {"model": "service_development.voiceservicesubelement", "pk": 156, "fields": {"service": 4, "creation_date": "2017-05-05T01:03:09.493Z", "modification_date": "2017-05-05T01:08:26.429Z", "name": "Anthrax description", "description": "", "voice_label": 145}}, {"model": "service_development.voiceservicesubelement", "pk": 157, "fields": {"service": 4, "creation_date": "2017-05-05T01:03:43.332Z", "modification_date": "2017-05-05T04:26:53.345Z", "name": "Anthrax treatment", "description": "", "voice_label": 146}}, {"model": "service_development.voiceservicesubelement", "pk": 158, "fields": {"service": 4, "creation_date": "2017-05-05T01:07:56.970Z", "modification_date": "2017-05-05T01:07:56.970Z", "name": "Bloat description", "description": "", "voice_label": 147}}, {"model": "service_development.voiceservicesubelement", "pk": 159, "fields": {"service": 4, "creation_date": "2017-05-05T01:11:12.675Z", "modification_date": "2017-05-05T04:27:24.503Z", "name": "Bloat treatment", "description": "", "voice_label": 148}}, {"model": "service_development.voiceservicesubelement", "pk": 160, "fields": {"service": 4, "creation_date": "2017-05-05T01:11:52.503Z", "modification_date": "2017-05-05T01:12:36.313Z", "name": "CBPP description", "description": "", "voice_label": 149}}, {"model": "service_development.voiceservicesubelement", "pk": 161, "fields": {"service": 4, "creation_date": "2017-05-05T01:12:25.756Z", "modification_date": "2017-05-05T01:12:25.756Z", "name": "CBPP treatment", "description": "", "voice_label": 150}}, {"model": "service_development.voiceservicesubelement", "pk": 162, "fields": {"service": 4, "creation_date": "2017-05-05T01:14:17.798Z", "modification_date": "2017-05-05T01:18:19.027Z", "name": "Avian Influenza description", "description": "", "voice_label": 151}}, {"model": "service_development.voiceservicesubelement", "pk": 163, "fields": {"service": 4, "creation_date": "2017-05-05T01:14:54.276Z", "modification_date": "2017-05-05T04:27:36.442Z", "name": "Avian Influenza treatment", "description": "", "voice_label": 152}}, {"model": "service_development.voiceservicesubelement", "pk": 164, "fields": {"service": 4, "creation_date": "2017-05-05T01:15:49.744Z", "modification_date": "2017-05-05T01:18:03.594Z", "name": "Fowl pox description", "description": "", "voice_label": 153}}, {"model": "service_development.voiceservicesubelement", "pk": 165, "fields": {"service": 4, "creation_date": "2017-05-05T01:16:28.071Z", "modification_date": "2017-05-05T04:27:48.081Z", "name": "Fowl pox treatment", "description": "", "voice_label": 154}}, {"model": "service_development.voiceservicesubelement", "pk": 166, "fields": {"service": 4, "creation_date": "2017-05-05T01:17:11.120Z", "modification_date": "2017-05-05T01:17:52.105Z", "name": "Necwcastle disease description", "description": "", "voice_label": 155}}, {"model": "service_development.voiceservicesubelement", "pk": 167, "fields": {"service": 4, "creation_date": "2017-05-05T01:17:38.352Z", "modification_date": "2017-05-05T01:17:38.352Z", "name": "Necwcastle disease treatment", "description": "", "voice_label": 156}}, {"model": "service_development.voiceservicesubelement", "pk": 168, "fields": {"service": 4, "creation_date": "2017-05-05T02:39:53.872Z", "modification_date": "2017-05-05T05:21:54.173Z", "name": "Unindentified disease", "description": "", "voice_label": 157}}, {"model": "service_development.voiceservicesubelement", "pk": 169, "fields": {"service": 4, "creation_date": "2017-05-05T04:26:25.834Z", "modification_date": "2017-05-05T05:16:01.132Z", "name": "Urgent disease", "description": "", "voice_label": 158}}, {"model": "service_development.voiceservicesubelement", "pk": 170, "fields": {"service": 4, "creation_date": "2017-05-05T04:41:18.707Z", "modification_date": "2017-05-05T05:14:57.099Z", "name": "Choose veterinarian", "description": "", "voice_label": 159}}, {"model": "service_development.voiceservicesubelement", "pk": 171, "fields": {"service": 4, "creation_date": "2017-05-05T04:41:18.783Z", "modification_date": "2017-05-05T05:14:57.141Z", "name": "Dr. Amoro Nelson Agemga", "description": "", "voice_label": 160}}, {"model": "service_development.voiceservicesubelement", "pk": 172, "fields": {"service": 4, "creation_date": "2017-05-05T04:41:18.787Z", "modification_date": "2017-05-05T05:14:57.143Z", "name": "Dr. Baba Issah", "description": "", "voice_label": 161}}, {"model": "service_development.voiceservicesubelement", "pk": 173, "fields": {"service": 4, "creation_date": "2017-05-05T04:41:18.789Z", "modification_date": "2017-05-05T05:14:57.145Z", "name": "Dr. Ebo Annan", "description": "", "voice_label": 162}}, {"model": "service_development.voiceservicesubelement", "pk": 174, "fields": {"service": 4, "creation_date": "2017-05-05T04:41:18.791Z", "modification_date": "2017-05-05T05:14:57.146Z", "name": "Dr. Kwadwo Nikrumah", "description": "", "voice_label": 163}}, {"model": "service_development.voiceservicesubelement", "pk": 175, "fields": {"service": 4, "creation_date": "2017-05-05T04:48:18.384Z", "modification_date": "2017-05-05T05:15:20.567Z", "name": "Call veterinarian", "description": "", "voice_label": 164}}, {"model": "service_development.voiceservicesubelement", "pk": 176, "fields": {"service": 4, "creation_date": "2017-05-05T04:48:18.493Z", "modification_date": "2017-05-05T05:15:20.583Z", "name": "Call now", "description": "", "voice_label": 165}}, {"model": "service_development.voiceservicesubelement", "pk": 177, "fields": {"service": 4, "creation_date": "2017-05-05T04:48:18.498Z", "modification_date": "2017-05-05T05:15:20.583Z", "name": "Call later", "description": "", "voice_label": 166}}, {"model": "service_development.voiceservicesubelement", "pk": 178, "fields": {"service": 4, "creation_date": "2017-05-05T04:49:56.338Z", "modification_date": "2017-05-05T04:59:07.589Z", "name": "Send vet contact", "description": "", "voice_label": 167}}, {"model": "service_development.voiceservicesubelement", "pk": 179, "fields": {"service": 4, "creation_date": "2017-05-05T04:51:25.057Z", "modification_date": "2017-05-05T04:59:01.085Z", "name": "Redirect call to vet", "description": "", "voice_label": 168}}, {"model": "service_development.voiceserviceelement", "pk": 2, "fields": {}}, {"model": "service_development.voiceserviceelement", "pk": 5, "fields": {}}, {"model": "service_development.voiceserviceelement", "pk": 6, "fields": {}}, {"model": "service_development.voiceserviceelement", "pk": 7, "fields": {}}, {"model": "service_development.voiceserviceelement", "pk": 124, "fields": {}}, {"model": "service_development.voiceserviceelement", "pk": 127, "fields": {}}, {"model": "service_development.voiceserviceelement", "pk": 130, "fields": {}}, {"model": "service_development.voiceserviceelement", "pk": 131, "fields": {}}, {"model": "service_development.voiceserviceelement", "pk": 134, "fields": {}}, {"model": "service_development.voiceserviceelement", "pk": 137, "fields": {}}, {"model": "service_development.voiceserviceelement", "pk": 140, "fields": {}}, {"model": "service_development.voiceserviceelement", "pk": 143, "fields": {}}, {"model": "service_development.voiceserviceelement", "pk": 146, "fields": {}}, {"model": "service_development.voiceserviceelement", "pk": 149, "fields": {}}, {"model": "service_development.voiceserviceelement", "pk": 152, "fields": {}}, {"model": "service_development.voiceserviceelement", "pk": 155, "fields": {}}, {"model": "service_development.voiceserviceelement", "pk": 156, "fields": {}}, {"model": "service_development.voiceserviceelement", "pk": 157, "fields": {}}, {"model": "service_development.voiceserviceelement", "pk": 158, "fields": {}}, {"model": "service_development.voiceserviceelement", "pk": 159, "fields": {}}, {"model": "service_development.voiceserviceelement", "pk": 160, "fields": {}}, {"model": "service_development.voiceserviceelement", "pk": 161, "fields": {}}, {"model": "service_development.voiceserviceelement", "pk": 162, "fields": {}}, {"model": "service_development.voiceserviceelement", "pk": 163, "fields": {}}, {"model": "service_development.voiceserviceelement", "pk": 164, "fields": {}}, {"model": "service_development.voiceserviceelement", "pk": 165, "fields": {}}, {"model": "service_development.voiceserviceelement", "pk": 166, "fields": {}}, {"model": "service_development.voiceserviceelement", "pk": 167, "fields": {}}, {"model": "service_development.voiceserviceelement", "pk": 168, "fields": {}}, {"model": "service_development.voiceserviceelement", "pk": 169, "fields": {}}, {"model": "service_development.voiceserviceelement", "pk": 170, "fields": {}}, {"model": "service_development.voiceserviceelement", "pk": 175, "fields": {}}, {"model": "service_development.voiceserviceelement", "pk": 178, "fields": {}}, {"model": "service_development.voiceserviceelement", "pk": 179, "fields": {}}, {"model": "service_development.voiceservice", "pk": 1, "fields": {"name": "King's truth checker", "description": "Checks the user's knowledge about the king of the Netherlands", "creation_date": "2017-04-23T19:23:52.392Z", "modification_date": "2017-04-23T23:19:18.069Z", "active": true, "_start_element": 2, "requires_registration": false, "supported_languages": [1, 2, 3]}}, {"model": "service_development.voiceservice", "pk": 4, "fields": {"name": "MobileVet", "description": "MobileVet", "creation_date": "2017-05-05T00:20:22.403Z", "modification_date": "2017-05-05T00:30:32.711Z", "active": true, "_start_element": 130, "requires_registration": false, "supported_languages": [2]}}, {"model": "service_development.choice", "pk": 2, "fields": {}}, {"model": "service_development.choice", "pk": 131, "fields": {}}, {"model": "service_development.choice", "pk": 134, "fields": {}}, {"model": "service_development.choice", "pk": 137, "fields": {}}, {"model": "service_development.choice", "pk": 140, "fields": {}}, {"model": "service_development.choice", "pk": 143, "fields": {}}, {"model": "service_development.choice", "pk": 146, "fields": {}}, {"model": "service_development.choice", "pk": 149, "fields": {}}, {"model": "service_development.choice", "pk": 152, "fields": {}}, {"model": "service_development.choice", "pk": 170, "fields": {}}, {"model": "service_development.choice", "pk": 175, "fields": {}}, {"model": "service_development.choiceoption", "pk": 3, "fields": {"parent": 2, "_redirect": 5}}, {"model": "service_development.choiceoption", "pk": 4, "fields": {"parent": 2, "_redirect": 7}}, {"model": "service_development.choiceoption", "pk": 132, "fields": {"parent": 131, "_redirect": 134}}, {"model": "service_development.choiceoption", "pk": 133, "fields": {"parent": 131, "_redirect": 134}}, {"model": "service_development.choiceoption", "pk": 135, "fields": {"parent": 134, "_redirect": 137}}, {"model": "service_development.choiceoption", "pk": 136, "fields": {"parent": 134, "_redirect": 137}}, {"model": "service_development.choiceoption", "pk": 138, "fields": {"parent": 137, "_redirect": 140}}, {"model": "service_development.choiceoption", "pk": 139, "fields": {"parent": 137, "_redirect": 140}}, {"model": "service_development.choiceoption", "pk": 141, "fields": {"parent": 140, "_redirect": 155}}, {"model": "service_development.choiceoption", "pk": 142, "fields": {"parent": 140, "_redirect": 155}}, {"model": "service_development.choiceoption", "pk": 144, "fields": {"parent": 143, "_redirect": 146}}, {"model": "service_development.choiceoption", "pk": 145, "fields": {"parent": 143, "_redirect": 146}}, {"model": "service_development.choiceoption", "pk": 147, "fields": {"parent": 146, "_redirect": 149}}, {"model": "service_development.choiceoption", "pk": 148, "fields": {"parent": 146, "_redirect": 149}}, {"model": "service_development.choiceoption", "pk": 150, "fields": {"parent": 149, "_redirect": 152}}, {"model": "service_development.choiceoption", "pk": 151, "fields": {"parent": 149, "_redirect": 152}}, {"model": "service_development.choiceoption", "pk": 153, "fields": {"parent": 152, "_redirect": 155}}, {"model": "service_development.choiceoption", "pk": 154, "fields": {"parent": 152, "_redirect": 155}}, {"model": "service_development.choiceoption", "pk": 171, "fields": {"parent": 170, "_redirect": 175}}, {"model": "service_development.choiceoption", "pk": 172, "fields": {"parent": 170, "_redirect": 175}}, {"model": "service_development.choiceoption", "pk": 173, "fields": {"parent": 170, "_redirect": 175}}, {"model": "service_development.choiceoption", "pk": 174, "fields": {"parent": 170, "_redirect": 175}}, {"model": "service_development.choiceoption", "pk": 176, "fields": {"parent": 175, "_redirect": 179}}, {"model": "service_development.choiceoption", "pk": 177, "fields": {"parent": 175, "_redirect": 178}}, {"model": "service_development.messagepresentation", "pk": 5, "fields": {"final_element": false, "diagnosis_element": false, "_redirect": 6}}, {"model": "service_development.messagepresentation", "pk": 6, "fields": {"final_element": true, "diagnosis_element": false, "_redirect": null}}, {"model": "service_development.messagepresentation", "pk": 7, "fields": {"final_element": false, "diagnosis_element": false, "_redirect": 6}}, {"model": "service_development.messagepresentation", "pk": 130, "fields": {"final_element": false, "diagnosis_element": false, "_redirect": 124}}, {"model": "service_development.messagepresentation", "pk": 155, "fields": {"final_element": false, "diagnosis_element": true, "_redirect": 168}}, {"model": "service_development.messagepresentation", "pk": 156, "fields": {"final_element": false, "diagnosis_element": false, "_redirect": 157}}, {"model": "service_development.messagepresentation", "pk": 157, "fields": {"final_element": false, "diagnosis_element": false, "_redirect": 169}}, {"model": "service_development.messagepresentation", "pk": 158, "fields": {"final_element": false, "diagnosis_element": false, "_redirect": 6}}, {"model": "service_development.messagepresentation", "pk": 159, "fields": {"final_element": false, "diagnosis_element": false, "_redirect": 169}}, {"model": "service_development.messagepresentation", "pk": 160, "fields": {"final_element": false, "diagnosis_element": false, "_redirect": 161}}, {"model": "service_development.messagepresentation", "pk": 161, "fields": {"final_element": false, "diagnosis_element": false, "_redirect": 6}}, {"model": "service_development.messagepresentation", "pk": 162, "fields": {"final_element": false, "diagnosis_element": false, "_redirect": 163}}, {"model": "service_development.messagepresentation", "pk": 163, "fields": {"final_element": false, "diagnosis_element": false, "_redirect": 169}}, {"model": "service_development.messagepresentation", "pk": 164, "fields": {"final_element": false, "diagnosis_element": false, "_redirect": 165}}, {"model": "service_development.messagepresentation", "pk": 165, "fields": {"final_element": false, "diagnosis_element": false, "_redirect": 169}}, {"model": "service_development.messagepresentation", "pk": 166, "fields": {"final_element": false, "diagnosis_element": false, "_redirect": 167}}, {"model": "service_development.messagepresentation", "pk": 167, "fields": {"final_element": false, "diagnosis_element": false, "_redirect": 6}}, {"model": "service_development.messagepresentation", "pk": 168, "fields": {"final_element": false, "diagnosis_element": false, "_redirect": 170}}, {"model": "service_development.messagepresentation", "pk": 169, "fields": {"final_element": false, "diagnosis_element": false, "_redirect": 170}}, {"model": "service_development.messagepresentation", "pk": 178, "fields": {"final_element": false, "diagnosis_element": false, "_redirect": 6}}, {"model": "service_development.messagepresentation", "pk": 179, "fields": {"final_element": false, "diagnosis_element": false, "_redirect": 6}}, {"model": "service_development.animal", "pk": 4, "fields": {"name": "Cow", "description": ""}}, {"model": "service_development.animal", "pk": 5, "fields": {"name": "Chicken", "description": ""}}, {"model": "service_development.disease", "pk": 4, "fields": {"name": "Anthrax", "description": "", "related_element": 156}}, {"model": "service_development.disease", "pk": 5, "fields": {"name": "Bloat", "description": "", "related_element": 158}}, {"model": "service_development.disease", "pk": 6, "fields": {"name": "CBPP", "description": "", "related_element": 160}}, {"model": "service_development.disease", "pk": 7, "fields": {"name": "Avian Influenza", "description": "", "related_element": 162}}, {"model": "service_development.disease", "pk": 8, "fields": {"name": "Fowl pox", "description": "", "related_element": 164}}, {"model": "service_development.disease", "pk": 9, "fields": {"name": "Newcastle disease", "description": "", "related_element": 166}}, {"model": "service_development.disease", "pk": 10, "fields": {"name": "Unindentified disease", "description": "", "related_element": 168}}, {"model": "service_development.diseasefragment", "pk": 5, "fields": {"parent": 5, "disease": 7}}, {"model": "service_development.diseasefragment", "pk": 6, "fields": {"parent": 5, "disease": 8}}, {"model": "service_development.diseasefragment", "pk": 7, "fields": {"parent": 5, "disease": 9}}, {"model": "service_development.diseasefragment", "pk": 8, "fields": {"parent": 4, "disease": 4}}, {"model": "service_development.diseasefragment", "pk": 9, "fields": {"parent": 4, "disease": 5}}, {"model": "service_development.diseasefragment", "pk": 10, "fields": {"parent": 4, "disease": 6}}, {"model": "service_development.animalselection", "pk": 127, "fields": {}}, {"model": "service_development.animalselectionoption", "pk": 128, "fields": {"parent": 127, "options": 4, "_redirect_url": 131}}, {"model": "service_development.animalselectionoption", "pk": 129, "fields": {"parent": 127, "options": 5, "_redirect_url": 143}}, {"model": "service_development.region", "pk": 4, "fields": {"name": "Eastern region", "description": "", "voice_label": null}}, {"model": "service_development.region", "pk": 5, "fields": {"name": "Western region", "description": "", "voice_label": null}}, {"model": "service_development.regionselection", "pk": 124, "fields": {"_redirect_url": 127}}, {"model": "service_development.regionselectionoption", "pk": 125, "fields": {"parent": 124, "options": 4}}, {"model": "service_development.regionselectionoption", "pk": 126, "fields": {"parent": 124, "options": 5}}, {"model": "service_development.symptom", "pk": 5, "fields": {"name": "Sudden death signs (cattle)", "description": ""}}, {"model": "service_development.symptom", "pk": 6, "fields": {"name": "Fever signs (cattle)", "description": ""}}, {"model": "service_development.symptom", "pk": 7, "fields": {"name": "Sudden collapse signs (cattle)", "description": ""}}, {"model": "service_development.symptom", "pk": 8, "fields": {"name": "Difficulty breathing signs (cattle)", "description": ""}}, {"model": "service_development.symptom", "pk": 9, "fields": {"name": "Sudden death signs (chicken)", "description": ""}}, {"model": "service_development.symptom", "pk": 10, "fields": {"name": "Difficulty breathing signs (chicken)", "description": ""}}, {"model": "service_development.symptom", "pk": 11, "fields": {"name": "Less eggs signs (chicken)", "description": ""}}, {"model": "service_development.symptom", "pk": 12, "fields": {"name": "Twisted neck signs (chicken)", "description": ""}}, {"model": "service_development.symptomofdisease", "pk": 1, "fields": {"disease": 4, "symptom": 5, "element_of_symptom": 131}}, {"model": "service_development.symptomofdisease", "pk": 2, "fields": {"disease": 4, "symptom": 6, "element_of_symptom": 134}}, {"model": "service_development.symptomofdisease", "pk": 3, "fields": {"disease": 4, "symptom": 8, "element_of_symptom": 140}}, {"model": "service_development.symptomofdisease", "pk": 4, "fields": {"disease": 5, "symptom": 7, "element_of_symptom": 137}}, {"model": "service_development.symptomofdisease", "pk": 5, "fields": {"disease": 5, "symptom": 8, "element_of_symptom": 140}}, {"model": "service_development.symptomofdisease", "pk": 6, "fields": {"disease": 6, "symptom": 6, "element_of_symptom": 134}}, {"model": "service_development.symptomofdisease", "pk": 7, "fields": {"disease": 6, "symptom": 8, "element_of_symptom": 140}}, {"model": "service_development.symptomofdisease", "pk": 8, "fields": {"disease": 7, "symptom": 9, "element_of_symptom": 143}}, {"model": "service_development.symptomofdisease", "pk": 9, "fields": {"disease": 7, "symptom": 11, "element_of_symptom": 149}}, {"model": "service_development.symptomofdisease", "pk": 10, "fields": {"disease": 8, "symptom": 10, "element_of_symptom": 146}}, {"model": "service_development.symptomofdisease", "pk": 11, "fields": {"disease": 8, "symptom": 12, "element_of_symptom": 152}}, {"model": "service_development.symptomofdisease", "pk": 12, "fields": {"disease": 9, "symptom": 9, "element_of_symptom": 143}}, {"model": "service_development.symptomofdisease", "pk": 13, "fields": {"disease": 9, "symptom": 12, "element_of_symptom": 152}}, {"model": "contenttypes.contenttype", "pk": 57, "fields": {"app_label": "service_development", "model": "voicelabel"}}, {"model": "contenttypes.contenttype", "pk": 58, "fields": {"app_label": "service_development", "model": "language"}}, {"model": "contenttypes.contenttype", "pk": 59, "fields": {"app_label": "service_development", "model": "voicefragment"}}, {"model": "contenttypes.contenttype", "pk": 60, "fields": {"app_label": "service_development", "model": "voiceservicesubelement"}}, {"model": "contenttypes.contenttype", "pk": 61, "fields": {"app_label": "service_development", "model": "voiceserviceelement"}}, {"model": "contenttypes.contenttype", "pk": 62, "fields": {"app_label": "service_development", "model": "voiceservice"}}, {"model": "contenttypes.contenttype", "pk": 63, "fields": {"app_label": "service_development", "model": "kasadakauser"}}, {"model": "contenttypes.contenttype", "pk": 64, "fields": {"app_label": "service_development", "model": "callsession"}}, {"model": "contenttypes.contenttype", "pk": 65, "fields": {"app_label": "service_development", "model": "callsessionstep"}}, {"model": "contenttypes.contenttype", "pk": 66, "fields": {"app_label": "service_development", "model": "callanswerlist"}}, {"model": "contenttypes.contenttype", "pk": 67, "fields": {"app_label": "service_development", "model": "choice"}}, {"model": "contenttypes.contenttype", "pk": 68, "fields": {"app_label": "service_development", "model": "choiceoption"}}, {"model": "contenttypes.contenttype", "pk": 69, "fields": {"app_label": "service_development", "model": "messagepresentation"}}, {"model": "contenttypes.contenttype", "pk": 70, "fields": {"app_label": "service_development", "model": "animal"}}, {"model": "contenttypes.contenttype", "pk": 71, "fields": {"app_label": "service_development", "model": "disease"}}, {"model": "contenttypes.contenttype", "pk": 72, "fields": {"app_label": "service_development", "model": "diseasefragment"}}, {"model": "contenttypes.contenttype", "pk": 73, "fields": {"app_label": "service_development", "model": "animalselection"}}, {"model": "contenttypes.contenttype", "pk": 74, "fields": {"app_label": "service_development", "model": "animalselectionoption"}}, {"model": "contenttypes.contenttype", "pk": 75, "fields": {"app_label": "service_development", "model": "region"}}, {"model": "contenttypes.contenttype", "pk": 76, "fields": {"app_label": "service_development", "model": "regionselection"}}, {"model": "contenttypes.contenttype", "pk": 77, "fields": {"app_label": "service_development", "model": "regionselectionoption"}}, {"model": "contenttypes.contenttype", "pk": 78, "fields": {"app_label": "service_development", "model": "symptom"}}, {"model": "contenttypes.contenttype", "pk": 79, "fields": {"app_label": "service_development", "model": "symptomofdisease"}}, {"model": "contenttypes.contenttype", "pk": 80, "fields": {"app_label": "admin", "model": "logentry"}}, {"model": "contenttypes.contenttype", "pk": 81, "fields": {"app_label": "auth", "model": "permission"}}, {"model": "contenttypes.contenttype", "pk": 82, "fields": {"app_label": "auth", "model": "group"}}, {"model": "contenttypes.contenttype", "pk": 83, "fields": {"app_label": "auth", "model": "user"}}, {"model": "contenttypes.contenttype", "pk": 84, "fields": {"app_label": "contenttypes", "model": "contenttype"}}, {"model": "contenttypes.contenttype", "pk": 85, "fields": {"app_label": "sessions", "model": "session"}}, {"model": "sessions.session", "pk": "20kxdz2wj1baxqhg5298zs23z6vj1nda", "fields": {"session_data": "MWUxZTc2NWJlNWRiZWZjN2IxOTExMjc5ODkxNjgxZGI5NThkM2Q0ZTp7Il9hdXRoX3VzZXJfaWQiOiIzIiwiX2F1dGhfdXNlcl9iYWNrZW5kIjoiZGphbmdvLmNvbnRyaWIuYXV0aC5iYWNrZW5kcy5Nb2RlbEJhY2tlbmQiLCJfYXV0aF91c2VyX2hhc2giOiI5ZWQwYzcwODg2YWMwZTMxMWZhZDVjMmE0MGRmNDI2NzIxOGU5ZGZlIn0=", "expire_date": "2017-05-19T00:52:32.895Z"}}, {"model": "sessions.session", "pk": "bk6ibou4ngtlcmda69kwj1avhvwvlpgq", "fields": {"session_data": "MWUxZTc2NWJlNWRiZWZjN2IxOTExMjc5ODkxNjgxZGI5NThkM2Q0ZTp7Il9hdXRoX3VzZXJfaWQiOiIzIiwiX2F1dGhfdXNlcl9iYWNrZW5kIjoiZGphbmdvLmNvbnRyaWIuYXV0aC5iYWNrZW5kcy5Nb2RlbEJhY2tlbmQiLCJfYXV0aF91c2VyX2hhc2giOiI5ZWQwYzcwODg2YWMwZTMxMWZhZDVjMmE0MGRmNDI2NzIxOGU5ZGZlIn0=", "expire_date": "2017-05-19T00:19:32.973Z"}}, {"model": "auth.permission", "pk": 169, "fields": {"name": "Can add voice label", "content_type": 57, "codename": "add_voicelabel"}}, {"model": "auth.permission", "pk": 170, "fields": {"name": "Can change voice label", "content_type": 57, "codename": "change_voicelabel"}}, {"model": "auth.permission", "pk": 171, "fields": {"name": "Can delete voice label", "content_type": 57, "codename": "delete_voicelabel"}}, {"model": "auth.permission", "pk": 172, "fields": {"name": "Can add language", "content_type": 58, "codename": "add_language"}}, {"model": "auth.permission", "pk": 173, "fields": {"name": "Can change language", "content_type": 58, "codename": "change_language"}}, {"model": "auth.permission", "pk": 174, "fields": {"name": "Can delete language", "content_type": 58, "codename": "delete_language"}}, {"model": "auth.permission", "pk": 175, "fields": {"name": "Can add voice fragment", "content_type": 59, "codename": "add_voicefragment"}}, {"model": "auth.permission", "pk": 176, "fields": {"name": "Can change voice fragment", "content_type": 59, "codename": "change_voicefragment"}}, {"model": "auth.permission", "pk": 177, "fields": {"name": "Can delete voice fragment", "content_type": 59, "codename": "delete_voicefragment"}}, {"model": "auth.permission", "pk": 178, "fields": {"name": "Can add voice service sub element", "content_type": 60, "codename": "add_voiceservicesubelement"}}, {"model": "auth.permission", "pk": 179, "fields": {"name": "Can change voice service sub element", "content_type": 60, "codename": "change_voiceservicesubelement"}}, {"model": "auth.permission", "pk": 180, "fields": {"name": "Can delete voice service sub element", "content_type": 60, "codename": "delete_voiceservicesubelement"}}, {"model": "auth.permission", "pk": 181, "fields": {"name": "Can add voice service element", "content_type": 61, "codename": "add_voiceserviceelement"}}, {"model": "auth.permission", "pk": 182, "fields": {"name": "Can change voice service element", "content_type": 61, "codename": "change_voiceserviceelement"}}, {"model": "auth.permission", "pk": 183, "fields": {"name": "Can delete voice service element", "content_type": 61, "codename": "delete_voiceserviceelement"}}, {"model": "auth.permission", "pk": 184, "fields": {"name": "Can add voice service", "content_type": 62, "codename": "add_voiceservice"}}, {"model": "auth.permission", "pk": 185, "fields": {"name": "Can change voice service", "content_type": 62, "codename": "change_voiceservice"}}, {"model": "auth.permission", "pk": 186, "fields": {"name": "Can delete voice service", "content_type": 62, "codename": "delete_voiceservice"}}, {"model": "auth.permission", "pk": 187, "fields": {"name": "Can add kasa daka user", "content_type": 63, "codename": "add_kasadakauser"}}, {"model": "auth.permission", "pk": 188, "fields": {"name": "Can change kasa daka user", "content_type": 63, "codename": "change_kasadakauser"}}, {"model": "auth.permission", "pk": 189, "fields": {"name": "Can delete kasa daka user", "content_type": 63, "codename": "delete_kasadakauser"}}, {"model": "auth.permission", "pk": 190, "fields": {"name": "Can add call session", "content_type": 64, "codename": "add_callsession"}}, {"model": "auth.permission", "pk": 191, "fields": {"name": "Can change call session", "content_type": 64, "codename": "change_callsession"}}, {"model": "auth.permission", "pk": 192, "fields": {"name": "Can delete call session", "content_type": 64, "codename": "delete_callsession"}}, {"model": "auth.permission", "pk": 193, "fields": {"name": "Can add call session step", "content_type": 65, "codename": "add_callsessionstep"}}, {"model": "auth.permission", "pk": 194, "fields": {"name": "Can change call session step", "content_type": 65, "codename": "change_callsessionstep"}}, {"model": "auth.permission", "pk": 195, "fields": {"name": "Can delete call session step", "content_type": 65, "codename": "delete_callsessionstep"}}, {"model": "auth.permission", "pk": 196, "fields": {"name": "Can add call answer list", "content_type": 66, "codename": "add_callanswerlist"}}, {"model": "auth.permission", "pk": 197, "fields": {"name": "Can change call answer list", "content_type": 66, "codename": "change_callanswerlist"}}, {"model": "auth.permission", "pk": 198, "fields": {"name": "Can delete call answer list", "content_type": 66, "codename": "delete_callanswerlist"}}, {"model": "auth.permission", "pk": 199, "fields": {"name": "Can add choice", "content_type": 67, "codename": "add_choice"}}, {"model": "auth.permission", "pk": 200, "fields": {"name": "Can change choice", "content_type": 67, "codename": "change_choice"}}, {"model": "auth.permission", "pk": 201, "fields": {"name": "Can delete choice", "content_type": 67, "codename": "delete_choice"}}, {"model": "auth.permission", "pk": 202, "fields": {"name": "Can add choice option", "content_type": 68, "codename": "add_choiceoption"}}, {"model": "auth.permission", "pk": 203, "fields": {"name": "Can change choice option", "content_type": 68, "codename": "change_choiceoption"}}, {"model": "auth.permission", "pk": 204, "fields": {"name": "Can delete choice option", "content_type": 68, "codename": "delete_choiceoption"}}, {"model": "auth.permission", "pk": 205, "fields": {"name": "Can add message presentation", "content_type": 69, "codename": "add_messagepresentation"}}, {"model": "auth.permission", "pk": 206, "fields": {"name": "Can change message presentation", "content_type": 69, "codename": "change_messagepresentation"}}, {"model": "auth.permission", "pk": 207, "fields": {"name": "Can delete message presentation", "content_type": 69, "codename": "delete_messagepresentation"}}, {"model": "auth.permission", "pk": 208, "fields": {"name": "Can add animal", "content_type": 70, "codename": "add_animal"}}, {"model": "auth.permission", "pk": 209, "fields": {"name": "Can change animal", "content_type": 70, "codename": "change_animal"}}, {"model": "auth.permission", "pk": 210, "fields": {"name": "Can delete animal", "content_type": 70, "codename": "delete_animal"}}, {"model": "auth.permission", "pk": 211, "fields": {"name": "Can add disease", "content_type": 71, "codename": "add_disease"}}, {"model": "auth.permission", "pk": 212, "fields": {"name": "Can change disease", "content_type": 71, "codename": "change_disease"}}, {"model": "auth.permission", "pk": 213, "fields": {"name": "Can delete disease", "content_type": 71, "codename": "delete_disease"}}, {"model": "auth.permission", "pk": 214, "fields": {"name": "Can add disease fragment", "content_type": 72, "codename": "add_diseasefragment"}}, {"model": "auth.permission", "pk": 215, "fields": {"name": "Can change disease fragment", "content_type": 72, "codename": "change_diseasefragment"}}, {"model": "auth.permission", "pk": 216, "fields": {"name": "Can delete disease fragment", "content_type": 72, "codename": "delete_diseasefragment"}}, {"model": "auth.permission", "pk": 217, "fields": {"name": "Can add animal selection", "content_type": 73, "codename": "add_animalselection"}}, {"model": "auth.permission", "pk": 218, "fields": {"name": "Can change animal selection", "content_type": 73, "codename": "change_animalselection"}}, {"model": "auth.permission", "pk": 219, "fields": {"name": "Can delete animal selection", "content_type": 73, "codename": "delete_animalselection"}}, {"model": "auth.permission", "pk": 220, "fields": {"name": "Can add animal selection option", "content_type": 74, "codename": "add_animalselectionoption"}}, {"model": "auth.permission", "pk": 221, "fields": {"name": "Can change animal selection option", "content_type": 74, "codename": "change_animalselectionoption"}}, {"model": "auth.permission", "pk": 222, "fields": {"name": "Can delete animal selection option", "content_type": 74, "codename": "delete_animalselectionoption"}}, {"model": "auth.permission", "pk": 223, "fields": {"name": "Can add region", "content_type": 75, "codename": "add_region"}}, {"model": "auth.permission", "pk": 224, "fields": {"name": "Can change region", "content_type": 75, "codename": "change_region"}}, {"model": "auth.permission", "pk": 225, "fields": {"name": "Can delete region", "content_type": 75, "codename": "delete_region"}}, {"model": "auth.permission", "pk": 226, "fields": {"name": "Can add region selection", "content_type": 76, "codename": "add_regionselection"}}, {"model": "auth.permission", "pk": 227, "fields": {"name": "Can change region selection", "content_type": 76, "codename": "change_regionselection"}}, {"model": "auth.permission", "pk": 228, "fields": {"name": "Can delete region selection", "content_type": 76, "codename": "delete_regionselection"}}, {"model": "auth.permission", "pk": 229, "fields": {"name": "Can add region selection option", "content_type": 77, "codename": "add_regionselectionoption"}}, {"model": "auth.permission", "pk": 230, "fields": {"name": "Can change region selection option", "content_type": 77, "codename": "change_regionselectionoption"}}, {"model": "auth.permission", "pk": 231, "fields": {"name": "Can delete region selection option", "content_type": 77, "codename": "delete_regionselectionoption"}}, {"model": "auth.permission", "pk": 232, "fields": {"name": "Can add symptom", "content_type": 78, "codename": "add_symptom"}}, {"model": "auth.permission", "pk": 233, "fields": {"name": "Can change symptom", "content_type": 78, "codename": "change_symptom"}}, {"model": "auth.permission", "pk": 234, "fields": {"name": "Can delete symptom", "content_type": 78, "codename": "delete_symptom"}}, {"model": "auth.permission", "pk": 235, "fields": {"name": "Can add symptom of disease", "content_type": 79, "codename": "add_symptomofdisease"}}, {"model": "auth.permission", "pk": 236, "fields": {"name": "Can change symptom of disease", "content_type": 79, "codename": "change_symptomofdisease"}}, {"model": "auth.permission", "pk": 237, "fields": {"name": "Can delete symptom of disease", "content_type": 79, "codename": "delete_symptomofdisease"}}, {"model": "auth.permission", "pk": 238, "fields": {"name": "Can add log entry", "content_type": 80, "codename": "add_logentry"}}, {"model": "auth.permission", "pk": 239, "fields": {"name": "Can change log entry", "content_type": 80, "codename": "change_logentry"}}, {"model": "auth.permission", "pk": 240, "fields": {"name": "Can delete log entry", "content_type": 80, "codename": "delete_logentry"}}, {"model": "auth.permission", "pk": 241, "fields": {"name": "Can add permission", "content_type": 81, "codename": "add_permission"}}, {"model": "auth.permission", "pk": 242, "fields": {"name": "Can change permission", "content_type": 81, "codename": "change_permission"}}, {"model": "auth.permission", "pk": 243, "fields": {"name": "Can delete permission", "content_type": 81, "codename": "delete_permission"}}, {"model": "auth.permission", "pk": 244, "fields": {"name": "Can add group", "content_type": 82, "codename": "add_group"}}, {"model": "auth.permission", "pk": 245, "fields": {"name": "Can change group", "content_type": 82, "codename": "change_group"}}, {"model": "auth.permission", "pk": 246, "fields": {"name": "Can delete group", "content_type": 82, "codename": "delete_group"}}, {"model": "auth.permission", "pk": 247, "fields": {"name": "Can add user", "content_type": 83, "codename": "add_user"}}, {"model": "auth.permission", "pk": 248, "fields": {"name": "Can change user", "content_type": 83, "codename": "change_user"}}, {"model": "auth.permission", "pk": 249, "fields": {"name": "Can delete user", "content_type": 83, "codename": "delete_user"}}, {"model": "auth.permission", "pk": 250, "fields": {"name": "Can add content type", "content_type": 84, "codename": "add_contenttype"}}, {"model": "auth.permission", "pk": 251, "fields": {"name": "Can change content type", "content_type": 84, "codename": "change_contenttype"}}, {"model": "auth.permission", "pk": 252, "fields": {"name": "Can delete content type", "content_type": 84, "codename": "delete_contenttype"}}, {"model": "auth.permission", "pk": 253, "fields": {"name": "Can add session", "content_type": 85, "codename": "add_session"}}, {"model": "auth.permission", "pk": 254, "fields": {"name": "Can change session", "content_type": 85, "codename": "change_session"}}, {"model": "auth.permission", "pk": 255, "fields": {"name": "Can delete session", "content_type": 85, "codename": "delete_session"}}, {"model": "auth.user", "pk": 3, "fields": {"password": "pbkdf2_sha256$30000$5nzXZpStr0i6$IhuxM4OODhPbgGpTK5UYxAmSW2p6yXJUrhyOYtlojoQ=", "last_login": "2017-05-05T00:52:32.808Z", "is_superuser": true, "username": "group3", "first_name": "", "last_name": "", "email": "farida.nurcahyani@gmail.com", "is_staff": true, "is_active": true, "date_joined": "2017-05-05T00:17:23.648Z", "groups": [], "user_permissions": []}}, {"model": "admin.logentry", "pk": 314, "fields": {"action_time": "2017-05-05T00:20:22.408Z", "user": 3, "content_type": 62, "object_id": "4", "object_repr": "Voice Service: MobileVet", "action_flag": 1, "change_message": "[{\"added\": {}}]"}}, {"model": "admin.logentry", "pk": 315, "fields": {"action_time": "2017-05-05T00:21:25.486Z", "user": 3, "content_type": 57, "object_id": "131", "object_repr": "Voice Label: Select region", "action_flag": 1, "change_message": "[{\"added\": {}}, {\"added\": {\"name\": \"voice fragment\", \"object\": \"Voice Fragment: (English) Select region\"}}]"}}, {"model": "admin.logentry", "pk": 316, "fields": {"action_time": "2017-05-05T00:22:23.409Z", "user": 3, "content_type": 57, "object_id": "132", "object_repr": "Voice Label: Eastern", "action_flag": 1, "change_message": "[{\"added\": {}}, {\"added\": {\"name\": \"voice fragment\", \"object\": \"Voice Fragment: (English) Eastern\"}}]"}}, {"model": "admin.logentry", "pk": 317, "fields": {"action_time": "2017-05-05T00:22:42.179Z", "user": 3, "content_type": 57, "object_id": "133", "object_repr": "Voice Label: Western", "action_flag": 1, "change_message": "[{\"added\": {}}, {\"added\": {\"name\": \"voice fragment\", \"object\": \"Voice Fragment: (English) Western\"}}]"}}, {"model": "admin.logentry", "pk": 318, "fields": {"action_time": "2017-05-05T00:23:25.015Z", "user": 3, "content_type": 75, "object_id": "4", "object_repr": "Eastern region", "action_flag": 1, "change_message": "[{\"added\": {}}]"}}, {"model": "admin.logentry", "pk": 319, "fields": {"action_time": "2017-05-05T00:23:35.024Z", "user": 3, "content_type": 75, "object_id": "5", "object_repr": "Western region", "action_flag": 1, "change_message": "[{\"added\": {}}]"}}, {"model": "admin.logentry", "pk": 320, "fields": {"action_time": "2017-05-05T00:23:39.317Z", "user": 3, "content_type": 76, "object_id": "124", "object_repr": "Select region", "action_flag": 1, "change_message": "[{\"added\": {}}, {\"added\": {\"name\": \"region selection option\", \"object\": \"Region Selection Option: (Eastern region) Select region\"}}, {\"added\": {\"name\": \"region selection option\", \"object\": \"Region Selection Option: (Western region) Select region\"}}]"}}, {"model": "admin.logentry", "pk": 321, "fields": {"action_time": "2017-05-05T00:23:50.919Z", "user": 3, "content_type": 75, "object_id": "5", "object_repr": "Western region", "action_flag": 2, "change_message": "[]"}}, {"model": "admin.logentry", "pk": 322, "fields": {"action_time": "2017-05-05T00:26:53.047Z", "user": 3, "content_type": 57, "object_id": "134", "object_repr": "Voice Label: Select animal", "action_flag": 1, "change_message": "[{\"added\": {}}, {\"added\": {\"name\": \"voice fragment\", \"object\": \"Voice Fragment: (English) Select animal\"}}]"}}, {"model": "admin.logentry", "pk": 323, "fields": {"action_time": "2017-05-05T00:27:57.268Z", "user": 3, "content_type": 57, "object_id": "135", "object_repr": "Voice Label: Cow", "action_flag": 1, "change_message": "[{\"added\": {}}, {\"added\": {\"name\": \"voice fragment\", \"object\": \"Voice Fragment: (English) Cow\"}}]"}}, {"model": "admin.logentry", "pk": 324, "fields": {"action_time": "2017-05-05T00:28:11.051Z", "user": 3, "content_type": 70, "object_id": "4", "object_repr": "Cow", "action_flag": 1, "change_message": "[{\"added\": {}}]"}}, {"model": "admin.logentry", "pk": 325, "fields": {"action_time": "2017-05-05T00:28:35.096Z", "user": 3, "content_type": 57, "object_id": "136", "object_repr": "Voice Label: Chicken", "action_flag": 1, "change_message": "[{\"added\": {}}, {\"added\": {\"name\": \"voice fragment\", \"object\": \"Voice Fragment: (English) Chicken\"}}]"}}, {"model": "admin.logentry", "pk": 326, "fields": {"action_time": "2017-05-05T00:28:48.343Z", "user": 3, "content_type": 70, "object_id": "5", "object_repr": "Chicken", "action_flag": 1, "change_message": "[{\"added\": {}}]"}}, {"model": "admin.logentry", "pk": 327, "fields": {"action_time": "2017-05-05T00:29:13.549Z", "user": 3, "content_type": 73, "object_id": "127", "object_repr": "Select animal", "action_flag": 1, "change_message": "[{\"added\": {}}, {\"added\": {\"name\": \"animal selection option\", \"object\": \"Animal Selection Option: (Cow) Select animal\"}}, {\"added\": {\"name\": \"animal selection option\", \"object\": \"Animal Selection Option: (Chicken) Select animal\"}}]"}}, {"model": "admin.logentry", "pk": 328, "fields": {"action_time": "2017-05-05T00:30:03.909Z", "user": 3, "content_type": 57, "object_id": "137", "object_repr": "Voice Label: Welcome to MobileVet", "action_flag": 1, "change_message": "[{\"added\": {}}, {\"added\": {\"name\": \"voice fragment\", \"object\": \"Voice Fragment: (English) Welcome to MobileVet\"}}]"}}, {"model": "admin.logentry", "pk": 329, "fields": {"action_time": "2017-05-05T00:30:16.988Z", "user": 3, "content_type": 69, "object_id": "130", "object_repr": "Message: Welcome to MobileVet", "action_flag": 1, "change_message": "[{\"added\": {}}]"}}, {"model": "admin.logentry", "pk": 330, "fields": {"action_time": "2017-05-05T00:30:32.715Z", "user": 3, "content_type": 62, "object_id": "4", "object_repr": "Voice Service: MobileVet", "action_flag": 2, "change_message": "[{\"changed\": {\"fields\": [\"_start_element\"]}}]"}}, {"model": "admin.logentry", "pk": 331, "fields": {"action_time": "2017-05-05T00:30:53.922Z", "user": 3, "content_type": 76, "object_id": "124", "object_repr": "Select region", "action_flag": 2, "change_message": "[{\"changed\": {\"fields\": [\"_redirect_url\"]}}]"}}, {"model": "admin.logentry", "pk": 332, "fields": {"action_time": "2017-05-05T00:31:47.305Z", "user": 3, "content_type": 78, "object_id": "5", "object_repr": "Sudden death signs (cattle)", "action_flag": 1, "change_message": "[{\"added\": {}}]"}}, {"model": "admin.logentry", "pk": 333, "fields": {"action_time": "2017-05-05T00:31:57.209Z", "user": 3, "content_type": 78, "object_id": "6", "object_repr": "Fever signs (cattle)", "action_flag": 1, "change_message": "[{\"added\": {}}]"}}, {"model": "admin.logentry", "pk": 334, "fields": {"action_time": "2017-05-05T00:32:03.013Z", "user": 3, "content_type": 78, "object_id": "7", "object_repr": "Sudden collapse signs (cattle)", "action_flag": 1, "change_message": "[{\"added\": {}}]"}}, {"model": "admin.logentry", "pk": 335, "fields": {"action_time": "2017-05-05T00:32:08.266Z", "user": 3, "content_type": 78, "object_id": "8", "object_repr": "Difficulty breathing signs (cattle)", "action_flag": 1, "change_message": "[{\"added\": {}}]"}}, {"model": "admin.logentry", "pk": 336, "fields": {"action_time": "2017-05-05T00:32:13.285Z", "user": 3, "content_type": 78, "object_id": "9", "object_repr": "Sudden death signs (chicken)", "action_flag": 1, "change_message": "[{\"added\": {}}]"}}, {"model": "admin.logentry", "pk": 337, "fields": {"action_time": "2017-05-05T00:32:21.798Z", "user": 3, "content_type": 78, "object_id": "10", "object_repr": "Difficulty breathing signs (chicken)", "action_flag": 1, "change_message": "[{\"added\": {}}]"}}, {"model": "admin.logentry", "pk": 338, "fields": {"action_time": "2017-05-05T00:32:27.193Z", "user": 3, "content_type": 78, "object_id": "11", "object_repr": "Less eggs signs (chicken)", "action_flag": 1, "change_message": "[{\"added\": {}}]"}}, {"model": "admin.logentry", "pk": 339, "fields": {"action_time": "2017-05-05T00:32:42.555Z", "user": 3, "content_type": 78, "object_id": "12", "object_repr": "Twisted neck signs (chicken)", "action_flag": 1, "change_message": "[{\"added\": {}}]"}}, {"model": "admin.logentry", "pk": 340, "fields": {"action_time": "2017-05-05T00:34:13.595Z", "user": 3, "content_type": 71, "object_id": "4", "object_repr": "Anthrax", "action_flag": 1, "change_message": "[{\"added\": {}}, {\"added\": {\"name\": \"symptom of disease\", \"object\": \"Symptom Of Disease: (Anthrax) Sudden death signs (cattle)\"}}, {\"added\": {\"name\": \"symptom of disease\", \"object\": \"Symptom Of Disease: (Anthrax) Fever signs (cattle)\"}}, {\"added\": {\"name\": \"symptom of disease\", \"object\": \"Symptom Of Disease: (Anthrax) Difficulty breathing signs (cattle)\"}}]"}}, {"model": "admin.logentry", "pk": 341, "fields": {"action_time": "2017-05-05T00:34:35.978Z", "user": 3, "content_type": 71, "object_id": "5", "object_repr": "Bloat", "action_flag": 1, "change_message": "[{\"added\": {}}, {\"added\": {\"name\": \"symptom of disease\", \"object\": \"Symptom Of Disease: (Bloat) Sudden collapse signs (cattle)\"}}, {\"added\": {\"name\": \"symptom of disease\", \"object\": \"Symptom Of Disease: (Bloat) Difficulty breathing signs (cattle)\"}}]"}}, {"model": "admin.logentry", "pk": 342, "fields": {"action_time": "2017-05-05T00:35:11.810Z", "user": 3, "content_type": 71, "object_id": "6", "object_repr": "CBPP", "action_flag": 1, "change_message": "[{\"added\": {}}, {\"added\": {\"name\": \"symptom of disease\", \"object\": \"Symptom Of Disease: (CBPP) Fever signs (cattle)\"}}, {\"added\": {\"name\": \"symptom of disease\", \"object\": \"Symptom Of Disease: (CBPP) Difficulty breathing signs (cattle)\"}}]"}}, {"model": "admin.logentry", "pk": 343, "fields": {"action_time": "2017-05-05T00:35:35.523Z", "user": 3, "content_type": 71, "object_id": "7", "object_repr": "Avian Influenza", "action_flag": 1, "change_message": "[{\"added\": {}}, {\"added\": {\"name\": \"symptom of disease\", \"object\": \"Symptom Of Disease: (Avian Influenza) Sudden death signs (chicken)\"}}, {\"added\": {\"name\": \"symptom of disease\", \"object\": \"Symptom Of Disease: (Avian Influenza) Less eggs signs (chicken)\"}}]"}}, {"model": "admin.logentry", "pk": 344, "fields": {"action_time": "2017-05-05T00:36:24.763Z", "user": 3, "content_type": 71, "object_id": "8", "object_repr": "Fowl pox", "action_flag": 1, "change_message": "[{\"added\": {}}, {\"added\": {\"name\": \"symptom of disease\", \"object\": \"Symptom Of Disease: (Fowl pox) Difficulty breathing signs (chicken)\"}}, {\"added\": {\"name\": \"symptom of disease\", \"object\": \"Symptom Of Disease: (Fowl pox) Twisted neck signs (chicken)\"}}]"}}, {"model": "admin.logentry", "pk": 345, "fields": {"action_time": "2017-05-05T00:36:57.328Z", "user": 3, "content_type": 71, "object_id": "9", "object_repr": "Newcastle disease", "action_flag": 1, "change_message": "[{\"added\": {}}, {\"added\": {\"name\": \"symptom of disease\", \"object\": \"Symptom Of Disease: (Newcastle disease) Sudden death signs (chicken)\"}}, {\"added\": {\"name\": \"symptom of disease\", \"object\": \"Symptom Of Disease: (Newcastle disease) Twisted neck signs (chicken)\"}}]"}}, {"model": "admin.logentry", "pk": 346, "fields": {"action_time": "2017-05-05T00:39:27.913Z", "user": 3, "content_type": 57, "object_id": "138", "object_repr": "Voice Label: Sudden death signs (cattle)", "action_flag": 1, "change_message": "[{\"added\": {}}, {\"added\": {\"name\": \"voice fragment\", \"object\": \"Voice Fragment: (English) Sudden death signs (cattle)\"}}]"}}, {"model": "admin.logentry", "pk": 347, "fields": {"action_time": "2017-05-05T00:40:55.069Z", "user": 3, "content_type": 67, "object_id": "131", "object_repr": "Sudden death signs (cattle)", "action_flag": 1, "change_message": "[{\"added\": {}}, {\"added\": {\"name\": \"choice option\", \"object\": \"(Sudden death signs (cattle)): Sudden death signs (cattle) -Yes\"}}, {\"added\": {\"name\": \"choice option\", \"object\": \"(Sudden death signs (cattle)): Sudden death signs (cattle) - No\"}}]"}}, {"model": "admin.logentry", "pk": 348, "fields": {"action_time": "2017-05-05T00:42:35.007Z", "user": 3, "content_type": 57, "object_id": "139", "object_repr": "Voice Label: Fever signs (cattle)", "action_flag": 1, "change_message": "[{\"added\": {}}, {\"added\": {\"name\": \"voice fragment\", \"object\": \"Voice Fragment: (English) Fever signs (cattle)\"}}]"}}, {"model": "admin.logentry", "pk": 349, "fields": {"action_time": "2017-05-05T00:42:59.768Z", "user": 3, "content_type": 67, "object_id": "134", "object_repr": "Fever signs (cattle)", "action_flag": 1, "change_message": "[{\"added\": {}}, {\"added\": {\"name\": \"choice option\", \"object\": \"(Fever signs (cattle)): Fever signs (cattle) - Yes\"}}, {\"added\": {\"name\": \"choice option\", \"object\": \"(Fever signs (cattle)): Fever signs (cattle) - No\"}}]"}}, {"model": "admin.logentry", "pk": 350, "fields": {"action_time": "2017-05-05T00:43:42.640Z", "user": 3, "content_type": 57, "object_id": "140", "object_repr": "Voice Label: Sudden collapse signs (cattle)", "action_flag": 1, "change_message": "[{\"added\": {}}, {\"added\": {\"name\": \"voice fragment\", \"object\": \"Voice Fragment: (English) Sudden collapse signs (cattle)\"}}]"}}, {"model": "admin.logentry", "pk": 351, "fields": {"action_time": "2017-05-05T00:44:07.722Z", "user": 3, "content_type": 67, "object_id": "137", "object_repr": "Sudden collapse signs (cattle)", "action_flag": 1, "change_message": "[{\"added\": {}}, {\"added\": {\"name\": \"choice option\", \"object\": \"(Sudden collapse signs (cattle)): Sudden collapse signs (cattle) - Yes\"}}, {\"added\": {\"name\": \"choice option\", \"object\": \"(Sudden collapse signs (cattle)): Sudden collapse signs (cattle) - No\"}}]"}}, {"model": "admin.logentry", "pk": 352, "fields": {"action_time": "2017-05-05T00:44:29.936Z", "user": 3, "content_type": 57, "object_id": "141", "object_repr": "Voice Label: Difficulty breathing signs (cattle)", "action_flag": 1, "change_message": "[{\"added\": {}}, {\"added\": {\"name\": \"voice fragment\", \"object\": \"Voice Fragment: (English) Difficulty breathing signs (cattle)\"}}]"}}, {"model": "admin.logentry", "pk": 353, "fields": {"action_time": "2017-05-05T00:44:47.725Z", "user": 3, "content_type": 67, "object_id": "140", "object_repr": "Difficulty breathing signs (cattle)", "action_flag": 1, "change_message": "[{\"added\": {}}, {\"added\": {\"name\": \"choice option\", \"object\": \"(Difficulty breathing signs (cattle)): Difficulty breathing signs (cattle) - Yes\"}}, {\"added\": {\"name\": \"choice option\", \"object\": \"(Difficulty breathing signs (cattle)): Difficulty breathing signs (cattle) - No\"}}]"}}, {"model": "admin.logentry", "pk": 354, "fields": {"action_time": "2017-05-05T00:45:36.635Z", "user": 3, "content_type": 67, "object_id": "143", "object_repr": "Sudden death signs (chicken)", "action_flag": 1, "change_message": "[{\"added\": {}}, {\"added\": {\"name\": \"choice option\", \"object\": \"(Sudden death signs (chicken)): Sudden death signs (chicken) - Yes\"}}, {\"added\": {\"name\": \"choice option\", \"object\": \"(Sudden death signs (chicken)): Sudden death signs (chicken) - No\"}}]"}}, {"model": "admin.logentry", "pk": 355, "fields": {"action_time": "2017-05-05T00:46:09.168Z", "user": 3, "content_type": 67, "object_id": "146", "object_repr": "Difficulty breathing signs (chicken)", "action_flag": 1, "change_message": "[{\"added\": {}}, {\"added\": {\"name\": \"choice option\", \"object\": \"(Difficulty breathing signs (chicken)): Difficulty breathing signs (chicken) - Yes\"}}, {\"added\": {\"name\": \"choice option\", \"object\": \"(Difficulty breathing signs (chicken)): Difficulty breathing signs (chicken) - No\"}}]"}}, {"model": "admin.logentry", "pk": 356, "fields": {"action_time": "2017-05-05T00:46:41.435Z", "user": 3, "content_type": 57, "object_id": "142", "object_repr": "Voice Label: Less eggs signs (chicken)", "action_flag": 1, "change_message": "[{\"added\": {}}, {\"added\": {\"name\": \"voice fragment\", \"object\": \"Voice Fragment: (English) Less eggs signs (chicken)\"}}]"}}, {"model": "admin.logentry", "pk": 357, "fields": {"action_time": "2017-05-05T00:47:03.053Z", "user": 3, "content_type": 67, "object_id": "149", "object_repr": "Less eggs signs (chicken)", "action_flag": 1, "change_message": "[{\"added\": {}}, {\"added\": {\"name\": \"choice option\", \"object\": \"(Less eggs signs (chicken)): Less eggs signs (chicken) - Yes\"}}, {\"added\": {\"name\": \"choice option\", \"object\": \"(Less eggs signs (chicken)): Less eggs signs (chicken) - No\"}}]"}}, {"model": "admin.logentry", "pk": 358, "fields": {"action_time": "2017-05-05T00:47:34.722Z", "user": 3, "content_type": 57, "object_id": "143", "object_repr": "Voice Label: Twisted neck signs (chicken)", "action_flag": 1, "change_message": "[{\"added\": {}}, {\"added\": {\"name\": \"voice fragment\", \"object\": \"Voice Fragment: (English) Twisted neck signs (chicken)\"}}]"}}, {"model": "admin.logentry", "pk": 359, "fields": {"action_time": "2017-05-05T00:47:57.829Z", "user": 3, "content_type": 67, "object_id": "152", "object_repr": "Twisted neck signs (chicken)", "action_flag": 1, "change_message": "[{\"added\": {}}, {\"added\": {\"name\": \"choice option\", \"object\": \"(Twisted neck signs (chicken)): Twisted neck signs (chicken)\"}}, {\"added\": {\"name\": \"choice option\", \"object\": \"(Twisted neck signs (chicken)): Twisted neck signs (chicken)\"}}]"}}, {"model": "admin.logentry", "pk": 360, "fields": {"action_time": "2017-05-05T00:52:48.263Z", "user": 3, "content_type": 57, "object_id": "138", "object_repr": "Voice Label: Sudden death signs", "action_flag": 2, "change_message": "[{\"changed\": {\"fields\": [\"name\"]}}]"}}, {"model": "admin.logentry", "pk": 361, "fields": {"action_time": "2017-05-05T00:53:12.597Z", "user": 3, "content_type": 67, "object_id": "143", "object_repr": "Sudden death signs (chicken)", "action_flag": 2, "change_message": "[{\"changed\": {\"name\": \"choice option\", \"object\": \"(Sudden death signs (chicken)): Sudden death signs (chicken) - Yes\", \"fields\": [\"_redirect\"]}}, {\"changed\": {\"name\": \"choice option\", \"object\": \"(Sudden death signs (chicken)): Sudden death signs (chicken) - No\", \"fields\": [\"_redirect\"]}}]"}}, {"model": "admin.logentry", "pk": 362, "fields": {"action_time": "2017-05-05T00:53:34.562Z", "user": 3, "content_type": 57, "object_id": "141", "object_repr": "Voice Label: Difficulty breathing signs", "action_flag": 2, "change_message": "[{\"changed\": {\"fields\": [\"name\"]}}]"}}, {"model": "admin.logentry", "pk": 363, "fields": {"action_time": "2017-05-05T00:53:43.255Z", "user": 3, "content_type": 67, "object_id": "146", "object_repr": "Difficulty breathing signs (chicken)", "action_flag": 2, "change_message": "[{\"changed\": {\"name\": \"choice option\", \"object\": \"(Difficulty breathing signs (chicken)): Difficulty breathing signs (chicken) - Yes\", \"fields\": [\"_redirect\"]}}, {\"changed\": {\"name\": \"choice option\", \"object\": \"(Difficulty breathing signs (chicken)): Difficulty breathing signs (chicken) - No\", \"fields\": [\"_redirect\"]}}]"}}, {"model": "admin.logentry", "pk": 364, "fields": {"action_time": "2017-05-05T00:54:06.293Z", "user": 3, "content_type": 67, "object_id": "149", "object_repr": "Less eggs signs (chicken)", "action_flag": 2, "change_message": "[{\"changed\": {\"name\": \"choice option\", \"object\": \"(Less eggs signs (chicken)): Less eggs signs (chicken) - Yes\", \"fields\": [\"_redirect\"]}}, {\"changed\": {\"name\": \"choice option\", \"object\": \"(Less eggs signs (chicken)): Less eggs signs (chicken) - No\", \"fields\": [\"_redirect\"]}}]"}}, {"model": "admin.logentry", "pk": 365, "fields": {"action_time": "2017-05-05T00:54:32.499Z", "user": 3, "content_type": 67, "object_id": "152", "object_repr": "Twisted neck signs (chicken)", "action_flag": 2, "change_message": "[{\"changed\": {\"name\": \"choice option\", \"object\": \"(Twisted neck signs (chicken)): Twisted neck signs (chicken)\", \"fields\": [\"_redirect\"]}}, {\"changed\": {\"name\": \"choice option\", \"object\": \"(Twisted neck signs (chicken)): Twisted neck signs (chicken)\", \"fields\": [\"_redirect\"]}}]"}}, {"model": "admin.logentry", "pk": 366, "fields": {"action_time": "2017-05-05T00:56:04.378Z", "user": 3, "content_type": 57, "object_id": "144", "object_repr": "Voice Label: Waiting diagnosis", "action_flag": 1, "change_message": "[{\"added\": {}}, {\"added\": {\"name\": \"voice fragment\", \"object\": \"Voice Fragment: (English) Waiting diagnosis\"}}]"}}, {"model": "admin.logentry", "pk": 367, "fields": {"action_time": "2017-05-05T00:56:13.734Z", "user": 3, "content_type": 69, "object_id": "155", "object_repr": "Message: Waiting diagnosis", "action_flag": 1, "change_message": "[{\"added\": {}}]"}}, {"model": "admin.logentry", "pk": 368, "fields": {"action_time": "2017-05-05T00:56:30.665Z", "user": 3, "content_type": 67, "object_id": "152", "object_repr": "Twisted neck signs (chicken)", "action_flag": 2, "change_message": "[{\"changed\": {\"name\": \"choice option\", \"object\": \"(Twisted neck signs (chicken)): Twisted neck signs (chicken)\", \"fields\": [\"_redirect\"]}}, {\"changed\": {\"name\": \"choice option\", \"object\": \"(Twisted neck signs (chicken)): Twisted neck signs (chicken)\", \"fields\": [\"_redirect\"]}}]"}}, {"model": "admin.logentry", "pk": 369, "fields": {"action_time": "2017-05-05T00:57:06.662Z", "user": 3, "content_type": 67, "object_id": "131", "object_repr": "Sudden death signs (cattle)", "action_flag": 2, "change_message": "[{\"changed\": {\"name\": \"choice option\", \"object\": \"(Sudden death signs (cattle)): Sudden death signs (cattle) -Yes\", \"fields\": [\"_redirect\"]}}, {\"changed\": {\"name\": \"choice option\", \"object\": \"(Sudden death signs (cattle)): Sudden death signs (cattle) - No\", \"fields\": [\"_redirect\"]}}]"}}, {"model": "admin.logentry", "pk": 370, "fields": {"action_time": "2017-05-05T00:57:25.548Z", "user": 3, "content_type": 67, "object_id": "134", "object_repr": "Fever signs (cattle)", "action_flag": 2, "change_message": "[{\"changed\": {\"name\": \"choice option\", \"object\": \"(Fever signs (cattle)): Fever signs (cattle) - Yes\", \"fields\": [\"_redirect\"]}}, {\"changed\": {\"name\": \"choice option\", \"object\": \"(Fever signs (cattle)): Fever signs (cattle) - No\", \"fields\": [\"_redirect\"]}}]"}}, {"model": "admin.logentry", "pk": 371, "fields": {"action_time": "2017-05-05T00:58:00.150Z", "user": 3, "content_type": 67, "object_id": "140", "object_repr": "Difficulty breathing signs (cattle)", "action_flag": 2, "change_message": "[{\"changed\": {\"name\": \"choice option\", \"object\": \"(Difficulty breathing signs (cattle)): Difficulty breathing signs (cattle) - Yes\", \"fields\": [\"_redirect\"]}}, {\"changed\": {\"name\": \"choice option\", \"object\": \"(Difficulty breathing signs (cattle)): Difficulty breathing signs (cattle) - No\", \"fields\": [\"_redirect\"]}}]"}}, {"model": "admin.logentry", "pk": 372, "fields": {"action_time": "2017-05-05T00:58:18.560Z", "user": 3, "content_type": 67, "object_id": "137", "object_repr": "Sudden collapse signs (cattle)", "action_flag": 2, "change_message": "[{\"changed\": {\"name\": \"choice option\", \"object\": \"(Sudden collapse signs (cattle)): Sudden collapse signs (cattle) - Yes\", \"fields\": [\"_redirect\"]}}, {\"changed\": {\"name\": \"choice option\", \"object\": \"(Sudden collapse signs (cattle)): Sudden collapse signs (cattle) - No\", \"fields\": [\"_redirect\"]}}]"}}, {"model": "admin.logentry", "pk": 373, "fields": {"action_time": "2017-05-05T00:59:23.582Z", "user": 3, "content_type": 71, "object_id": "9", "object_repr": "Newcastle disease", "action_flag": 2, "change_message": "[{\"changed\": {\"name\": \"symptom of disease\", \"object\": \"Symptom Of Disease: (Newcastle disease) Sudden death signs (chicken)\", \"fields\": [\"element_of_symptom\"]}}, {\"changed\": {\"name\": \"symptom of disease\", \"object\": \"Symptom Of Disease: (Newcastle disease) Twisted neck signs (chicken)\", \"fields\": [\"element_of_symptom\"]}}]"}}, {"model": "admin.logentry", "pk": 374, "fields": {"action_time": "2017-05-05T00:59:43.259Z", "user": 3, "content_type": 71, "object_id": "8", "object_repr": "Fowl pox", "action_flag": 2, "change_message": "[{\"changed\": {\"name\": \"symptom of disease\", \"object\": \"Symptom Of Disease: (Fowl pox) Difficulty breathing signs (chicken)\", \"fields\": [\"element_of_symptom\"]}}, {\"changed\": {\"name\": \"symptom of disease\", \"object\": \"Symptom Of Disease: (Fowl pox) Twisted neck signs (chicken)\", \"fields\": [\"element_of_symptom\"]}}]"}}, {"model": "admin.logentry", "pk": 375, "fields": {"action_time": "2017-05-05T01:00:10.694Z", "user": 3, "content_type": 71, "object_id": "7", "object_repr": "Avian Influenza", "action_flag": 2, "change_message": "[{\"changed\": {\"name\": \"symptom of disease\", \"object\": \"Symptom Of Disease: (Avian Influenza) Sudden death signs (chicken)\", \"fields\": [\"element_of_symptom\"]}}, {\"changed\": {\"name\": \"symptom of disease\", \"object\": \"Symptom Of Disease: (Avian Influenza) Less eggs signs (chicken)\", \"fields\": [\"element_of_symptom\"]}}]"}}, {"model": "admin.logentry", "pk": 376, "fields": {"action_time": "2017-05-05T01:00:32.297Z", "user": 3, "content_type": 71, "object_id": "6", "object_repr": "CBPP", "action_flag": 2, "change_message": "[{\"changed\": {\"name\": \"symptom of disease\", \"object\": \"Symptom Of Disease: (CBPP) Fever signs (cattle)\", \"fields\": [\"element_of_symptom\"]}}, {\"changed\": {\"name\": \"symptom of disease\", \"object\": \"Symptom Of Disease: (CBPP) Difficulty breathing signs (cattle)\", \"fields\": [\"element_of_symptom\"]}}]"}}, {"model": "admin.logentry", "pk": 377, "fields": {"action_time": "2017-05-05T01:00:44.447Z", "user": 3, "content_type": 71, "object_id": "5", "object_repr": "Bloat", "action_flag": 2, "change_message": "[{\"changed\": {\"name\": \"symptom of disease\", \"object\": \"Symptom Of Disease: (Bloat) Sudden collapse signs (cattle)\", \"fields\": [\"element_of_symptom\"]}}, {\"changed\": {\"name\": \"symptom of disease\", \"object\": \"Symptom Of Disease: (Bloat) Difficulty breathing signs (cattle)\", \"fields\": [\"element_of_symptom\"]}}]"}}, {"model": "admin.logentry", "pk": 378, "fields": {"action_time": "2017-05-05T01:01:19.211Z", "user": 3, "content_type": 71, "object_id": "4", "object_repr": "Anthrax", "action_flag": 2, "change_message": "[{\"changed\": {\"name\": \"symptom of disease\", \"object\": \"Symptom Of Disease: (Anthrax) Sudden death signs (cattle)\", \"fields\": [\"element_of_symptom\"]}}, {\"changed\": {\"name\": \"symptom of disease\", \"object\": \"Symptom Of Disease: (Anthrax) Fever signs (cattle)\", \"fields\": [\"element_of_symptom\"]}}, {\"changed\": {\"name\": \"symptom of disease\", \"object\": \"Symptom Of Disease: (Anthrax) Difficulty breathing signs (cattle)\", \"fields\": [\"element_of_symptom\"]}}]"}}, {"model": "admin.logentry", "pk": 379, "fields": {"action_time": "2017-05-05T01:03:01.412Z", "user": 3, "content_type": 57, "object_id": "145", "object_repr": "Voice Label: Anthrax description", "action_flag": 1, "change_message": "[{\"added\": {}}, {\"added\": {\"name\": \"voice fragment\", \"object\": \"Voice Fragment: (English) Anthrax description\"}}]"}}, {"model": "admin.logentry", "pk": 380, "fields": {"action_time": "2017-05-05T01:03:09.501Z", "user": 3, "content_type": 69, "object_id": "156", "object_repr": "Message: Anthrax description", "action_flag": 1, "change_message": "[{\"added\": {}}]"}}, {"model": "admin.logentry", "pk": 381, "fields": {"action_time": "2017-05-05T01:03:37.709Z", "user": 3, "content_type": 57, "object_id": "146", "object_repr": "Voice Label: Anthrax treatment", "action_flag": 1, "change_message": "[{\"added\": {}}, {\"added\": {\"name\": \"voice fragment\", \"object\": \"Voice Fragment: (English) Anthrax treatment\"}}]"}}, {"model": "admin.logentry", "pk": 382, "fields": {"action_time": "2017-05-05T01:03:43.378Z", "user": 3, "content_type": 69, "object_id": "157", "object_repr": "Message: Anthrax treatment", "action_flag": 1, "change_message": "[{\"added\": {}}]"}}, {"model": "admin.logentry", "pk": 383, "fields": {"action_time": "2017-05-05T01:03:50.926Z", "user": 3, "content_type": 69, "object_id": "155", "object_repr": "Message: Waiting diagnosis", "action_flag": 2, "change_message": "[{\"changed\": {\"fields\": [\"diagnosis_element\"]}}]"}}, {"model": "admin.logentry", "pk": 384, "fields": {"action_time": "2017-05-05T01:07:32.100Z", "user": 3, "content_type": 57, "object_id": "147", "object_repr": "Voice Label: Bloat description", "action_flag": 1, "change_message": "[{\"added\": {}}, {\"added\": {\"name\": \"voice fragment\", \"object\": \"Voice Fragment: (English) Bloat description\"}}]"}}, {"model": "admin.logentry", "pk": 385, "fields": {"action_time": "2017-05-05T01:07:57.021Z", "user": 3, "content_type": 69, "object_id": "158", "object_repr": "Message: Bloat description", "action_flag": 1, "change_message": "[{\"added\": {}}]"}}, {"model": "admin.logentry", "pk": 386, "fields": {"action_time": "2017-05-05T01:08:11.553Z", "user": 3, "content_type": 69, "object_id": "157", "object_repr": "Message: Anthrax treatment", "action_flag": 2, "change_message": "[{\"changed\": {\"fields\": [\"_redirect\"]}}]"}}, {"model": "admin.logentry", "pk": 387, "fields": {"action_time": "2017-05-05T01:08:26.434Z", "user": 3, "content_type": 69, "object_id": "156", "object_repr": "Message: Anthrax description", "action_flag": 2, "change_message": "[{\"changed\": {\"fields\": [\"_redirect\"]}}]"}}, {"model": "admin.logentry", "pk": 388, "fields": {"action_time": "2017-05-05T01:10:57.834Z", "user": 3, "content_type": 57, "object_id": "148", "object_repr": "Voice Label: Bloat treatment", "action_flag": 1, "change_message": "[{\"added\": {}}, {\"added\": {\"name\": \"voice fragment\", \"object\": \"Voice Fragment: (English) Bloat treatment\"}}]"}}, {"model": "admin.logentry", "pk": 389, "fields": {"action_time": "2017-05-05T01:11:12.709Z", "user": 3, "content_type": 69, "object_id": "159", "object_repr": "Message: Bloat treatment", "action_flag": 1, "change_message": "[{\"added\": {}}]"}}, {"model": "admin.logentry", "pk": 390, "fields": {"action_time": "2017-05-05T01:11:47.384Z", "user": 3, "content_type": 57, "object_id": "149", "object_repr": "Voice Label: CBPP description", "action_flag": 1, "change_message": "[{\"added\": {}}, {\"added\": {\"name\": \"voice fragment\", \"object\": \"Voice Fragment: (English) CBPP description\"}}]"}}, {"model": "admin.logentry", "pk": 391, "fields": {"action_time": "2017-05-05T01:11:52.587Z", "user": 3, "content_type": 69, "object_id": "160", "object_repr": "Message: CBPP description", "action_flag": 1, "change_message": "[{\"added\": {}}]"}}, {"model": "admin.logentry", "pk": 392, "fields": {"action_time": "2017-05-05T01:12:19.509Z", "user": 3, "content_type": 57, "object_id": "150", "object_repr": "Voice Label: CBPP treatment", "action_flag": 1, "change_message": "[{\"added\": {}}, {\"added\": {\"name\": \"voice fragment\", \"object\": \"Voice Fragment: (English) CBPP treatment\"}}]"}}, {"model": "admin.logentry", "pk": 393, "fields": {"action_time": "2017-05-05T01:12:25.770Z", "user": 3, "content_type": 69, "object_id": "161", "object_repr": "Message: CBPP treatment", "action_flag": 1, "change_message": "[{\"added\": {}}]"}}, {"model": "admin.logentry", "pk": 394, "fields": {"action_time": "2017-05-05T01:12:36.316Z", "user": 3, "content_type": 69, "object_id": "160", "object_repr": "Message: CBPP description", "action_flag": 2, "change_message": "[{\"changed\": {\"fields\": [\"_redirect\"]}}]"}}, {"model": "admin.logentry", "pk": 395, "fields": {"action_time": "2017-05-05T01:13:47.719Z", "user": 3, "content_type": 57, "object_id": "151", "object_repr": "Voice Label: Avian Influenza description", "action_flag": 1, "change_message": "[{\"added\": {}}, {\"added\": {\"name\": \"voice fragment\", \"object\": \"Voice Fragment: (English) Avian Influenza description\"}}]"}}, {"model": "admin.logentry", "pk": 396, "fields": {"action_time": "2017-05-05T01:14:17.893Z", "user": 3, "content_type": 69, "object_id": "162", "object_repr": "Message: Avian Influenza description", "action_flag": 1, "change_message": "[{\"added\": {}}]"}}, {"model": "admin.logentry", "pk": 397, "fields": {"action_time": "2017-05-05T01:14:48.717Z", "user": 3, "content_type": 57, "object_id": "152", "object_repr": "Voice Label: Avian Influenza treatment", "action_flag": 1, "change_message": "[{\"added\": {}}, {\"added\": {\"name\": \"voice fragment\", \"object\": \"Voice Fragment: (English) Avian Influenza treatment\"}}]"}}, {"model": "admin.logentry", "pk": 398, "fields": {"action_time": "2017-05-05T01:14:54.333Z", "user": 3, "content_type": 69, "object_id": "163", "object_repr": "Message: Avian Influenza treatment", "action_flag": 1, "change_message": "[{\"added\": {}}]"}}, {"model": "admin.logentry", "pk": 399, "fields": {"action_time": "2017-05-05T01:15:44.392Z", "user": 3, "content_type": 57, "object_id": "153", "object_repr": "Voice Label: Fowl pox description", "action_flag": 1, "change_message": "[{\"added\": {}}, {\"added\": {\"name\": \"voice fragment\", \"object\": \"Voice Fragment: (English) Fowl pox description\"}}]"}}, {"model": "admin.logentry", "pk": 400, "fields": {"action_time": "2017-05-05T01:15:49.823Z", "user": 3, "content_type": 69, "object_id": "164", "object_repr": "Message: Fowl pox description", "action_flag": 1, "change_message": "[{\"added\": {}}]"}}, {"model": "admin.logentry", "pk": 401, "fields": {"action_time": "2017-05-05T01:16:22.352Z", "user": 3, "content_type": 57, "object_id": "154", "object_repr": "Voice Label: Fowl pox treatment", "action_flag": 1, "change_message": "[{\"added\": {}}, {\"added\": {\"name\": \"voice fragment\", \"object\": \"Voice Fragment: (English) Fowl pox treatment\"}}]"}}, {"model": "admin.logentry", "pk": 402, "fields": {"action_time": "2017-05-05T01:16:28.076Z", "user": 3, "content_type": 69, "object_id": "165", "object_repr": "Message: Fowl pox treatment", "action_flag": 1, "change_message": "[{\"added\": {}}]"}}, {"model": "admin.logentry", "pk": 403, "fields": {"action_time": "2017-05-05T01:17:07.643Z", "user": 3, "content_type": 57, "object_id": "155", "object_repr": "Voice Label: Necwcastle disease description", "action_flag": 1, "change_message": "[{\"added\": {}}, {\"added\": {\"name\": \"voice fragment\", \"object\": \"Voice Fragment: (English) Necwcastle disease description\"}}]"}}, {"model": "admin.logentry", "pk": 404, "fields": {"action_time": "2017-05-05T01:17:11.179Z", "user": 3, "content_type": 69, "object_id": "166", "object_repr": "Message: Necwcastle disease description", "action_flag": 1, "change_message": "[{\"added\": {}}]"}}, {"model": "admin.logentry", "pk": 405, "fields": {"action_time": "2017-05-05T01:17:33.080Z", "user": 3, "content_type": 57, "object_id": "156", "object_repr": "Voice Label: Necwcastle disease treatment", "action_flag": 1, "change_message": "[{\"added\": {}}, {\"added\": {\"name\": \"voice fragment\", \"object\": \"Voice Fragment: (English) Necwcastle disease treatment\"}}]"}}, {"model": "admin.logentry", "pk": 406, "fields": {"action_time": "2017-05-05T01:17:38.494Z", "user": 3, "content_type": 69, "object_id": "167", "object_repr": "Message: Necwcastle disease treatment", "action_flag": 1, "change_message": "[{\"added\": {}}]"}}, {"model": "admin.logentry", "pk": 407, "fields": {"action_time": "2017-05-05T01:17:52.171Z", "user": 3, "content_type": 69, "object_id": "166", "object_repr": "Message: Necwcastle disease description", "action_flag": 2, "change_message": "[{\"changed\": {\"fields\": [\"_redirect\"]}}]"}}, {"model": "admin.logentry", "pk": 408, "fields": {"action_time": "2017-05-05T01:18:03.601Z", "user": 3, "content_type": 69, "object_id": "164", "object_repr": "Message: Fowl pox description", "action_flag": 2, "change_message": "[{\"changed\": {\"fields\": [\"_redirect\"]}}]"}}, {"model": "admin.logentry", "pk": 409, "fields": {"action_time": "2017-05-05T01:18:19.031Z", "user": 3, "content_type": 69, "object_id": "162", "object_repr": "Message: Avian Influenza description", "action_flag": 2, "change_message": "[{\"changed\": {\"fields\": [\"_redirect\"]}}]"}}, {"model": "admin.logentry", "pk": 410, "fields": {"action_time": "2017-05-05T01:19:04.079Z", "user": 3, "content_type": 71, "object_id": "9", "object_repr": "Newcastle disease", "action_flag": 2, "change_message": "[{\"changed\": {\"fields\": [\"related_element\"]}}]"}}, {"model": "admin.logentry", "pk": 411, "fields": {"action_time": "2017-05-05T01:19:12.892Z", "user": 3, "content_type": 71, "object_id": "8", "object_repr": "Fowl pox", "action_flag": 2, "change_message": "[{\"changed\": {\"fields\": [\"related_element\"]}}]"}}, {"model": "admin.logentry", "pk": 412, "fields": {"action_time": "2017-05-05T01:19:21.330Z", "user": 3, "content_type": 71, "object_id": "7", "object_repr": "Avian Influenza", "action_flag": 2, "change_message": "[{\"changed\": {\"fields\": [\"related_element\"]}}]"}}, {"model": "admin.logentry", "pk": 413, "fields": {"action_time": "2017-05-05T01:19:30.522Z", "user": 3, "content_type": 71, "object_id": "6", "object_repr": "CBPP", "action_flag": 2, "change_message": "[{\"changed\": {\"fields\": [\"related_element\"]}}]"}}, {"model": "admin.logentry", "pk": 414, "fields": {"action_time": "2017-05-05T01:19:37.967Z", "user": 3, "content_type": 71, "object_id": "5", "object_repr": "Bloat", "action_flag": 2, "change_message": "[{\"changed\": {\"fields\": [\"related_element\"]}}]"}}, {"model": "admin.logentry", "pk": 415, "fields": {"action_time": "2017-05-05T01:19:45.705Z", "user": 3, "content_type": 71, "object_id": "4", "object_repr": "Anthrax", "action_flag": 2, "change_message": "[{\"changed\": {\"fields\": [\"related_element\"]}}]"}}, {"model": "admin.logentry", "pk": 416, "fields": {"action_time": "2017-05-05T01:20:03.349Z", "user": 3, "content_type": 70, "object_id": "5", "object_repr": "Chicken", "action_flag": 2, "change_message": "[{\"added\": {\"name\": \"disease fragment\", \"object\": \"Disease Fragment: (Avian Influenza) Chicken\"}}, {\"added\": {\"name\": \"disease fragment\", \"object\": \"Disease Fragment: (Fowl pox) Chicken\"}}, {\"added\": {\"name\": \"disease fragment\", \"object\": \"Disease Fragment: (Newcastle disease) Chicken\"}}]"}}, {"model": "admin.logentry", "pk": 417, "fields": {"action_time": "2017-05-05T01:20:14.135Z", "user": 3, "content_type": 70, "object_id": "4", "object_repr": "Cow", "action_flag": 2, "change_message": "[{\"added\": {\"name\": \"disease fragment\", \"object\": \"Disease Fragment: (Anthrax) Cow\"}}, {\"added\": {\"name\": \"disease fragment\", \"object\": \"Disease Fragment: (Bloat) Cow\"}}, {\"added\": {\"name\": \"disease fragment\", \"object\": \"Disease Fragment: (CBPP) Cow\"}}]"}}, {"model": "admin.logentry", "pk": 418, "fields": {"action_time": "2017-05-05T01:22:09.213Z", "user": 3, "content_type": 73, "object_id": "127", "object_repr": "Select animal", "action_flag": 2, "change_message": "[{\"changed\": {\"name\": \"animal selection option\", \"object\": \"Animal Selection Option: (Cow) Select animal\", \"fields\": [\"_redirect_url\"]}}, {\"changed\": {\"name\": \"animal selection option\", \"object\": \"Animal Selection Option: (Chicken) Select animal\", \"fields\": [\"_redirect_url\"]}}]"}}, {"model": "admin.logentry", "pk": 419, "fields": {"action_time": "2017-05-05T01:22:53.399Z", "user": 3, "content_type": 69, "object_id": "6", "object_repr": "Message: Thank you for using this service", "action_flag": 2, "change_message": "[{\"changed\": {\"fields\": [\"service\"]}}]"}}, {"model": "admin.logentry", "pk": 420, "fields": {"action_time": "2017-05-05T01:41:48.954Z", "user": 3, "content_type": 71, "object_id": "7", "object_repr": "Avian Influenza", "action_flag": 2, "change_message": "[{\"changed\": {\"name\": \"symptom of disease\", \"object\": \"Symptom Of Disease: (Avian Influenza) Less eggs signs (chicken)\", \"fields\": [\"element_of_symptom\"]}}]"}}, {"model": "admin.logentry", "pk": 421, "fields": {"action_time": "2017-05-05T02:39:07.769Z", "user": 3, "content_type": 71, "object_id": "10", "object_repr": "Unindentified disease", "action_flag": 1, "change_message": "[{\"added\": {}}]"}}, {"model": "admin.logentry", "pk": 422, "fields": {"action_time": "2017-05-05T02:39:40.312Z", "user": 3, "content_type": 57, "object_id": "157", "object_repr": "Voice Label: Unindentified disease", "action_flag": 1, "change_message": "[{\"added\": {}}, {\"added\": {\"name\": \"voice fragment\", \"object\": \"Voice Fragment: (English) Unindentified disease\"}}]"}}, {"model": "admin.logentry", "pk": 423, "fields": {"action_time": "2017-05-05T02:39:54.010Z", "user": 3, "content_type": 69, "object_id": "168", "object_repr": "Message: Unindentified disease", "action_flag": 1, "change_message": "[{\"added\": {}}]"}}, {"model": "admin.logentry", "pk": 424, "fields": {"action_time": "2017-05-05T02:40:09.680Z", "user": 3, "content_type": 71, "object_id": "10", "object_repr": "Unindentified disease", "action_flag": 2, "change_message": "[{\"changed\": {\"fields\": [\"related_element\"]}}]"}}, {"model": "admin.logentry", "pk": 425, "fields": {"action_time": "2017-05-05T02:45:20.077Z", "user": 3, "content_type": 69, "object_id": "155", "object_repr": "Message: Waiting diagnosis", "action_flag": 2, "change_message": "[{\"changed\": {\"fields\": [\"_redirect\"]}}]"}}, {"model": "admin.logentry", "pk": 426, "fields": {"action_time": "2017-05-05T03:46:53.304Z", "user": 3, "content_type": 69, "object_id": "155", "object_repr": "Message: Waiting diagnosis", "action_flag": 2, "change_message": "[]"}}, {"model": "admin.logentry", "pk": 427, "fields": {"action_time": "2017-05-05T04:26:09.432Z", "user": 3, "content_type": 57, "object_id": "158", "object_repr": "Voice Label: Urgent disease", "action_flag": 1, "change_message": "[{\"added\": {}}, {\"added\": {\"name\": \"voice fragment\", \"object\": \"Voice Fragment: (English) Urgent disease\"}}]"}}, {"model": "admin.logentry", "pk": 428, "fields": {"action_time": "2017-05-05T04:26:25.951Z", "user": 3, "content_type": 69, "object_id": "169", "object_repr": "Message: Urgent disease", "action_flag": 1, "change_message": "[{\"added\": {}}]"}}, {"model": "admin.logentry", "pk": 429, "fields": {"action_time": "2017-05-05T04:26:53.349Z", "user": 3, "content_type": 69, "object_id": "157", "object_repr": "Message: Anthrax treatment", "action_flag": 2, "change_message": "[{\"changed\": {\"fields\": [\"_redirect\"]}}]"}}, {"model": "admin.logentry", "pk": 430, "fields": {"action_time": "2017-05-05T04:27:24.512Z", "user": 3, "content_type": 69, "object_id": "159", "object_repr": "Message: Bloat treatment", "action_flag": 2, "change_message": "[{\"changed\": {\"fields\": [\"_redirect\"]}}]"}}, {"model": "admin.logentry", "pk": 431, "fields": {"action_time": "2017-05-05T04:27:36.446Z", "user": 3, "content_type": 69, "object_id": "163", "object_repr": "Message: Avian Influenza treatment", "action_flag": 2, "change_message": "[{\"changed\": {\"fields\": [\"_redirect\"]}}]"}}, {"model": "admin.logentry", "pk": 432, "fields": {"action_time": "2017-05-05T04:27:48.154Z", "user": 3, "content_type": 69, "object_id": "165", "object_repr": "Message: Fowl pox treatment", "action_flag": 2, "change_message": "[{\"changed\": {\"fields\": [\"_redirect\"]}}]"}}, {"model": "admin.logentry", "pk": 433, "fields": {"action_time": "2017-05-05T04:31:50.012Z", "user": 3, "content_type": 57, "object_id": "159", "object_repr": "Voice Label: Choose veterinarian", "action_flag": 1, "change_message": "[{\"added\": {}}, {\"added\": {\"name\": \"voice fragment\", \"object\": \"Voice Fragment: (English) Choose veterinarian\"}}]"}}, {"model": "admin.logentry", "pk": 434, "fields": {"action_time": "2017-05-05T04:40:02.550Z", "user": 3, "content_type": 57, "object_id": "160", "object_repr": "Voice Label: Dr. Amoro Nelson Agemga", "action_flag": 1, "change_message": "[{\"added\": {}}, {\"added\": {\"name\": \"voice fragment\", \"object\": \"Voice Fragment: (English) Dr. Amoro Nelson Agemga\"}}]"}}, {"model": "admin.logentry", "pk": 435, "fields": {"action_time": "2017-05-05T04:40:28.898Z", "user": 3, "content_type": 57, "object_id": "161", "object_repr": "Voice Label: Dr. Baba Issah", "action_flag": 1, "change_message": "[{\"added\": {}}, {\"added\": {\"name\": \"voice fragment\", \"object\": \"Voice Fragment: (English) Dr. Baba Issah\"}}]"}}, {"model": "admin.logentry", "pk": 436, "fields": {"action_time": "2017-05-05T04:40:46.403Z", "user": 3, "content_type": 57, "object_id": "162", "object_repr": "Voice Label: Dr. Ebo Annan", "action_flag": 1, "change_message": "[{\"added\": {}}, {\"added\": {\"name\": \"voice fragment\", \"object\": \"Voice Fragment: (English) Dr. Ebo Annan\"}}]"}}, {"model": "admin.logentry", "pk": 437, "fields": {"action_time": "2017-05-05T04:41:05.039Z", "user": 3, "content_type": 57, "object_id": "163", "object_repr": "Voice Label: Dr. Kwadwo Nikrumah", "action_flag": 1, "change_message": "[{\"added\": {}}, {\"added\": {\"name\": \"voice fragment\", \"object\": \"Voice Fragment: (English) Dr. Kwadwo Nikrumah\"}}]"}}, {"model": "admin.logentry", "pk": 438, "fields": {"action_time": "2017-05-05T04:41:18.793Z", "user": 3, "content_type": 67, "object_id": "170", "object_repr": "Choose veterinarian", "action_flag": 1, "change_message": "[{\"added\": {}}, {\"added\": {\"name\": \"choice option\", \"object\": \"(Choose veterinarian): Dr. Amoro Nelson Agemga\"}}, {\"added\": {\"name\": \"choice option\", \"object\": \"(Choose veterinarian): Dr. Baba Issah\"}}, {\"added\": {\"name\": \"choice option\", \"object\": \"(Choose veterinarian): Dr. Ebo Annan\"}}, {\"added\": {\"name\": \"choice option\", \"object\": \"(Choose veterinarian): Dr. Kwadwo Nikrumah\"}}]"}}, {"model": "admin.logentry", "pk": 439, "fields": {"action_time": "2017-05-05T04:45:20.246Z", "user": 3, "content_type": 57, "object_id": "164", "object_repr": "Voice Label: Call veterinarian", "action_flag": 1, "change_message": "[{\"added\": {}}, {\"added\": {\"name\": \"voice fragment\", \"object\": \"Voice Fragment: (English) Call veterinarian\"}}]"}}, {"model": "admin.logentry", "pk": 440, "fields": {"action_time": "2017-05-05T04:47:49.066Z", "user": 3, "content_type": 57, "object_id": "165", "object_repr": "Voice Label: Now", "action_flag": 1, "change_message": "[{\"added\": {}}, {\"added\": {\"name\": \"voice fragment\", \"object\": \"Voice Fragment: (English) Now\"}}]"}}, {"model": "admin.logentry", "pk": 441, "fields": {"action_time": "2017-05-05T04:48:14.479Z", "user": 3, "content_type": 57, "object_id": "166", "object_repr": "Voice Label: Later", "action_flag": 1, "change_message": "[{\"added\": {}}, {\"added\": {\"name\": \"voice fragment\", \"object\": \"Voice Fragment: (English) Later\"}}]"}}, {"model": "admin.logentry", "pk": 442, "fields": {"action_time": "2017-05-05T04:48:18.501Z", "user": 3, "content_type": 67, "object_id": "175", "object_repr": "Call veterinarian", "action_flag": 1, "change_message": "[{\"added\": {}}, {\"added\": {\"name\": \"choice option\", \"object\": \"(Call veterinarian): Call now\"}}, {\"added\": {\"name\": \"choice option\", \"object\": \"(Call veterinarian): Call later\"}}]"}}, {"model": "admin.logentry", "pk": 443, "fields": {"action_time": "2017-05-05T04:49:39.192Z", "user": 3, "content_type": 57, "object_id": "167", "object_repr": "Voice Label: Send vet contact", "action_flag": 1, "change_message": "[{\"added\": {}}, {\"added\": {\"name\": \"voice fragment\", \"object\": \"Voice Fragment: (English) Send vet contact\"}}]"}}, {"model": "admin.logentry", "pk": 444, "fields": {"action_time": "2017-05-05T04:49:56.344Z", "user": 3, "content_type": 69, "object_id": "178", "object_repr": "Message: Send vet contact", "action_flag": 1, "change_message": "[{\"added\": {}}]"}}, {"model": "admin.logentry", "pk": 445, "fields": {"action_time": "2017-05-05T04:51:10.849Z", "user": 3, "content_type": 57, "object_id": "168", "object_repr": "Voice Label: Redirect call to vet", "action_flag": 1, "change_message": "[{\"added\": {}}, {\"added\": {\"name\": \"voice fragment\", \"object\": \"Voice Fragment: (English) Redirect call to vet\"}}]"}}, {"model": "admin.logentry", "pk": 446, "fields": {"action_time": "2017-05-05T04:51:25.123Z", "user": 3, "content_type": 69, "object_id": "179", "object_repr": "Message: Redirect call to vet", "action_flag": 1, "change_message": "[{\"added\": {}}]"}}, {"model": "admin.logentry", "pk": 447, "fields": {"action_time": "2017-05-05T04:58:48.446Z", "user": 3, "content_type": 57, "object_id": "168", "object_repr": "Voice Label: Redirect call to vet", "action_flag": 2, "change_message": "[{\"changed\": {\"name\": \"voice fragment\", \"object\": \"Voice Fragment: (English) Redirect call to vet\", \"fields\": [\"audio\"]}}]"}}, {"model": "admin.logentry", "pk": 448, "fields": {"action_time": "2017-05-05T04:59:01.104Z", "user": 3, "content_type": 69, "object_id": "179", "object_repr": "Message: Redirect call to vet", "action_flag": 2, "change_message": "[{\"changed\": {\"fields\": [\"_redirect\"]}}]"}}, {"model": "admin.logentry", "pk": 449, "fields": {"action_time": "2017-05-05T04:59:07.595Z", "user": 3, "content_type": 69, "object_id": "178", "object_repr": "Message: Send vet contact", "action_flag": 2, "change_message": "[]"}}, {"model": "admin.logentry", "pk": 450, "fields": {"action_time": "2017-05-05T05:14:57.148Z", "user": 3, "content_type": 67, "object_id": "170", "object_repr": "Choose veterinarian", "action_flag": 2, "change_message": "[{\"changed\": {\"name\": \"choice option\", \"object\": \"(Choose veterinarian): Dr. Amoro Nelson Agemga\", \"fields\": [\"_redirect\"]}}, {\"changed\": {\"name\": \"choice option\", \"object\": \"(Choose veterinarian): Dr. Baba Issah\", \"fields\": [\"_redirect\"]}}, {\"changed\": {\"name\": \"choice option\", \"object\": \"(Choose veterinarian): Dr. Ebo Annan\", \"fields\": [\"_redirect\"]}}, {\"changed\": {\"name\": \"choice option\", \"object\": \"(Choose veterinarian): Dr. Kwadwo Nikrumah\", \"fields\": [\"_redirect\"]}}]"}}, {"model": "admin.logentry", "pk": 451, "fields": {"action_time": "2017-05-05T05:15:20.598Z", "user": 3, "content_type": 67, "object_id": "175", "object_repr": "Call veterinarian", "action_flag": 2, "change_message": "[{\"changed\": {\"name\": \"choice option\", \"object\": \"(Call veterinarian): Call now\", \"fields\": [\"_redirect\"]}}, {\"changed\": {\"name\": \"choice option\", \"object\": \"(Call veterinarian): Call later\", \"fields\": [\"_redirect\"]}}]"}}, {"model": "admin.logentry", "pk": 452, "fields": {"action_time": "2017-05-05T05:16:01.151Z", "user": 3, "content_type": 69, "object_id": "169", "object_repr": "Message: Urgent disease", "action_flag": 2, "change_message": "[{\"changed\": {\"fields\": [\"_redirect\"]}}]"}}, {"model": "admin.logentry", "pk": 453, "fields": {"action_time": "2017-05-05T05:16:15.857Z", "user": 3, "content_type": 69, "object_id": "155", "object_repr": "Message: Waiting diagnosis", "action_flag": 2, "change_message": "[]"}}, {"model": "admin.logentry", "pk": 454, "fields": {"action_time": "2017-05-05T05:21:54.218Z", "user": 3, "content_type": 69, "object_id": "168", "object_repr": "Message: Unindentified disease", "action_flag": 2, "change_message": "[{\"changed\": {\"fields\": [\"_redirect\"]}}]"}}, {"model": "admin.logentry", "pk": 455, "fields": {"action_time": "2017-05-05T13:50:46.362Z", "user": 3, "content_type": 63, "object_id": "62", "object_repr": "45681", "action_flag": 3, "change_message": ""}}, {"model": "admin.logentry", "pk": 456, "fields": {"action_time": "2017-05-05T13:50:46.522Z", "user": 3, "content_type": 63, "object_id": "61", "object_repr": "45670", "action_flag": 3, "change_message": ""}}, {"model": "admin.logentry", "pk": 457, "fields": {"action_time": "2017-05-05T13:50:46.655Z", "user": 3, "content_type": 63, "object_id": "60", "object_repr": "45679", "action_flag": 3, "change_message": ""}}, {"model": "admin.logentry", "pk": 458, "fields": {"action_time": "2017-05-05T13:50:46.775Z", "user": 3, "content_type": 63, "object_id": "59", "object_repr": "45678", "action_flag": 3, "change_message": ""}}, {"model": "admin.logentry", "pk": 459, "fields": {"action_time": "2017-05-05T13:50:46.897Z", "user": 3, "content_type": 63, "object_id": "58", "object_repr": "45678", "action_flag": 3, "change_message": ""}}, {"model": "admin.logentry", "pk": 460, "fields": {"action_time": "2017-05-05T13:50:47.020Z", "user": 3, "content_type": 63, "object_id": "57", "object_repr": "45678", "action_flag": 3, "change_message": ""}}, {"model": "admin.logentry", "pk": 461, "fields": {"action_time": "2017-05-05T13:50:47.174Z", "user": 3, "content_type": 63, "object_id": "56", "object_repr": "45678", "action_flag": 3, "change_message": ""}}]