[{"model": "service_development.voicelabel", "pk": 1, "fields": {"name": "Dutch language", "description": "Nederlandse taal"}}, {"model": "service_development.voicelabel", "pk": 2, "fields": {"name": "General error message", "description": ""}}, {"model": "service_development.voicelabel", "pk": 3, "fields": {"name": "This is the truth", "description": ""}}, {"model": "service_development.voicelabel", "pk": 4, "fields": {"name": "English language", "description": ""}}, {"model": "service_development.voicelabel", "pk": 5, "fields": {"name": "Thank you for using this service", "description": ""}}, {"model": "service_development.voicelabel", "pk": 6, "fields": {"name": "Wow, it must be a really boring guy!", "description": ""}}, {"model": "service_development.voicelabel", "pk": 7, "fields": {"name": "French language", "description": ""}}, {"model": "service_development.voicelabel", "pk": 8, "fields": {"name": "Please select your language", "description": ""}}, {"model": "service_development.voicelabel", "pk": 9, "fields": {"name": "Pre Choice Option", "description": ""}}, {"model": "service_development.voicelabel", "pk": 10, "fields": {"name": "Post Choice Option", "description": ""}}, {"model": "service_development.voicelabel", "pk": 11, "fields": {"name": "One", "description": ""}}, {"model": "service_development.voicelabel", "pk": 12, "fields": {"name": "Two", "description": ""}}, {"model": "service_development.voicelabel", "pk": 13, "fields": {"name": "Three", "description": ""}}, {"model": "service_development.voicelabel", "pk": 14, "fields": {"name": "Four", "description": ""}}, {"model": "service_development.voicelabel", "pk": 15, "fields": {"name": "Five", "description": ""}}, {"model": "service_development.voicelabel", "pk": 16, "fields": {"name": "Six", "description": ""}}, {"model": "service_development.voicelabel", "pk": 17, "fields": {"name": "Seven", "description": ""}}, {"model": "service_development.voicelabel", "pk": 18, "fields": {"name": "Eight", "description": ""}}, {"model": "service_development.voicelabel", "pk": 19, "fields": {"name": "Nine", "description": ""}}, {"model": "service_development.voicelabel", "pk": 20, "fields": {"name": "Zero", "description": ""}}, {"model": "service_development.voicelabel", "pk": 21, "fields": {"name": "Yes", "description": ""}}, {"model": "service_development.voicelabel", "pk": 22, "fields": {"name": "No", "description": ""}}, {"model": "service_development.voicelabel", "pk": 23, "fields": {"name": "Does the king like to drink beer?", "description": ""}}, {"model": "service_development.voicelabel", "pk": 75, "fields": {"name": "Unindentified disease", "description": ""}}, {"model": "service_development.voicelabel", "pk": 77, "fields": {"name": "Goat", "description": ""}}, {"model": "service_development.voicelabel", "pk": 78, "fields": {"name": "Please define your type of animal", "description": ""}}, {"model": "service_development.voicelabel", "pk": 79, "fields": {"name": "Please select your region", "description": ""}}, {"model": "service_development.voicelabel", "pk": 80, "fields": {"name": "Central region", "description": ""}}, {"model": "service_development.voicelabel", "pk": 81, "fields": {"name": "Eastern region", "description": ""}}, {"model": "service_development.voicelabel", "pk": 82, "fields": {"name": "Northen region", "description": ""}}, {"model": "service_development.voicelabel", "pk": 83, "fields": {"name": "Western region", "description": ""}}, {"model": "service_development.voicelabel", "pk": 84, "fields": {"name": "Cattle", "description": "Cattle"}}, {"model": "service_development.voicelabel", "pk": 86, "fields": {"name": "Urgent disease", "description": ""}}, {"model": "service_development.voicelabel", "pk": 88, "fields": {"name": "Foot Rot treatment", "description": ""}}, {"model": "service_development.voicelabel", "pk": 89, "fields": {"name": "Foot Rot treatment", "description": ""}}, {"model": "service_development.voicelabel", "pk": 92, "fields": {"name": "FMD treatment", "description": ""}}, {"model": "service_development.voicelabel", "pk": 93, "fields": {"name": "FMD description", "description": ""}}, {"model": "service_development.voicelabel", "pk": 94, "fields": {"name": "CBPP treatment", "description": ""}}, {"model": "service_development.voicelabel", "pk": 95, "fields": {"name": "CBPP description", "description": ""}}, {"model": "service_development.voicelabel", "pk": 96, "fields": {"name": "Black leg treatment", "description": ""}}, {"model": "service_development.voicelabel", "pk": 97, "fields": {"name": "Black leg description", "description": ""}}, {"model": "service_development.voicelabel", "pk": 98, "fields": {"name": "Anthrax treatment", "description": ""}}, {"model": "service_development.voicelabel", "pk": 99, "fields": {"name": "Anthrax description", "description": ""}}, {"model": "service_development.voicelabel", "pk": 100, "fields": {"name": "Tetanus treatment", "description": ""}}, {"model": "service_development.voicelabel", "pk": 101, "fields": {"name": "Tetanus description", "description": ""}}, {"model": "service_development.voicelabel", "pk": 102, "fields": {"name": "Loss of appetite?", "description": ""}}, {"model": "service_development.voicelabel", "pk": 104, "fields": {"name": "Fever", "description": ""}}, {"model": "service_development.voicelabel", "pk": 105, "fields": {"name": "Lameness?", "description": ""}}, {"model": "service_development.voicelabel", "pk": 110, "fields": {"name": "Lethargic and trembling", "description": ""}}, {"model": "service_development.voicelabel", "pk": 114, "fields": {"name": "Depression", "description": ""}}, {"model": "service_development.voicelabel", "pk": 115, "fields": {"name": "Difficulty in breathing?", "description": ""}}, {"model": "service_development.voicelabel", "pk": 116, "fields": {"name": "Cough?", "description": ""}}, {"model": "service_development.voicelabel", "pk": 117, "fields": {"name": "Convulsive movement?", "description": ""}}, {"model": "service_development.voicelabel", "pk": 123, "fields": {"name": "Sudden death", "description": ""}}, {"model": "service_development.voicelabel", "pk": 124, "fields": {"name": "Sudden collapse", "description": ""}}, {"model": "service_development.voicelabel", "pk": 125, "fields": {"name": "Avian Influenza", "description": ""}}, {"model": "service_development.voicelabel", "pk": 126, "fields": {"name": "Fowl pox", "description": ""}}, {"model": "service_development.voicelabel", "pk": 127, "fields": {"name": "Newcastle disease", "description": ""}}, {"model": "service_development.voicelabel", "pk": 128, "fields": {"name": "Less egg", "description": ""}}, {"model": "service_development.voicelabel", "pk": 129, "fields": {"name": "Twisted neck", "description": ""}}, {"model": "service_development.voicelabel", "pk": 130, "fields": {"name": "Diagnose", "description": ""}}, {"model": "service_development.language", "pk": 1, "fields": {"name": "Nederlands", "code": "nl", "voice_label": 1, "error_message": 2, "select_language": 8, "pre_choice_option": 9, "post_choice_option": 10, "one": 11, "two": 12, "three": 13, "four": 14, "five": 15, "six": 16, "seven": 17, "eight": 18, "nine": 19, "zero": 20}}, {"model": "service_development.language", "pk": 2, "fields": {"name": "English", "code": "en", "voice_label": 4, "error_message": 2, "select_language": 8, "pre_choice_option": 9, "post_choice_option": 10, "one": 11, "two": 12, "three": 13, "four": 14, "five": 15, "six": 16, "seven": 17, "eight": 18, "nine": 19, "zero": 20}}, {"model": "service_development.language", "pk": 3, "fields": {"name": "French", "code": "fr", "voice_label": 7, "error_message": 2, "select_language": 8, "pre_choice_option": 9, "post_choice_option": 10, "one": 11, "two": 12, "three": 13, "four": 14, "five": 15, "six": 16, "seven": 17, "eight": 18, "nine": 19, "zero": 20}}, {"model": "service_development.voicefragment", "pk": 1, "fields": {"parent": 6, "language": 2, "audio": "boring_guy_en.wav"}}, {"model": "service_development.voicefragment", "pk": 2, "fields": {"parent": 6, "language": 1, "audio": "boring_guy_nl.wav"}}, {"model": "service_development.voicefragment", "pk": 6, "fields": {"parent": 22, "language": 1, "audio": "no_nl.wav"}}, {"model": "service_development.voicefragment", "pk": 7, "fields": {"parent": 22, "language": 2, "audio": "no_en.wav"}}, {"model": "service_development.voicefragment", "pk": 8, "fields": {"parent": 22, "language": 3, "audio": "no_fr.wav"}}, {"model": "service_development.voicefragment", "pk": 9, "fields": {"parent": 21, "language": 1, "audio": "yes_nl.wav"}}, {"model": "service_development.voicefragment", "pk": 10, "fields": {"parent": 21, "language": 2, "audio": "yes_en.wav"}}, {"model": "service_development.voicefragment", "pk": 11, "fields": {"parent": 21, "language": 3, "audio": "yes_fr.wav"}}, {"model": "service_development.voicefragment", "pk": 12, "fields": {"parent": 20, "language": 1, "audio": "0_nl.wav"}}, {"model": "service_development.voicefragment", "pk": 13, "fields": {"parent": 20, "language": 2, "audio": "0_en.wav"}}, {"model": "service_development.voicefragment", "pk": 14, "fields": {"parent": 20, "language": 3, "audio": "0_fr.wav"}}, {"model": "service_development.voicefragment", "pk": 15, "fields": {"parent": 19, "language": 1, "audio": "9_nl.wav"}}, {"model": "service_development.voicefragment", "pk": 16, "fields": {"parent": 19, "language": 2, "audio": "9_fr.wav"}}, {"model": "service_development.voicefragment", "pk": 17, "fields": {"parent": 19, "language": 3, "audio": "9_en.wav"}}, {"model": "service_development.voicefragment", "pk": 18, "fields": {"parent": 18, "language": 1, "audio": "8_nl.wav"}}, {"model": "service_development.voicefragment", "pk": 19, "fields": {"parent": 18, "language": 2, "audio": "8_en.wav"}}, {"model": "service_development.voicefragment", "pk": 20, "fields": {"parent": 18, "language": 3, "audio": "8_fr.wav"}}, {"model": "service_development.voicefragment", "pk": 21, "fields": {"parent": 17, "language": 1, "audio": "7_nl.wav"}}, {"model": "service_development.voicefragment", "pk": 22, "fields": {"parent": 17, "language": 2, "audio": "7_en.wav"}}, {"model": "service_development.voicefragment", "pk": 23, "fields": {"parent": 17, "language": 3, "audio": "7_fr.wav"}}, {"model": "service_development.voicefragment", "pk": 24, "fields": {"parent": 16, "language": 1, "audio": "6_nl.wav"}}, {"model": "service_development.voicefragment", "pk": 25, "fields": {"parent": 16, "language": 2, "audio": "6_en.wav"}}, {"model": "service_development.voicefragment", "pk": 26, "fields": {"parent": 16, "language": 3, "audio": "6_fr.wav"}}, {"model": "service_development.voicefragment", "pk": 27, "fields": {"parent": 15, "language": 1, "audio": "5_nl.wav"}}, {"model": "service_development.voicefragment", "pk": 28, "fields": {"parent": 15, "language": 2, "audio": "5_en.wav"}}, {"model": "service_development.voicefragment", "pk": 29, "fields": {"parent": 15, "language": 3, "audio": "5_fr.wav"}}, {"model": "service_development.voicefragment", "pk": 30, "fields": {"parent": 14, "language": 1, "audio": "4_nl.wav"}}, {"model": "service_development.voicefragment", "pk": 31, "fields": {"parent": 14, "language": 2, "audio": "4_fr.wav"}}, {"model": "service_development.voicefragment", "pk": 32, "fields": {"parent": 14, "language": 3, "audio": "4_en.wav"}}, {"model": "service_development.voicefragment", "pk": 33, "fields": {"parent": 13, "language": 1, "audio": "3_nl.wav"}}, {"model": "service_development.voicefragment", "pk": 34, "fields": {"parent": 13, "language": 2, "audio": "3_en.wav"}}, {"model": "service_development.voicefragment", "pk": 35, "fields": {"parent": 13, "language": 3, "audio": "3_fr.wav"}}, {"model": "service_development.voicefragment", "pk": 36, "fields": {"parent": 12, "language": 1, "audio": "2_nl.wav"}}, {"model": "service_development.voicefragment", "pk": 37, "fields": {"parent": 12, "language": 2, "audio": "2_en.wav"}}, {"model": "service_development.voicefragment", "pk": 38, "fields": {"parent": 12, "language": 3, "audio": "2_fr.wav"}}, {"model": "service_development.voicefragment", "pk": 39, "fields": {"parent": 11, "language": 1, "audio": "1_nl.wav"}}, {"model": "service_development.voicefragment", "pk": 40, "fields": {"parent": 11, "language": 2, "audio": "1_en.wav"}}, {"model": "service_development.voicefragment", "pk": 41, "fields": {"parent": 11, "language": 3, "audio": "1_fr.wav"}}, {"model": "service_development.voicefragment", "pk": 42, "fields": {"parent": 10, "language": 1, "audio": "post_choice_option_nl.wav"}}, {"model": "service_development.voicefragment", "pk": 43, "fields": {"parent": 10, "language": 2, "audio": "post_choice_option_en.wav"}}, {"model": "service_development.voicefragment", "pk": 44, "fields": {"parent": 10, "language": 3, "audio": "post_choice_option_fr.wav"}}, {"model": "service_development.voicefragment", "pk": 45, "fields": {"parent": 9, "language": 1, "audio": "pre_choice_option_nl.wav"}}, {"model": "service_development.voicefragment", "pk": 46, "fields": {"parent": 9, "language": 2, "audio": "pre_choice_option_en.wav"}}, {"model": "service_development.voicefragment", "pk": 47, "fields": {"parent": 9, "language": 3, "audio": "pre_choice_option_fr.wav"}}, {"model": "service_development.voicefragment", "pk": 48, "fields": {"parent": 8, "language": 1, "audio": "select_language_nl.wav"}}, {"model": "service_development.voicefragment", "pk": 49, "fields": {"parent": 8, "language": 2, "audio": "select_language_en.wav"}}, {"model": "service_development.voicefragment", "pk": 50, "fields": {"parent": 8, "language": 3, "audio": "select_language_fr.wav"}}, {"model": "service_development.voicefragment", "pk": 51, "fields": {"parent": 7, "language": 1, "audio": "french_nl.wav"}}, {"model": "service_development.voicefragment", "pk": 52, "fields": {"parent": 7, "language": 2, "audio": "french_en.wav"}}, {"model": "service_development.voicefragment", "pk": 53, "fields": {"parent": 7, "language": 3, "audio": "french_fr.wav"}}, {"model": "service_development.voicefragment", "pk": 54, "fields": {"parent": 6, "language": 3, "audio": "boring_guy_fr.wav"}}, {"model": "service_development.voicefragment", "pk": 55, "fields": {"parent": 5, "language": 1, "audio": "thank_you_for_using_nl.wav"}}, {"model": "service_development.voicefragment", "pk": 56, "fields": {"parent": 5, "language": 2, "audio": "thank_you_for_using_en.wav"}}, {"model": "service_development.voicefragment", "pk": 57, "fields": {"parent": 5, "language": 3, "audio": "thank_you_for_using_fr.wav"}}, {"model": "service_development.voicefragment", "pk": 58, "fields": {"parent": 4, "language": 1, "audio": "english_nl.wav"}}, {"model": "service_development.voicefragment", "pk": 59, "fields": {"parent": 4, "language": 2, "audio": "english_en.wav"}}, {"model": "service_development.voicefragment", "pk": 60, "fields": {"parent": 4, "language": 3, "audio": "english_fr.wav"}}, {"model": "service_development.voicefragment", "pk": 61, "fields": {"parent": 3, "language": 1, "audio": "truth_nl.wav"}}, {"model": "service_development.voicefragment", "pk": 62, "fields": {"parent": 3, "language": 2, "audio": "truth_en.wav"}}, {"model": "service_development.voicefragment", "pk": 63, "fields": {"parent": 3, "language": 3, "audio": "truth_fr.wav"}}, {"model": "service_development.voicefragment", "pk": 64, "fields": {"parent": 2, "language": 1, "audio": "error_nl.wav"}}, {"model": "service_development.voicefragment", "pk": 65, "fields": {"parent": 2, "language": 2, "audio": "error_en.wav"}}, {"model": "service_development.voicefragment", "pk": 66, "fields": {"parent": 2, "language": 3, "audio": "error_fr.wav"}}, {"model": "service_development.voicefragment", "pk": 67, "fields": {"parent": 1, "language": 1, "audio": "dutch_nl.wav"}}, {"model": "service_development.voicefragment", "pk": 68, "fields": {"parent": 1, "language": 2, "audio": "dutch_en.wav"}}, {"model": "service_development.voicefragment", "pk": 69, "fields": {"parent": 1, "language": 3, "audio": "dutch_fr.wav"}}, {"model": "service_development.voicefragment", "pk": 70, "fields": {"parent": 23, "language": 1, "audio": "king_question_nl.wav"}}, {"model": "service_development.voicefragment", "pk": 71, "fields": {"parent": 23, "language": 2, "audio": "king_question_en.wav"}}, {"model": "service_development.voicefragment", "pk": 72, "fields": {"parent": 23, "language": 3, "audio": "king_question_fr.wav"}}, {"model": "service_development.voicefragment", "pk": 126, "fields": {"parent": 75, "language": 2, "audio": "en_unidentified_disease_6DCAY9p.wav"}}, {"model": "service_development.voicefragment", "pk": 127, "fields": {"parent": 75, "language": 3, "audio": "en_unidentified_disease_4k79ex1.wav"}}, {"model": "service_development.voicefragment", "pk": 129, "fields": {"parent": 75, "language": 1, "audio": "en_unidentified_disease_62afn8f.wav"}}, {"model": "service_development.voicefragment", "pk": 134, "fields": {"parent": 77, "language": 2, "audio": "en_goat_bUfXyW2.wav"}}, {"model": "service_development.voicefragment", "pk": 135, "fields": {"parent": 77, "language": 3, "audio": "en_goat_PwkfUnz.wav"}}, {"model": "service_development.voicefragment", "pk": 136, "fields": {"parent": 77, "language": 1, "audio": "en_goat_6wHBmEC.wav"}}, {"model": "service_development.voicefragment", "pk": 137, "fields": {"parent": 78, "language": 2, "audio": "en_animaltype_Me89iol.wav"}}, {"model": "service_development.voicefragment", "pk": 138, "fields": {"parent": 78, "language": 3, "audio": "en_animaltype_lDHGdjQ.wav"}}, {"model": "service_development.voicefragment", "pk": 139, "fields": {"parent": 78, "language": 1, "audio": "en_animaltype_CYcDERv.wav"}}, {"model": "service_development.voicefragment", "pk": 140, "fields": {"parent": 79, "language": 1, "audio": "en_selectregion_GKXw223.wav"}}, {"model": "service_development.voicefragment", "pk": 141, "fields": {"parent": 79, "language": 2, "audio": "en_selectregion_ZMRsU0S.wav"}}, {"model": "service_development.voicefragment", "pk": 142, "fields": {"parent": 79, "language": 3, "audio": "en_selectregion_pcKiT9S.wav"}}, {"model": "service_development.voicefragment", "pk": 143, "fields": {"parent": 80, "language": 1, "audio": "en_central_region_Gfxp3Jo.wav"}}, {"model": "service_development.voicefragment", "pk": 144, "fields": {"parent": 80, "language": 2, "audio": "en_central_region_MAp1zH3.wav"}}, {"model": "service_development.voicefragment", "pk": 145, "fields": {"parent": 80, "language": 3, "audio": "en_central_region_z17VBzG.wav"}}, {"model": "service_development.voicefragment", "pk": 146, "fields": {"parent": 81, "language": 1, "audio": "en_eastern_region_4JOSGmW.wav"}}, {"model": "service_development.voicefragment", "pk": 147, "fields": {"parent": 81, "language": 2, "audio": "en_eastern_region_F9QWVZ8.wav"}}, {"model": "service_development.voicefragment", "pk": 148, "fields": {"parent": 81, "language": 3, "audio": "en_eastern_region_40gssDj.wav"}}, {"model": "service_development.voicefragment", "pk": 149, "fields": {"parent": 82, "language": 1, "audio": "en_northen_region_NjXCdz2.wav"}}, {"model": "service_development.voicefragment", "pk": 150, "fields": {"parent": 82, "language": 2, "audio": "en_northen_region_Dx6kIF6.wav"}}, {"model": "service_development.voicefragment", "pk": 151, "fields": {"parent": 82, "language": 3, "audio": "en_northen_region_PuSxJy9.wav"}}, {"model": "service_development.voicefragment", "pk": 152, "fields": {"parent": 83, "language": 1, "audio": "en_western_region_C03MdAO.wav"}}, {"model": "service_development.voicefragment", "pk": 153, "fields": {"parent": 83, "language": 2, "audio": "en_western_region_mUcwdDj.wav"}}, {"model": "service_development.voicefragment", "pk": 154, "fields": {"parent": 83, "language": 3, "audio": "en_western_region_HdJiHwI.wav"}}, {"model": "service_development.voicefragment", "pk": 155, "fields": {"parent": 84, "language": 1, "audio": "en_cattle_NsNHqLX.wav"}}, {"model": "service_development.voicefragment", "pk": 156, "fields": {"parent": 84, "language": 2, "audio": "en_cattle_Rh1W646.wav"}}, {"model": "service_development.voicefragment", "pk": 157, "fields": {"parent": 84, "language": 3, "audio": "en_cattle_Le8UrqJ.wav"}}, {"model": "service_development.voicefragment", "pk": 161, "fields": {"parent": 86, "language": 2, "audio": "en_urgentdisease_dU9yXPP.wav"}}, {"model": "service_development.voicefragment", "pk": 163, "fields": {"parent": 88, "language": 2, "audio": "en_footrot_bCfGry0.wav"}}, {"model": "service_development.voicefragment", "pk": 164, "fields": {"parent": 89, "language": 2, "audio": "en_footrot_treatment_8CyB9iI.wav"}}, {"model": "service_development.voicefragment", "pk": 167, "fields": {"parent": 92, "language": 2, "audio": "en_fmd_treatment_yH9h5Bp.wav"}}, {"model": "service_development.voicefragment", "pk": 168, "fields": {"parent": 93, "language": 2, "audio": "en_fmd_ZIFMM8j.wav"}}, {"model": "service_development.voicefragment", "pk": 169, "fields": {"parent": 94, "language": 2, "audio": "en_cbpp_treatment_ZnybyI4.wav"}}, {"model": "service_development.voicefragment", "pk": 170, "fields": {"parent": 95, "language": 2, "audio": "en_cbpp_Lw6UnwN.wav"}}, {"model": "service_development.voicefragment", "pk": 171, "fields": {"parent": 96, "language": 2, "audio": "en_blackleg_treatment_kNNwyZY.wav"}}, {"model": "service_development.voicefragment", "pk": 172, "fields": {"parent": 97, "language": 2, "audio": "en_blackleg_EVhrc9Y.wav"}}, {"model": "service_development.voicefragment", "pk": 173, "fields": {"parent": 98, "language": 2, "audio": "en_anthrax_treatment_8sM6JAM.wav"}}, {"model": "service_development.voicefragment", "pk": 174, "fields": {"parent": 99, "language": 2, "audio": "en_anthrax_pmVLOav.wav"}}, {"model": "service_development.voicefragment", "pk": 175, "fields": {"parent": 100, "language": 2, "audio": "en_tetanus_treatment_qFfiLZh.wav"}}, {"model": "service_development.voicefragment", "pk": 176, "fields": {"parent": 101, "language": 2, "audio": "en_tetanus_kHfiLJT.wav"}}, {"model": "service_development.voicefragment", "pk": 177, "fields": {"parent": 102, "language": 2, "audio": "en_lossappetite_KHiikwi.wav"}}, {"model": "service_development.voicefragment", "pk": 179, "fields": {"parent": 104, "language": 2, "audio": "en_fever_BQmzVcY.wav"}}, {"model": "service_development.voicefragment", "pk": 180, "fields": {"parent": 105, "language": 2, "audio": "en_lameness_82wGlaR.wav"}}, {"model": "service_development.voicefragment", "pk": 185, "fields": {"parent": 110, "language": 2, "audio": "en_lethargic_trembling_1DMELgr.wav"}}, {"model": "service_development.voicefragment", "pk": 189, "fields": {"parent": 114, "language": 2, "audio": "en_depression_EUQ9Lo1.wav"}}, {"model": "service_development.voicefragment", "pk": 190, "fields": {"parent": 115, "language": 2, "audio": "en_difficultybreathing_LFp7Z8R.wav"}}, {"model": "service_development.voicefragment", "pk": 191, "fields": {"parent": 116, "language": 2, "audio": "en_cough_n9d3wxi.wav"}}, {"model": "service_development.voicefragment", "pk": 192, "fields": {"parent": 117, "language": 2, "audio": "en_convulsive_OSB2ie5.wav"}}, {"model": "service_development.voicefragment", "pk": 198, "fields": {"parent": 123, "language": 2, "audio": "en_depression_knyvyQZ.wav"}}, {"model": "service_development.voicefragment", "pk": 199, "fields": {"parent": 124, "language": 2, "audio": "en_lethargic_trembling_vAN8bmt.wav"}}, {"model": "service_development.voicefragment", "pk": 200, "fields": {"parent": 125, "language": 2, "audio": "en_blackleg_12wnQzB.wav"}}, {"model": "service_development.voicefragment", "pk": 201, "fields": {"parent": 126, "language": 2, "audio": "en_footrot_ysMDIaa.wav"}}, {"model": "service_development.voicefragment", "pk": 202, "fields": {"parent": 127, "language": 2, "audio": "en_tetanus_0TYVGj3.wav"}}, {"model": "service_development.voicefragment", "pk": 203, "fields": {"parent": 128, "language": 2, "audio": "en_lameness_6GUJtvA.wav"}}, {"model": "service_development.voicefragment", "pk": 204, "fields": {"parent": 129, "language": 2, "audio": "en_cough_X1soG7N.wav"}}, {"model": "service_development.voicefragment", "pk": 205, "fields": {"parent": 130, "language": 2, "audio": "diagnose_MBYTua7.wav"}}, {"model": "service_development.voiceservicesubelement", "pk": 6, "fields": {"service": 3, "creation_date": "2017-04-23T21:11:06.805Z", "modification_date": "2017-05-03T15:13:21.216Z", "name": "Thank you for using this service", "description": "", "voice_label": 5}}, {"model": "service_development.voiceservicesubelement", "pk": 20, "fields": {"service": 3, "creation_date": "2017-05-03T08:06:05.761Z", "modification_date": "2017-05-03T15:26:08.109Z", "name": "Unindentified disease", "description": "", "voice_label": 75}}, {"model": "service_development.voiceservicesubelement", "pk": 22, "fields": {"service": 3, "creation_date": "2017-05-03T08:09:12.359Z", "modification_date": "2017-05-03T16:21:23.088Z", "name": "Yes", "description": "", "voice_label": 21}}, {"model": "service_development.voiceservicesubelement", "pk": 23, "fields": {"service": 3, "creation_date": "2017-05-03T08:09:12.361Z", "modification_date": "2017-05-03T16:21:23.089Z", "name": "No", "description": "", "voice_label": 22}}, {"model": "service_development.voiceservicesubelement", "pk": 30, "fields": {"service": 3, "creation_date": "2017-05-03T15:12:36.583Z", "modification_date": "2017-05-03T15:12:36.583Z", "name": "Urgent disease", "description": "", "voice_label": 86}}, {"model": "service_development.voiceservicesubelement", "pk": 32, "fields": {"service": 3, "creation_date": "2017-05-03T15:15:30.557Z", "modification_date": "2017-05-03T15:16:16.644Z", "name": "Foot Rot disease", "description": "", "voice_label": 88}}, {"model": "service_development.voiceservicesubelement", "pk": 33, "fields": {"service": 3, "creation_date": "2017-05-03T15:16:05.477Z", "modification_date": "2017-05-03T15:16:05.477Z", "name": "Foot Rot treatment", "description": "", "voice_label": 89}}, {"model": "service_development.voiceservicesubelement", "pk": 36, "fields": {"service": 3, "creation_date": "2017-05-03T15:18:28.585Z", "modification_date": "2017-05-03T15:18:28.585Z", "name": "FMD treatment", "description": "", "voice_label": 92}}, {"model": "service_development.voiceservicesubelement", "pk": 37, "fields": {"service": 3, "creation_date": "2017-05-03T15:19:09.956Z", "modification_date": "2017-05-03T15:19:09.956Z", "name": "FMD disease", "description": "", "voice_label": 93}}, {"model": "service_development.voiceservicesubelement", "pk": 38, "fields": {"service": 3, "creation_date": "2017-05-03T15:20:00.728Z", "modification_date": "2017-05-03T15:20:00.728Z", "name": "CBPP treatment", "description": "", "voice_label": 94}}, {"model": "service_development.voiceservicesubelement", "pk": 39, "fields": {"service": 3, "creation_date": "2017-05-03T15:20:37.235Z", "modification_date": "2017-05-03T15:20:37.235Z", "name": "CBPP disease", "description": "", "voice_label": 95}}, {"model": "service_development.voiceservicesubelement", "pk": 40, "fields": {"service": 3, "creation_date": "2017-05-03T15:21:11.276Z", "modification_date": "2017-05-03T15:21:11.276Z", "name": "Black leg treatment", "description": "", "voice_label": 96}}, {"model": "service_development.voiceservicesubelement", "pk": 41, "fields": {"service": 3, "creation_date": "2017-05-03T15:21:44.868Z", "modification_date": "2017-05-03T15:21:44.868Z", "name": "Black leg disease", "description": "", "voice_label": 97}}, {"model": "service_development.voiceservicesubelement", "pk": 42, "fields": {"service": 3, "creation_date": "2017-05-03T15:23:00.925Z", "modification_date": "2017-05-03T15:23:00.925Z", "name": "Anthrax treatment", "description": "", "voice_label": 98}}, {"model": "service_development.voiceservicesubelement", "pk": 43, "fields": {"service": 3, "creation_date": "2017-05-03T15:23:48.052Z", "modification_date": "2017-05-03T15:23:48.052Z", "name": "Anthrax disease", "description": "", "voice_label": 99}}, {"model": "service_development.voiceservicesubelement", "pk": 44, "fields": {"service": 3, "creation_date": "2017-05-03T15:24:25.847Z", "modification_date": "2017-05-03T15:24:25.847Z", "name": "Tetanus treatment", "description": "", "voice_label": 100}}, {"model": "service_development.voiceservicesubelement", "pk": 45, "fields": {"service": 3, "creation_date": "2017-05-03T15:25:04.691Z", "modification_date": "2017-05-03T15:25:04.691Z", "name": "Tetanus disease", "description": "", "voice_label": 101}}, {"model": "service_development.voiceservicesubelement", "pk": 65, "fields": {"service": 3, "creation_date": "2017-05-03T16:13:25.664Z", "modification_date": "2017-05-03T16:13:25.664Z", "name": "Yes", "description": "", "voice_label": 21}}, {"model": "service_development.voiceservicesubelement", "pk": 66, "fields": {"service": 3, "creation_date": "2017-05-03T16:13:25.666Z", "modification_date": "2017-05-03T16:13:25.666Z", "name": "No", "description": "", "voice_label": 22}}, {"model": "service_development.voiceservicesubelement", "pk": 67, "fields": {"service": 3, "creation_date": "2017-05-03T16:16:02.515Z", "modification_date": "2017-05-03T16:16:02.515Z", "name": "Yes", "description": "", "voice_label": 21}}, {"model": "service_development.voiceservicesubelement", "pk": 68, "fields": {"service": 3, "creation_date": "2017-05-03T16:16:02.517Z", "modification_date": "2017-05-03T16:16:02.517Z", "name": "No", "description": "", "voice_label": 22}}, {"model": "service_development.voiceservicesubelement", "pk": 69, "fields": {"service": 3, "creation_date": "2017-05-03T16:17:19.411Z", "modification_date": "2017-05-03T16:17:19.411Z", "name": "Yes", "description": "", "voice_label": 21}}, {"model": "service_development.voiceservicesubelement", "pk": 70, "fields": {"service": 3, "creation_date": "2017-05-03T16:17:19.413Z", "modification_date": "2017-05-03T16:17:19.413Z", "name": "No", "description": "", "voice_label": 22}}, {"model": "service_development.voiceservicesubelement", "pk": 71, "fields": {"service": 3, "creation_date": "2017-05-03T16:18:50.989Z", "modification_date": "2017-05-03T16:18:50.989Z", "name": "Yes", "description": "", "voice_label": 21}}, {"model": "service_development.voiceservicesubelement", "pk": 72, "fields": {"service": 3, "creation_date": "2017-05-03T16:18:50.994Z", "modification_date": "2017-05-03T16:18:50.994Z", "name": "No", "description": "", "voice_label": 22}}, {"model": "service_development.voiceservicesubelement", "pk": 73, "fields": {"service": 3, "creation_date": "2017-05-03T16:19:30.838Z", "modification_date": "2017-05-03T16:19:30.838Z", "name": "Yes", "description": "", "voice_label": 21}}, {"model": "service_development.voiceservicesubelement", "pk": 74, "fields": {"service": 3, "creation_date": "2017-05-03T16:19:30.842Z", "modification_date": "2017-05-03T16:19:30.843Z", "name": "No", "description": "", "voice_label": 22}}, {"model": "service_development.voiceservicesubelement", "pk": 75, "fields": {"service": 3, "creation_date": "2017-05-03T16:23:03.273Z", "modification_date": "2017-05-03T16:23:03.273Z", "name": "Yes", "description": "", "voice_label": 21}}, {"model": "service_development.voiceservicesubelement", "pk": 76, "fields": {"service": 3, "creation_date": "2017-05-03T16:23:03.278Z", "modification_date": "2017-05-03T16:42:01.355Z", "name": "No", "description": "", "voice_label": 22}}, {"model": "service_development.voiceservicesubelement", "pk": 77, "fields": {"service": 3, "creation_date": "2017-05-03T16:23:53.193Z", "modification_date": "2017-05-03T16:23:53.193Z", "name": "Yes", "description": "", "voice_label": 21}}, {"model": "service_development.voiceservicesubelement", "pk": 78, "fields": {"service": 3, "creation_date": "2017-05-03T16:23:53.194Z", "modification_date": "2017-05-03T16:23:53.194Z", "name": "No", "description": "", "voice_label": 22}}, {"model": "service_development.voiceservicesubelement", "pk": 79, "fields": {"service": 3, "creation_date": "2017-05-03T16:25:12.952Z", "modification_date": "2017-05-03T16:25:12.952Z", "name": "Yes", "description": "", "voice_label": 21}}, {"model": "service_development.voiceservicesubelement", "pk": 80, "fields": {"service": 3, "creation_date": "2017-05-03T16:25:12.954Z", "modification_date": "2017-05-03T16:25:12.954Z", "name": "No", "description": "", "voice_label": 22}}, {"model": "service_development.voiceservicesubelement", "pk": 81, "fields": {"service": 3, "creation_date": "2017-05-03T16:29:56.748Z", "modification_date": "2017-05-03T16:29:56.748Z", "name": "Yes", "description": "", "voice_label": 21}}, {"model": "service_development.voiceservicesubelement", "pk": 82, "fields": {"service": 3, "creation_date": "2017-05-03T16:29:56.750Z", "modification_date": "2017-05-03T16:29:56.750Z", "name": "No", "description": "", "voice_label": 22}}, {"model": "service_development.voiceservicesubelement", "pk": 83, "fields": {"service": 3, "creation_date": "2017-05-03T16:30:30.262Z", "modification_date": "2017-05-03T16:30:30.262Z", "name": "Yes", "description": "", "voice_label": 21}}, {"model": "service_development.voiceservicesubelement", "pk": 84, "fields": {"service": 3, "creation_date": "2017-05-03T16:30:30.264Z", "modification_date": "2017-05-03T16:30:30.264Z", "name": "No", "description": "", "voice_label": 22}}, {"model": "service_development.voiceservicesubelement", "pk": 85, "fields": {"service": 3, "creation_date": "2017-05-03T16:32:10.496Z", "modification_date": "2017-05-04T17:29:33.249Z", "name": "Yes", "description": "", "voice_label": 21}}, {"model": "service_development.voiceservicesubelement", "pk": 86, "fields": {"service": 3, "creation_date": "2017-05-03T16:32:10.498Z", "modification_date": "2017-05-04T17:29:33.251Z", "name": "No", "description": "", "voice_label": 22}}, {"model": "service_development.voiceservicesubelement", "pk": 87, "fields": {"service": 3, "creation_date": "2017-05-03T16:32:45.795Z", "modification_date": "2017-05-03T16:32:45.796Z", "name": "Yes", "description": "", "voice_label": 21}}, {"model": "service_development.voiceservicesubelement", "pk": 88, "fields": {"service": 3, "creation_date": "2017-05-03T16:32:45.798Z", "modification_date": "2017-05-03T16:32:45.798Z", "name": "No", "description": "", "voice_label": 22}}, {"model": "service_development.voiceservicesubelement", "pk": 89, "fields": {"service": 3, "creation_date": "2017-05-03T16:42:46.123Z", "modification_date": "2017-05-03T16:42:46.123Z", "name": "Yes", "description": "", "voice_label": 21}}, {"model": "service_development.voiceservicesubelement", "pk": 90, "fields": {"service": 3, "creation_date": "2017-05-03T16:42:46.124Z", "modification_date": "2017-05-03T16:42:46.124Z", "name": "No", "description": "", "voice_label": 22}}, {"model": "service_development.voiceservicesubelement", "pk": 91, "fields": {"service": 3, "creation_date": "2017-05-03T18:39:13.571Z", "modification_date": "2017-05-03T20:25:31.072Z", "name": "Animal type", "description": "", "voice_label": 78}}, {"model": "service_development.voiceservicesubelement", "pk": 92, "fields": {"service": 3, "creation_date": "2017-05-03T20:25:31.152Z", "modification_date": "2017-05-03T20:25:31.152Z", "name": "cattle", "description": "", "voice_label": 84}}, {"model": "service_development.voiceservicesubelement", "pk": 93, "fields": {"service": 3, "creation_date": "2017-05-03T20:25:31.153Z", "modification_date": "2017-05-03T20:25:31.153Z", "name": "goat", "description": "", "voice_label": 77}}, {"model": "service_development.voiceservicesubelement", "pk": 94, "fields": {"service": 3, "creation_date": "2017-05-04T00:26:13.119Z", "modification_date": "2017-05-04T19:55:40.719Z", "name": "Type of animal", "description": "", "voice_label": 78}}, {"model": "service_development.voiceservicesubelement", "pk": 97, "fields": {"service": 3, "creation_date": "2017-05-04T00:29:53.699Z", "modification_date": "2017-05-04T00:31:16.435Z", "name": "Please select your region", "description": "", "voice_label": 79}}, {"model": "service_development.voiceservicesubelement", "pk": 98, "fields": {"service": 3, "creation_date": "2017-05-04T00:29:53.774Z", "modification_date": "2017-05-04T00:29:53.774Z", "name": "Central", "description": "", "voice_label": 80}}, {"model": "service_development.voiceservicesubelement", "pk": 99, "fields": {"service": 3, "creation_date": "2017-05-04T00:29:53.776Z", "modification_date": "2017-05-04T00:29:53.776Z", "name": "Easter", "description": "", "voice_label": 81}}, {"model": "service_development.voiceservicesubelement", "pk": 101, "fields": {"service": 3, "creation_date": "2017-05-04T17:46:54.846Z", "modification_date": "2017-05-04T19:55:30.151Z", "name": "Cattle", "description": "", "voice_label": 84}}, {"model": "service_development.voiceservicesubelement", "pk": 102, "fields": {"service": 3, "creation_date": "2017-05-04T17:46:54.851Z", "modification_date": "2017-05-04T19:55:40.725Z", "name": "Chicken", "description": "", "voice_label": 77}}, {"model": "service_development.voiceservicesubelement", "pk": 103, "fields": {"service": 3, "creation_date": "2017-05-04T17:48:01.722Z", "modification_date": "2017-05-04T17:51:37.978Z", "name": "Depression", "description": "", "voice_label": 114}}, {"model": "service_development.voiceservicesubelement", "pk": 104, "fields": {"service": 3, "creation_date": "2017-05-04T17:48:01.760Z", "modification_date": "2017-05-04T17:51:37.982Z", "name": "symptom 1", "description": "", "voice_label": 21}}, {"model": "service_development.voiceservicesubelement", "pk": 105, "fields": {"service": 3, "creation_date": "2017-05-04T17:48:01.761Z", "modification_date": "2017-05-04T17:51:37.984Z", "name": "symptom 1", "description": "", "voice_label": 22}}, {"model": "service_development.voiceservicesubelement", "pk": 106, "fields": {"service": 3, "creation_date": "2017-05-04T17:48:42.772Z", "modification_date": "2017-05-04T17:50:40.800Z", "name": "Fever", "description": "", "voice_label": 104}}, {"model": "service_development.voiceservicesubelement", "pk": 107, "fields": {"service": 3, "creation_date": "2017-05-04T17:48:42.798Z", "modification_date": "2017-05-04T17:50:40.808Z", "name": "symptom 2", "description": "", "voice_label": 21}}, {"model": "service_development.voiceservicesubelement", "pk": 108, "fields": {"service": 3, "creation_date": "2017-05-04T17:48:42.800Z", "modification_date": "2017-05-04T17:50:40.810Z", "name": "symptom 2", "description": "", "voice_label": 22}}, {"model": "service_development.voiceservicesubelement", "pk": 109, "fields": {"service": 3, "creation_date": "2017-05-04T17:49:20.390Z", "modification_date": "2017-05-04T17:50:22.960Z", "name": "Lethargy", "description": "", "voice_label": 110}}, {"model": "service_development.voiceservicesubelement", "pk": 110, "fields": {"service": 3, "creation_date": "2017-05-04T17:49:20.479Z", "modification_date": "2017-05-04T17:50:22.964Z", "name": "symptom 3", "description": "", "voice_label": 21}}, {"model": "service_development.voiceservicesubelement", "pk": 111, "fields": {"service": 3, "creation_date": "2017-05-04T17:49:20.480Z", "modification_date": "2017-05-04T17:50:22.965Z", "name": "symptom 3", "description": "", "voice_label": 22}}, {"model": "service_development.voiceservicesubelement", "pk": 112, "fields": {"service": 3, "creation_date": "2017-05-04T17:49:58.722Z", "modification_date": "2017-05-04T19:24:27.593Z", "name": "Difficulty in breathing choice", "description": "", "voice_label": 115}}, {"model": "service_development.voiceservicesubelement", "pk": 113, "fields": {"service": 3, "creation_date": "2017-05-04T17:49:58.776Z", "modification_date": "2017-05-04T17:54:56.764Z", "name": "symptom 4", "description": "", "voice_label": 21}}, {"model": "service_development.voiceservicesubelement", "pk": 114, "fields": {"service": 3, "creation_date": "2017-05-04T17:49:58.780Z", "modification_date": "2017-05-04T17:54:56.765Z", "name": "symptom 4", "description": "", "voice_label": 22}}, {"model": "service_development.voiceservicesubelement", "pk": 115, "fields": {"service": 3, "creation_date": "2017-05-04T17:54:28.565Z", "modification_date": "2017-05-05T00:02:16.741Z", "name": "Wait diagnosis", "description": "", "voice_label": 130}}, {"model": "service_development.voiceservicesubelement", "pk": 116, "fields": {"service": 3, "creation_date": "2017-05-04T19:44:51.048Z", "modification_date": "2017-05-04T19:44:51.048Z", "name": "fever", "description": "", "voice_label": null}}, {"model": "service_development.voiceservicesubelement", "pk": 117, "fields": {"service": 3, "creation_date": "2017-05-04T19:44:51.085Z", "modification_date": "2017-05-04T19:44:51.086Z", "name": "difficult breath", "description": "", "voice_label": null}}, {"model": "service_development.voiceservicesubelement", "pk": 118, "fields": {"service": 3, "creation_date": "2017-05-04T19:55:12.696Z", "modification_date": "2017-05-04T19:55:12.696Z", "name": "Loss appetite", "description": "", "voice_label": 102}}, {"model": "service_development.voiceservicesubelement", "pk": 119, "fields": {"service": 3, "creation_date": "2017-05-04T20:27:20.264Z", "modification_date": "2017-05-04T20:27:20.265Z", "name": "depresion", "description": "", "voice_label": null}}, {"model": "service_development.voiceservicesubelement", "pk": 120, "fields": {"service": 3, "creation_date": "2017-05-04T20:27:20.318Z", "modification_date": "2017-05-04T20:27:20.318Z", "name": "fever", "description": "", "voice_label": null}}, {"model": "service_development.voiceservicesubelement", "pk": 121, "fields": {"service": 3, "creation_date": "2017-05-04T20:27:20.318Z", "modification_date": "2017-05-04T20:27:20.318Z", "name": "difficult breathing", "description": "", "voice_label": null}}, {"model": "service_development.voiceservicesubelement", "pk": 122, "fields": {"service": 3, "creation_date": "2017-05-04T20:28:07.487Z", "modification_date": "2017-05-04T20:28:07.487Z", "name": "lethargy", "description": "", "voice_label": null}}, {"model": "service_development.voiceservicesubelement", "pk": 123, "fields": {"service": 3, "creation_date": "2017-05-04T20:28:07.487Z", "modification_date": "2017-05-04T20:28:07.487Z", "name": "difficult breath", "description": "", "voice_label": null}}, {"model": "service_development.voiceserviceelement", "pk": 6, "fields": {}}, {"model": "service_development.voiceserviceelement", "pk": 20, "fields": {}}, {"model": "service_development.voiceserviceelement", "pk": 30, "fields": {}}, {"model": "service_development.voiceserviceelement", "pk": 32, "fields": {}}, {"model": "service_development.voiceserviceelement", "pk": 33, "fields": {}}, {"model": "service_development.voiceserviceelement", "pk": 36, "fields": {}}, {"model": "service_development.voiceserviceelement", "pk": 37, "fields": {}}, {"model": "service_development.voiceserviceelement", "pk": 38, "fields": {}}, {"model": "service_development.voiceserviceelement", "pk": 39, "fields": {}}, {"model": "service_development.voiceserviceelement", "pk": 40, "fields": {}}, {"model": "service_development.voiceserviceelement", "pk": 41, "fields": {}}, {"model": "service_development.voiceserviceelement", "pk": 42, "fields": {}}, {"model": "service_development.voiceserviceelement", "pk": 43, "fields": {}}, {"model": "service_development.voiceserviceelement", "pk": 44, "fields": {}}, {"model": "service_development.voiceserviceelement", "pk": 45, "fields": {}}, {"model": "service_development.voiceserviceelement", "pk": 91, "fields": {}}, {"model": "service_development.voiceserviceelement", "pk": 94, "fields": {}}, {"model": "service_development.voiceserviceelement", "pk": 97, "fields": {}}, {"model": "service_development.voiceserviceelement", "pk": 103, "fields": {}}, {"model": "service_development.voiceserviceelement", "pk": 106, "fields": {}}, {"model": "service_development.voiceserviceelement", "pk": 109, "fields": {}}, {"model": "service_development.voiceserviceelement", "pk": 112, "fields": {}}, {"model": "service_development.voiceserviceelement", "pk": 115, "fields": {}}, {"model": "service_development.voiceserviceelement", "pk": 118, "fields": {}}, {"model": "service_development.voiceservice", "pk": 3, "fields": {"name": "MobileVet", "description": "MobileVet service", "creation_date": "2017-05-03T15:10:31.735Z", "modification_date": "2017-05-04T00:31:46.604Z", "active": true, "_start_element": 97, "requires_registration": false, "supported_languages": [2]}}, {"model": "service_development.kasadakauser", "pk": 6, "fields": {"caller_id": "06451238", "first_name": "", "last_name": "", "creation_date": "2017-05-03T19:30:17.946Z", "modification_date": "2017-05-03T19:30:17.946Z", "language": 2, "service": 3}}, {"model": "service_development.kasadakauser", "pk": 7, "fields": {"caller_id": "06451238", "first_name": "", "last_name": "", "creation_date": "2017-05-03T19:43:22.784Z", "modification_date": "2017-05-03T19:43:22.784Z", "language": 2, "service": 3}}, {"model": "service_development.kasadakauser", "pk": 8, "fields": {"caller_id": "06451238", "first_name": "", "last_name": "", "creation_date": "2017-05-03T19:44:58.024Z", "modification_date": "2017-05-03T19:44:58.024Z", "language": 2, "service": 3}}, {"model": "service_development.kasadakauser", "pk": 9, "fields": {"caller_id": "06451238", "first_name": "", "last_name": "", "creation_date": "2017-05-03T19:46:35.789Z", "modification_date": "2017-05-03T19:46:35.789Z", "language": 2, "service": 3}}, {"model": "service_development.kasadakauser", "pk": 10, "fields": {"caller_id": "06451238", "first_name": "", "last_name": "", "creation_date": "2017-05-03T19:52:04.217Z", "modification_date": "2017-05-03T19:52:04.217Z", "language": 2, "service": 3}}, {"model": "service_development.kasadakauser", "pk": 11, "fields": {"caller_id": "06451238", "first_name": "", "last_name": "", "creation_date": "2017-05-03T19:54:10.742Z", "modification_date": "2017-05-03T19:54:10.742Z", "language": 2, "service": 3}}, {"model": "service_development.kasadakauser", "pk": 12, "fields": {"caller_id": "06451238", "first_name": "", "last_name": "", "creation_date": "2017-05-03T19:55:21.530Z", "modification_date": "2017-05-03T19:55:21.530Z", "language": 2, "service": 3}}, {"model": "service_development.kasadakauser", "pk": 13, "fields": {"caller_id": "06451238", "first_name": "", "last_name": "", "creation_date": "2017-05-03T19:57:19.778Z", "modification_date": "2017-05-03T19:57:19.778Z", "language": 2, "service": 3}}, {"model": "service_development.kasadakauser", "pk": 14, "fields": {"caller_id": "06451238", "first_name": "", "last_name": "", "creation_date": "2017-05-03T20:01:36.937Z", "modification_date": "2017-05-03T20:01:36.937Z", "language": 2, "service": 3}}, {"model": "service_development.kasadakauser", "pk": 15, "fields": {"caller_id": "06451238", "first_name": "", "last_name": "", "creation_date": "2017-05-03T20:04:06.934Z", "modification_date": "2017-05-03T20:04:06.935Z", "language": 2, "service": 3}}, {"model": "service_development.kasadakauser", "pk": 16, "fields": {"caller_id": "06451238", "first_name": "", "last_name": "", "creation_date": "2017-05-03T20:05:36.622Z", "modification_date": "2017-05-03T20:05:36.622Z", "language": 2, "service": 3}}, {"model": "service_development.kasadakauser", "pk": 17, "fields": {"caller_id": "06451238", "first_name": "", "last_name": "", "creation_date": "2017-05-03T20:13:37.540Z", "modification_date": "2017-05-03T20:13:37.540Z", "language": 2, "service": 3}}, {"model": "service_development.kasadakauser", "pk": 18, "fields": {"caller_id": "06451238", "first_name": "", "last_name": "", "creation_date": "2017-05-03T20:14:05.487Z", "modification_date": "2017-05-03T20:14:05.487Z", "language": 2, "service": 3}}, {"model": "service_development.kasadakauser", "pk": 19, "fields": {"caller_id": "06451238", "first_name": "", "last_name": "", "creation_date": "2017-05-03T20:15:13.527Z", "modification_date": "2017-05-03T20:15:13.527Z", "language": 2, "service": 3}}, {"model": "service_development.kasadakauser", "pk": 20, "fields": {"caller_id": "06451238", "first_name": "", "last_name": "", "creation_date": "2017-05-03T20:16:38.914Z", "modification_date": "2017-05-03T20:16:38.914Z", "language": 2, "service": 3}}, {"model": "service_development.kasadakauser", "pk": 21, "fields": {"caller_id": "06451238", "first_name": "", "last_name": "", "creation_date": "2017-05-03T20:25:38.439Z", "modification_date": "2017-05-03T20:25:38.439Z", "language": 2, "service": 3}}, {"model": "service_development.kasadakauser", "pk": 22, "fields": {"caller_id": "06451238", "first_name": "", "last_name": "", "creation_date": "2017-05-03T20:49:53.891Z", "modification_date": "2017-05-03T20:49:53.891Z", "language": 2, "service": 3}}, {"model": "service_development.kasadakauser", "pk": 23, "fields": {"caller_id": "06451238", "first_name": "", "last_name": "", "creation_date": "2017-05-03T20:53:09.667Z", "modification_date": "2017-05-03T20:53:09.667Z", "language": 2, "service": 3}}, {"model": "service_development.kasadakauser", "pk": 24, "fields": {"caller_id": "06451238", "first_name": "", "last_name": "", "creation_date": "2017-05-03T21:16:36.940Z", "modification_date": "2017-05-03T21:16:36.940Z", "language": 2, "service": 3}}, {"model": "service_development.kasadakauser", "pk": 25, "fields": {"caller_id": "06451238", "first_name": "", "last_name": "", "creation_date": "2017-05-03T21:18:49.066Z", "modification_date": "2017-05-03T21:18:49.066Z", "language": 2, "service": 3}}, {"model": "service_development.kasadakauser", "pk": 26, "fields": {"caller_id": "06451238", "first_name": "", "last_name": "", "creation_date": "2017-05-03T21:20:21.331Z", "modification_date": "2017-05-03T21:20:21.331Z", "language": 2, "service": 3}}, {"model": "service_development.kasadakauser", "pk": 27, "fields": {"caller_id": "06451238", "first_name": "", "last_name": "", "creation_date": "2017-05-03T21:20:51.946Z", "modification_date": "2017-05-03T21:20:51.946Z", "language": 2, "service": 3}}, {"model": "service_development.kasadakauser", "pk": 28, "fields": {"caller_id": "06451238", "first_name": "", "last_name": "", "creation_date": "2017-05-03T21:22:38.005Z", "modification_date": "2017-05-03T21:22:38.005Z", "language": 2, "service": 3}}, {"model": "service_development.kasadakauser", "pk": 29, "fields": {"caller_id": "06451238", "first_name": "", "last_name": "", "creation_date": "2017-05-03T21:23:01.570Z", "modification_date": "2017-05-03T21:23:01.570Z", "language": 2, "service": 3}}, {"model": "service_development.kasadakauser", "pk": 30, "fields": {"caller_id": "06451238", "first_name": "", "last_name": "", "creation_date": "2017-05-03T21:23:28.700Z", "modification_date": "2017-05-03T21:23:28.700Z", "language": 2, "service": 3}}, {"model": "service_development.kasadakauser", "pk": 31, "fields": {"caller_id": "06451238", "first_name": "", "last_name": "", "creation_date": "2017-05-03T22:05:21.348Z", "modification_date": "2017-05-03T22:05:21.348Z", "language": 2, "service": 3}}, {"model": "service_development.kasadakauser", "pk": 32, "fields": {"caller_id": "06451238", "first_name": "", "last_name": "", "creation_date": "2017-05-03T22:06:09.095Z", "modification_date": "2017-05-03T22:06:09.095Z", "language": 2, "service": 3}}, {"model": "service_development.kasadakauser", "pk": 33, "fields": {"caller_id": "06451238", "first_name": "", "last_name": "", "creation_date": "2017-05-03T22:06:36.889Z", "modification_date": "2017-05-03T22:06:36.889Z", "language": 2, "service": 3}}, {"model": "service_development.kasadakauser", "pk": 34, "fields": {"caller_id": "06451238", "first_name": "", "last_name": "", "creation_date": "2017-05-04T00:32:13.881Z", "modification_date": "2017-05-04T00:32:13.881Z", "language": 2, "service": 3}}, {"model": "service_development.kasadakauser", "pk": 35, "fields": {"caller_id": "06451238", "first_name": "", "last_name": "", "creation_date": "2017-05-04T00:33:29.204Z", "modification_date": "2017-05-04T00:33:29.204Z", "language": 2, "service": 3}}, {"model": "service_development.kasadakauser", "pk": 36, "fields": {"caller_id": "06451238", "first_name": "", "last_name": "", "creation_date": "2017-05-04T00:34:03.248Z", "modification_date": "2017-05-04T00:34:03.248Z", "language": 2, "service": 3}}, {"model": "service_development.kasadakauser", "pk": 37, "fields": {"caller_id": "06451238", "first_name": "", "last_name": "", "creation_date": "2017-05-04T00:38:46.415Z", "modification_date": "2017-05-04T00:38:46.416Z", "language": 2, "service": 3}}, {"model": "service_development.kasadakauser", "pk": 38, "fields": {"caller_id": "06451238", "first_name": "", "last_name": "", "creation_date": "2017-05-04T00:41:55.420Z", "modification_date": "2017-05-04T00:41:55.420Z", "language": 2, "service": 3}}, {"model": "service_development.kasadakauser", "pk": 39, "fields": {"caller_id": "06451238", "first_name": "", "last_name": "", "creation_date": "2017-05-04T00:42:45.844Z", "modification_date": "2017-05-04T00:42:45.844Z", "language": 2, "service": 3}}, {"model": "service_development.kasadakauser", "pk": 40, "fields": {"caller_id": "06451238", "first_name": "", "last_name": "", "creation_date": "2017-05-04T00:44:11.954Z", "modification_date": "2017-05-04T00:44:11.954Z", "language": 2, "service": 3}}, {"model": "service_development.kasadakauser", "pk": 41, "fields": {"caller_id": "06451238", "first_name": "", "last_name": "", "creation_date": "2017-05-04T00:44:43.006Z", "modification_date": "2017-05-04T00:44:43.006Z", "language": 2, "service": 3}}, {"model": "service_development.kasadakauser", "pk": 42, "fields": {"caller_id": "06451238", "first_name": "", "last_name": "", "creation_date": "2017-05-04T00:46:01.335Z", "modification_date": "2017-05-04T00:46:01.335Z", "language": 2, "service": 3}}, {"model": "service_development.kasadakauser", "pk": 43, "fields": {"caller_id": "06451239", "first_name": "", "last_name": "", "creation_date": "2017-05-04T01:00:16.016Z", "modification_date": "2017-05-04T01:00:16.016Z", "language": 2, "service": 3}}, {"model": "service_development.kasadakauser", "pk": 44, "fields": {"caller_id": "06451239", "first_name": "", "last_name": "", "creation_date": "2017-05-04T01:06:19.891Z", "modification_date": "2017-05-04T01:06:19.892Z", "language": 2, "service": 3}}, {"model": "service_development.kasadakauser", "pk": 45, "fields": {"caller_id": "06451239", "first_name": "", "last_name": "", "creation_date": "2017-05-04T01:07:24.228Z", "modification_date": "2017-05-04T01:07:24.228Z", "language": 2, "service": 3}}, {"model": "service_development.kasadakauser", "pk": 46, "fields": {"caller_id": "06451239", "first_name": "", "last_name": "", "creation_date": "2017-05-04T01:16:29.022Z", "modification_date": "2017-05-04T01:16:29.023Z", "language": 2, "service": 3}}, {"model": "service_development.kasadakauser", "pk": 47, "fields": {"caller_id": "06451239", "first_name": "", "last_name": "", "creation_date": "2017-05-04T01:16:59.547Z", "modification_date": "2017-05-04T01:16:59.547Z", "language": 2, "service": 3}}, {"model": "service_development.kasadakauser", "pk": 48, "fields": {"caller_id": "06451239", "first_name": "", "last_name": "", "creation_date": "2017-05-04T01:17:56.564Z", "modification_date": "2017-05-04T01:17:56.564Z", "language": 2, "service": 3}}, {"model": "service_development.kasadakauser", "pk": 49, "fields": {"caller_id": "06451239", "first_name": "", "last_name": "", "creation_date": "2017-05-04T01:53:02.182Z", "modification_date": "2017-05-04T01:53:02.182Z", "language": 2, "service": 3}}, {"model": "service_development.kasadakauser", "pk": 50, "fields": {"caller_id": "06451240", "first_name": "", "last_name": "", "creation_date": "2017-05-04T14:09:43.436Z", "modification_date": "2017-05-04T14:09:43.436Z", "language": 2, "service": 3}}, {"model": "service_development.kasadakauser", "pk": 51, "fields": {"caller_id": "06451240", "first_name": "", "last_name": "", "creation_date": "2017-05-04T14:54:46.331Z", "modification_date": "2017-05-04T14:54:46.331Z", "language": 2, "service": 3}}, {"model": "service_development.kasadakauser", "pk": 52, "fields": {"caller_id": "06451241", "first_name": "", "last_name": "", "creation_date": "2017-05-04T15:23:17.053Z", "modification_date": "2017-05-04T15:23:17.053Z", "language": 2, "service": 3}}, {"model": "service_development.kasadakauser", "pk": 53, "fields": {"caller_id": "123456", "first_name": "", "last_name": "", "creation_date": "2017-05-04T15:44:10.767Z", "modification_date": "2017-05-04T15:44:10.767Z", "language": 1, "service": 3}}, {"model": "service_development.kasadakauser", "pk": 54, "fields": {"caller_id": "123456", "first_name": "", "last_name": "", "creation_date": "2017-05-04T15:44:37.766Z", "modification_date": "2017-05-04T15:44:37.766Z", "language": 1, "service": 3}}, {"model": "service_development.kasadakauser", "pk": 55, "fields": {"caller_id": "123456", "first_name": "", "last_name": "", "creation_date": "2017-05-04T15:44:50.528Z", "modification_date": "2017-05-04T15:44:50.528Z", "language": 1, "service": 3}}, {"model": "service_development.callsession", "pk": 1, "fields": {"start": "2017-05-03T06:57:29.324Z", "end": null, "user": null, "caller_id": null, "service": null, "_language": null, "region": null, "season": null, "animal": null}}, {"model": "service_development.callsession", "pk": 2, "fields": {"start": "2017-05-03T06:58:33.879Z", "end": null, "user": null, "caller_id": null, "service": null, "_language": null, "region": null, "season": null, "animal": null}}, {"model": "service_development.callsession", "pk": 3, "fields": {"start": "2017-05-03T07:01:56.425Z", "end": "2017-05-03T14:26:50.825Z", "user": null, "caller_id": "06451234", "service": null, "_language": null, "region": null, "season": null, "animal": null}}, {"model": "service_development.callsession", "pk": 4, "fields": {"start": "2017-05-03T08:11:00.351Z", "end": "2017-05-03T19:35:08.556Z", "user": null, "caller_id": "06451235", "service": null, "_language": null, "region": null, "season": null, "animal": null}}, {"model": "service_development.callsession", "pk": 5, "fields": {"start": "2017-05-03T08:26:49.595Z", "end": "2017-05-03T08:27:30.747Z", "user": null, "caller_id": "06451235", "service": null, "_language": null, "region": null, "season": null, "animal": null}}, {"model": "service_development.callsession", "pk": 6, "fields": {"start": "2017-05-03T13:37:36.148Z", "end": null, "user": null, "caller_id": "06451235", "service": null, "_language": null, "region": null, "season": null, "animal": null}}, {"model": "service_development.callsession", "pk": 7, "fields": {"start": "2017-05-03T13:38:09.160Z", "end": null, "user": null, "caller_id": "06451236", "service": null, "_language": null, "region": null, "season": null, "animal": null}}, {"model": "service_development.callsession", "pk": 8, "fields": {"start": "2017-05-03T19:24:29.735Z", "end": "2017-05-03T19:25:30.029Z", "user": null, "caller_id": "06451237", "service": null, "_language": null, "region": null, "season": null, "animal": null}}, {"model": "service_development.callsession", "pk": 9, "fields": {"start": "2017-05-03T19:29:35.178Z", "end": "2017-05-04T00:46:03.092Z", "user": 42, "caller_id": "06451238", "service": 3, "_language": 2, "region": null, "season": null, "animal": null}}, {"model": "service_development.callsession", "pk": 10, "fields": {"start": "2017-05-04T00:59:09.586Z", "end": "2017-05-04T13:23:44.712Z", "user": 49, "caller_id": "06451239", "service": 3, "_language": 2, "region": null, "season": null, "animal": null}}, {"model": "service_development.callsession", "pk": 11, "fields": {"start": "2017-05-04T14:08:13.424Z", "end": "2017-05-04T15:22:27.430Z", "user": 51, "caller_id": "06451240", "service": 3, "_language": 2, "region": "95", "season": null, "animal": "95"}}, {"model": "service_development.callsession", "pk": 12, "fields": {"start": "2017-05-04T15:22:56.914Z", "end": "2017-05-04T17:15:16.453Z", "user": 55, "caller_id": "06451241", "service": 3, "_language": 2, "region": "3", "season": null, "animal": "1"}}, {"model": "service_development.callsession", "pk": 13, "fields": {"start": "2017-05-04T19:56:00.064Z", "end": "2017-05-04T19:59:19.893Z", "user": 52, "caller_id": "06451241", "service": 3, "_language": 2, "region": "3", "season": null, "animal": "1"}}, {"model": "service_development.callsession", "pk": 14, "fields": {"start": "2017-05-04T20:08:57.118Z", "end": "2017-05-04T20:29:56.320Z", "user": 52, "caller_id": "06451241", "service": 3, "_language": 2, "region": "3", "season": null, "animal": "103"}}, {"model": "service_development.callsessionstep", "pk": 1, "fields": {"time": "2017-05-03T07:18:06.966Z", "session": 3, "_visited_element": null}}, {"model": "service_development.callsessionstep", "pk": 2, "fields": {"time": "2017-05-03T08:12:16.418Z", "session": 4, "_visited_element": null}}, {"model": "service_development.callsessionstep", "pk": 3, "fields": {"time": "2017-05-03T08:12:45.155Z", "session": 4, "_visited_element": null}}, {"model": "service_development.callsessionstep", "pk": 4, "fields": {"time": "2017-05-03T08:13:19.296Z", "session": 4, "_visited_element": 20}}, {"model": "service_development.callsessionstep", "pk": 5, "fields": {"time": "2017-05-03T08:13:35.984Z", "session": 4, "_visited_element": null}}, {"model": "service_development.callsessionstep", "pk": 6, "fields": {"time": "2017-05-03T08:26:50.939Z", "session": 5, "_visited_element": null}}, {"model": "service_development.callsessionstep", "pk": 7, "fields": {"time": "2017-05-03T08:27:30.884Z", "session": 5, "_visited_element": null}}, {"model": "service_development.callsessionstep", "pk": 8, "fields": {"time": "2017-05-03T13:37:18.101Z", "session": 4, "_visited_element": null}}, {"model": "service_development.callsessionstep", "pk": 9, "fields": {"time": "2017-05-03T14:02:47.650Z", "session": 3, "_visited_element": null}}, {"model": "service_development.callsessionstep", "pk": 10, "fields": {"time": "2017-05-03T14:26:51.045Z", "session": 3, "_visited_element": null}}, {"model": "service_development.callsessionstep", "pk": 11, "fields": {"time": "2017-05-03T19:25:30.134Z", "session": 8, "_visited_element": null}}, {"model": "service_development.callsessionstep", "pk": 12, "fields": {"time": "2017-05-03T19:35:08.750Z", "session": 4, "_visited_element": null}}, {"model": "service_development.callsessionstep", "pk": 13, "fields": {"time": "2017-05-03T19:44:59.597Z", "session": 9, "_visited_element": 91}}, {"model": "service_development.callsessionstep", "pk": 14, "fields": {"time": "2017-05-03T19:46:37.528Z", "session": 9, "_visited_element": 91}}, {"model": "service_development.callsessionstep", "pk": 15, "fields": {"time": "2017-05-03T19:52:05.855Z", "session": 9, "_visited_element": 91}}, {"model": "service_development.callsessionstep", "pk": 16, "fields": {"time": "2017-05-03T19:54:12.445Z", "session": 9, "_visited_element": 91}}, {"model": "service_development.callsessionstep", "pk": 17, "fields": {"time": "2017-05-03T19:55:23.632Z", "session": 9, "_visited_element": 91}}, {"model": "service_development.callsessionstep", "pk": 18, "fields": {"time": "2017-05-03T19:57:21.436Z", "session": 9, "_visited_element": 91}}, {"model": "service_development.callsessionstep", "pk": 19, "fields": {"time": "2017-05-03T20:01:38.544Z", "session": 9, "_visited_element": 91}}, {"model": "service_development.callsessionstep", "pk": 20, "fields": {"time": "2017-05-03T20:04:08.599Z", "session": 9, "_visited_element": 91}}, {"model": "service_development.callsessionstep", "pk": 21, "fields": {"time": "2017-05-03T20:05:38.261Z", "session": 9, "_visited_element": 91}}, {"model": "service_development.callsessionstep", "pk": 22, "fields": {"time": "2017-05-03T20:13:39.218Z", "session": 9, "_visited_element": 91}}, {"model": "service_development.callsessionstep", "pk": 23, "fields": {"time": "2017-05-03T20:14:07.190Z", "session": 9, "_visited_element": 91}}, {"model": "service_development.callsessionstep", "pk": 24, "fields": {"time": "2017-05-03T20:15:15.273Z", "session": 9, "_visited_element": 91}}, {"model": "service_development.callsessionstep", "pk": 25, "fields": {"time": "2017-05-03T20:16:40.651Z", "session": 9, "_visited_element": 91}}, {"model": "service_development.callsessionstep", "pk": 26, "fields": {"time": "2017-05-03T20:25:40.072Z", "session": 9, "_visited_element": 91}}, {"model": "service_development.callsessionstep", "pk": 27, "fields": {"time": "2017-05-03T20:49:55.569Z", "session": 9, "_visited_element": 91}}, {"model": "service_development.callsessionstep", "pk": 28, "fields": {"time": "2017-05-03T20:53:11.469Z", "session": 9, "_visited_element": 91}}, {"model": "service_development.callsessionstep", "pk": 29, "fields": {"time": "2017-05-03T21:16:38.734Z", "session": 9, "_visited_element": 91}}, {"model": "service_development.callsessionstep", "pk": 30, "fields": {"time": "2017-05-03T21:18:50.684Z", "session": 9, "_visited_element": 91}}, {"model": "service_development.callsessionstep", "pk": 31, "fields": {"time": "2017-05-03T21:20:22.956Z", "session": 9, "_visited_element": 91}}, {"model": "service_development.callsessionstep", "pk": 32, "fields": {"time": "2017-05-03T21:20:53.570Z", "session": 9, "_visited_element": 91}}, {"model": "service_development.callsessionstep", "pk": 33, "fields": {"time": "2017-05-03T21:22:39.677Z", "session": 9, "_visited_element": 91}}, {"model": "service_development.callsessionstep", "pk": 34, "fields": {"time": "2017-05-03T21:23:03.643Z", "session": 9, "_visited_element": 91}}, {"model": "service_development.callsessionstep", "pk": 35, "fields": {"time": "2017-05-03T21:23:30.406Z", "session": 9, "_visited_element": 91}}, {"model": "service_development.callsessionstep", "pk": 36, "fields": {"time": "2017-05-03T22:05:23.062Z", "session": 9, "_visited_element": 91}}, {"model": "service_development.callsessionstep", "pk": 37, "fields": {"time": "2017-05-03T22:06:10.808Z", "session": 9, "_visited_element": 91}}, {"model": "service_development.callsessionstep", "pk": 38, "fields": {"time": "2017-05-03T22:06:38.568Z", "session": 9, "_visited_element": 91}}, {"model": "service_development.callsessionstep", "pk": 39, "fields": {"time": "2017-05-04T00:34:04.984Z", "session": 9, "_visited_element": 97}}, {"model": "service_development.callsessionstep", "pk": 40, "fields": {"time": "2017-05-04T00:38:48.252Z", "session": 9, "_visited_element": 97}}, {"model": "service_development.callsessionstep", "pk": 41, "fields": {"time": "2017-05-04T00:41:57.209Z", "session": 9, "_visited_element": 97}}, {"model": "service_development.callsessionstep", "pk": 42, "fields": {"time": "2017-05-04T00:42:47.673Z", "session": 9, "_visited_element": 97}}, {"model": "service_development.callsessionstep", "pk": 43, "fields": {"time": "2017-05-04T00:44:13.909Z", "session": 9, "_visited_element": 97}}, {"model": "service_development.callsessionstep", "pk": 44, "fields": {"time": "2017-05-04T00:44:44.921Z", "session": 9, "_visited_element": 97}}, {"model": "service_development.callsessionstep", "pk": 45, "fields": {"time": "2017-05-04T00:46:03.280Z", "session": 9, "_visited_element": 97}}, {"model": "service_development.callsessionstep", "pk": 46, "fields": {"time": "2017-05-04T01:00:17.785Z", "session": 10, "_visited_element": 97}}, {"model": "service_development.callsessionstep", "pk": 47, "fields": {"time": "2017-05-04T01:06:21.585Z", "session": 10, "_visited_element": 97}}, {"model": "service_development.callsessionstep", "pk": 48, "fields": {"time": "2017-05-04T01:07:26.117Z", "session": 10, "_visited_element": 97}}, {"model": "service_development.callsessionstep", "pk": 49, "fields": {"time": "2017-05-04T01:16:30.838Z", "session": 10, "_visited_element": 97}}, {"model": "service_development.callsessionstep", "pk": 50, "fields": {"time": "2017-05-04T01:17:01.251Z", "session": 10, "_visited_element": 97}}, {"model": "service_development.callsessionstep", "pk": 51, "fields": {"time": "2017-05-04T01:17:58.325Z", "session": 10, "_visited_element": 97}}, {"model": "service_development.callsessionstep", "pk": 52, "fields": {"time": "2017-05-04T01:18:24.079Z", "session": 10, "_visited_element": 94}}, {"model": "service_development.callsessionstep", "pk": 53, "fields": {"time": "2017-05-04T01:20:27.506Z", "session": 10, "_visited_element": 94}}, {"model": "service_development.callsessionstep", "pk": 54, "fields": {"time": "2017-05-04T01:21:32.170Z", "session": 10, "_visited_element": 94}}, {"model": "service_development.callsessionstep", "pk": 55, "fields": {"time": "2017-05-04T01:34:36.701Z", "session": 10, "_visited_element": 94}}, {"model": "service_development.callsessionstep", "pk": 56, "fields": {"time": "2017-05-04T01:38:32.376Z", "session": 10, "_visited_element": 94}}, {"model": "service_development.callsessionstep", "pk": 57, "fields": {"time": "2017-05-04T01:39:42.612Z", "session": 10, "_visited_element": null}}, {"model": "service_development.callsessionstep", "pk": 58, "fields": {"time": "2017-05-04T01:53:04.132Z", "session": 10, "_visited_element": 97}}, {"model": "service_development.callsessionstep", "pk": 59, "fields": {"time": "2017-05-04T13:03:58.250Z", "session": 10, "_visited_element": 94}}, {"model": "service_development.callsessionstep", "pk": 60, "fields": {"time": "2017-05-04T13:04:39.157Z", "session": 10, "_visited_element": null}}, {"model": "service_development.callsessionstep", "pk": 61, "fields": {"time": "2017-05-04T13:06:00.444Z", "session": 10, "_visited_element": null}}, {"model": "service_development.callsessionstep", "pk": 62, "fields": {"time": "2017-05-04T13:06:28.666Z", "session": 10, "_visited_element": null}}, {"model": "service_development.callsessionstep", "pk": 63, "fields": {"time": "2017-05-04T13:06:45.426Z", "session": 10, "_visited_element": null}}, {"model": "service_development.callsessionstep", "pk": 64, "fields": {"time": "2017-05-04T13:07:52.954Z", "session": 10, "_visited_element": null}}, {"model": "service_development.callsessionstep", "pk": 65, "fields": {"time": "2017-05-04T13:14:40.825Z", "session": 10, "_visited_element": null}}, {"model": "service_development.callsessionstep", "pk": 66, "fields": {"time": "2017-05-04T13:23:45.010Z", "session": 10, "_visited_element": null}}, {"model": "service_development.callsessionstep", "pk": 67, "fields": {"time": "2017-05-04T14:09:45.147Z", "session": 11, "_visited_element": 97}}, {"model": "service_development.callsessionstep", "pk": 68, "fields": {"time": "2017-05-04T14:13:55.071Z", "session": 11, "_visited_element": 94}}, {"model": "service_development.callsessionstep", "pk": 69, "fields": {"time": "2017-05-04T14:14:38.012Z", "session": 11, "_visited_element": 94}}, {"model": "service_development.callsessionstep", "pk": 70, "fields": {"time": "2017-05-04T14:15:20.041Z", "session": 11, "_visited_element": null}}, {"model": "service_development.callsessionstep", "pk": 71, "fields": {"time": "2017-05-04T14:16:05.369Z", "session": 11, "_visited_element": null}}, {"model": "service_development.callsessionstep", "pk": 72, "fields": {"time": "2017-05-04T14:17:37.128Z", "session": 11, "_visited_element": null}}, {"model": "service_development.callsessionstep", "pk": 73, "fields": {"time": "2017-05-04T14:54:48.349Z", "session": 11, "_visited_element": 97}}, {"model": "service_development.callsessionstep", "pk": 74, "fields": {"time": "2017-05-04T14:55:20.079Z", "session": 11, "_visited_element": 94}}, {"model": "service_development.callsessionstep", "pk": 75, "fields": {"time": "2017-05-04T15:09:37.753Z", "session": 11, "_visited_element": null}}, {"model": "service_development.callsessionstep", "pk": 76, "fields": {"time": "2017-05-04T15:10:19.284Z", "session": 11, "_visited_element": null}}, {"model": "service_development.callsessionstep", "pk": 77, "fields": {"time": "2017-05-04T15:11:19.801Z", "session": 11, "_visited_element": null}}, {"model": "service_development.callsessionstep", "pk": 78, "fields": {"time": "2017-05-04T15:12:13.889Z", "session": 11, "_visited_element": null}}, {"model": "service_development.callsessionstep", "pk": 79, "fields": {"time": "2017-05-04T15:13:01.178Z", "session": 11, "_visited_element": null}}, {"model": "service_development.callsessionstep", "pk": 80, "fields": {"time": "2017-05-04T15:13:20.220Z", "session": 11, "_visited_element": null}}, {"model": "service_development.callsessionstep", "pk": 81, "fields": {"time": "2017-05-04T15:14:48.285Z", "session": 11, "_visited_element": 94}}, {"model": "service_development.callsessionstep", "pk": 82, "fields": {"time": "2017-05-04T15:15:49.109Z", "session": 11, "_visited_element": 94}}, {"model": "service_development.callsessionstep", "pk": 83, "fields": {"time": "2017-05-04T15:22:05.078Z", "session": 11, "_visited_element": null}}, {"model": "service_development.callsessionstep", "pk": 84, "fields": {"time": "2017-05-04T15:22:27.610Z", "session": 11, "_visited_element": null}}, {"model": "service_development.callsessionstep", "pk": 85, "fields": {"time": "2017-05-04T15:23:18.858Z", "session": 12, "_visited_element": 97}}, {"model": "service_development.callsessionstep", "pk": 86, "fields": {"time": "2017-05-04T15:24:33.893Z", "session": 12, "_visited_element": 94}}, {"model": "service_development.callsessionstep", "pk": 87, "fields": {"time": "2017-05-04T15:25:02.541Z", "session": 12, "_visited_element": null}}, {"model": "service_development.callsessionstep", "pk": 88, "fields": {"time": "2017-05-04T15:26:51.569Z", "session": 12, "_visited_element": null}}, {"model": "service_development.callsessionstep", "pk": 89, "fields": {"time": "2017-05-04T15:27:34.716Z", "session": 12, "_visited_element": null}}, {"model": "service_development.callsessionstep", "pk": 90, "fields": {"time": "2017-05-04T15:33:24.188Z", "session": 12, "_visited_element": null}}, {"model": "service_development.callsessionstep", "pk": 91, "fields": {"time": "2017-05-04T15:34:18.220Z", "session": 12, "_visited_element": null}}, {"model": "service_development.callsessionstep", "pk": 92, "fields": {"time": "2017-05-04T15:44:12.527Z", "session": 12, "_visited_element": 97}}, {"model": "service_development.callsessionstep", "pk": 93, "fields": {"time": "2017-05-04T15:44:39.669Z", "session": 12, "_visited_element": 97}}, {"model": "service_development.callsessionstep", "pk": 94, "fields": {"time": "2017-05-04T15:44:52.199Z", "session": 12, "_visited_element": 97}}, {"model": "service_development.callsessionstep", "pk": 95, "fields": {"time": "2017-05-04T15:46:06.785Z", "session": 12, "_visited_element": 94}}, {"model": "service_development.callsessionstep", "pk": 96, "fields": {"time": "2017-05-04T15:46:39.635Z", "session": 12, "_visited_element": null}}, {"model": "service_development.callsessionstep", "pk": 97, "fields": {"time": "2017-05-04T15:47:28.099Z", "session": 12, "_visited_element": null}}, {"model": "service_development.callsessionstep", "pk": 98, "fields": {"time": "2017-05-04T16:07:35.556Z", "session": 12, "_visited_element": 94}}, {"model": "service_development.callsessionstep", "pk": 99, "fields": {"time": "2017-05-04T16:08:52.717Z", "session": 12, "_visited_element": 94}}, {"model": "service_development.callsessionstep", "pk": 100, "fields": {"time": "2017-05-04T16:09:17.139Z", "session": 12, "_visited_element": 94}}, {"model": "service_development.callsessionstep", "pk": 101, "fields": {"time": "2017-05-04T16:10:16.795Z", "session": 12, "_visited_element": 94}}, {"model": "service_development.callsessionstep", "pk": 102, "fields": {"time": "2017-05-04T16:10:36.088Z", "session": 12, "_visited_element": 94}}, {"model": "service_development.callsessionstep", "pk": 103, "fields": {"time": "2017-05-04T16:11:00.248Z", "session": 12, "_visited_element": 94}}, {"model": "service_development.callsessionstep", "pk": 104, "fields": {"time": "2017-05-04T16:11:48.701Z", "session": 12, "_visited_element": 94}}, {"model": "service_development.callsessionstep", "pk": 105, "fields": {"time": "2017-05-04T16:12:30.910Z", "session": 12, "_visited_element": 94}}, {"model": "service_development.callsessionstep", "pk": 106, "fields": {"time": "2017-05-04T16:12:46.573Z", "session": 12, "_visited_element": 94}}, {"model": "service_development.callsessionstep", "pk": 107, "fields": {"time": "2017-05-04T16:13:06.449Z", "session": 12, "_visited_element": 94}}, {"model": "service_development.callsessionstep", "pk": 108, "fields": {"time": "2017-05-04T16:13:21.264Z", "session": 12, "_visited_element": 94}}, {"model": "service_development.callsessionstep", "pk": 109, "fields": {"time": "2017-05-04T16:17:39.788Z", "session": 12, "_visited_element": 94}}, {"model": "service_development.callsessionstep", "pk": 110, "fields": {"time": "2017-05-04T16:18:35.765Z", "session": 12, "_visited_element": 94}}, {"model": "service_development.callsessionstep", "pk": 111, "fields": {"time": "2017-05-04T16:21:28.639Z", "session": 12, "_visited_element": 94}}, {"model": "service_development.callsessionstep", "pk": 112, "fields": {"time": "2017-05-04T16:21:49.057Z", "session": 12, "_visited_element": 94}}, {"model": "service_development.callsessionstep", "pk": 113, "fields": {"time": "2017-05-04T16:21:59.770Z", "session": 12, "_visited_element": 94}}, {"model": "service_development.callsessionstep", "pk": 114, "fields": {"time": "2017-05-04T16:28:09.957Z", "session": 12, "_visited_element": 94}}, {"model": "service_development.callsessionstep", "pk": 115, "fields": {"time": "2017-05-04T16:33:34.844Z", "session": 12, "_visited_element": 94}}, {"model": "service_development.callsessionstep", "pk": 116, "fields": {"time": "2017-05-04T16:34:34.451Z", "session": 12, "_visited_element": 94}}, {"model": "service_development.callsessionstep", "pk": 117, "fields": {"time": "2017-05-04T16:34:55.234Z", "session": 12, "_visited_element": 94}}, {"model": "service_development.callsessionstep", "pk": 118, "fields": {"time": "2017-05-04T16:35:13.027Z", "session": 12, "_visited_element": 94}}, {"model": "service_development.callsessionstep", "pk": 119, "fields": {"time": "2017-05-04T16:35:45.496Z", "session": 12, "_visited_element": 94}}, {"model": "service_development.callsessionstep", "pk": 120, "fields": {"time": "2017-05-04T16:36:15.781Z", "session": 12, "_visited_element": 94}}, {"model": "service_development.callsessionstep", "pk": 121, "fields": {"time": "2017-05-04T16:36:43.543Z", "session": 12, "_visited_element": 94}}, {"model": "service_development.callsessionstep", "pk": 122, "fields": {"time": "2017-05-04T16:37:20.187Z", "session": 12, "_visited_element": 94}}, {"model": "service_development.callsessionstep", "pk": 123, "fields": {"time": "2017-05-04T16:37:40.844Z", "session": 12, "_visited_element": 94}}, {"model": "service_development.callsessionstep", "pk": 124, "fields": {"time": "2017-05-04T16:38:11.703Z", "session": 12, "_visited_element": 94}}, {"model": "service_development.callsessionstep", "pk": 125, "fields": {"time": "2017-05-04T16:38:39.390Z", "session": 12, "_visited_element": 94}}, {"model": "service_development.callsessionstep", "pk": 126, "fields": {"time": "2017-05-04T16:42:09.718Z", "session": 12, "_visited_element": 94}}, {"model": "service_development.callsessionstep", "pk": 127, "fields": {"time": "2017-05-04T16:44:06.013Z", "session": 12, "_visited_element": 94}}, {"model": "service_development.callsessionstep", "pk": 128, "fields": {"time": "2017-05-04T16:56:21.673Z", "session": 12, "_visited_element": 94}}, {"model": "service_development.callsessionstep", "pk": 129, "fields": {"time": "2017-05-04T16:57:05.845Z", "session": 12, "_visited_element": 94}}, {"model": "service_development.callsessionstep", "pk": 130, "fields": {"time": "2017-05-04T17:03:10.204Z", "session": 12, "_visited_element": 94}}, {"model": "service_development.callsessionstep", "pk": 131, "fields": {"time": "2017-05-04T17:07:20.418Z", "session": 12, "_visited_element": 94}}, {"model": "service_development.callsessionstep", "pk": 132, "fields": {"time": "2017-05-04T17:07:52.705Z", "session": 12, "_visited_element": 94}}, {"model": "service_development.callsessionstep", "pk": 133, "fields": {"time": "2017-05-04T17:13:50.800Z", "session": 12, "_visited_element": 94}}, {"model": "service_development.callsessionstep", "pk": 134, "fields": {"time": "2017-05-04T17:15:16.689Z", "session": 12, "_visited_element": 94}}, {"model": "service_development.callsessionstep", "pk": 135, "fields": {"time": "2017-05-04T19:56:01.781Z", "session": 13, "_visited_element": 97}}, {"model": "service_development.callsessionstep", "pk": 136, "fields": {"time": "2017-05-04T19:56:39.037Z", "session": 13, "_visited_element": 94}}, {"model": "service_development.callsessionstep", "pk": 137, "fields": {"time": "2017-05-04T19:57:29.537Z", "session": 13, "_visited_element": 103}}, {"model": "service_development.callsessionstep", "pk": 138, "fields": {"time": "2017-05-04T19:59:20.021Z", "session": 13, "_visited_element": 106}}, {"model": "service_development.callsessionstep", "pk": 139, "fields": {"time": "2017-05-04T20:08:58.825Z", "session": 14, "_visited_element": 97}}, {"model": "service_development.callsessionstep", "pk": 140, "fields": {"time": "2017-05-04T20:09:20.424Z", "session": 14, "_visited_element": 94}}, {"model": "service_development.callsessionstep", "pk": 141, "fields": {"time": "2017-05-04T20:13:04.218Z", "session": 14, "_visited_element": 103}}, {"model": "service_development.callsessionstep", "pk": 142, "fields": {"time": "2017-05-04T20:14:28.358Z", "session": 14, "_visited_element": 106}}, {"model": "service_development.callsessionstep", "pk": 143, "fields": {"time": "2017-05-04T20:15:18.201Z", "session": 14, "_visited_element": 106}}, {"model": "service_development.callsessionstep", "pk": 144, "fields": {"time": "2017-05-04T20:16:01.129Z", "session": 14, "_visited_element": 106}}, {"model": "service_development.callsessionstep", "pk": 145, "fields": {"time": "2017-05-04T20:16:39.420Z", "session": 14, "_visited_element": 106}}, {"model": "service_development.callsessionstep", "pk": 146, "fields": {"time": "2017-05-04T20:18:01.449Z", "session": 14, "_visited_element": 106}}, {"model": "service_development.callsessionstep", "pk": 147, "fields": {"time": "2017-05-04T20:20:49.048Z", "session": 14, "_visited_element": 106}}, {"model": "service_development.callsessionstep", "pk": 148, "fields": {"time": "2017-05-04T20:22:08.518Z", "session": 14, "_visited_element": 106}}, {"model": "service_development.callsessionstep", "pk": 149, "fields": {"time": "2017-05-04T20:23:17.629Z", "session": 14, "_visited_element": 109}}, {"model": "service_development.callsessionstep", "pk": 150, "fields": {"time": "2017-05-04T20:29:56.555Z", "session": 14, "_visited_element": 109}}, {"model": "service_development.callanswerlist", "pk": 1, "fields": {"session": 14, "answer": "1", "element_id": "106", "symptom_id": "2"}}, {"model": "service_development.callanswerlist", "pk": 2, "fields": {"session": 14, "answer": "2", "element_id": "109", "symptom_id": "4"}}, {"model": "service_development.choice", "pk": 103, "fields": {}}, {"model": "service_development.choice", "pk": 106, "fields": {}}, {"model": "service_development.choice", "pk": 109, "fields": {}}, {"model": "service_development.choice", "pk": 112, "fields": {}}, {"model": "service_development.choice", "pk": 118, "fields": {}}, {"model": "service_development.choiceoption", "pk": 104, "fields": {"parent": 103, "_redirect": 106}}, {"model": "service_development.choiceoption", "pk": 105, "fields": {"parent": 103, "_redirect": 106}}, {"model": "service_development.choiceoption", "pk": 107, "fields": {"parent": 106, "_redirect": 109}}, {"model": "service_development.choiceoption", "pk": 108, "fields": {"parent": 106, "_redirect": 109}}, {"model": "service_development.choiceoption", "pk": 110, "fields": {"parent": 109, "_redirect": 112}}, {"model": "service_development.choiceoption", "pk": 111, "fields": {"parent": 109, "_redirect": 112}}, {"model": "service_development.choiceoption", "pk": 113, "fields": {"parent": 112, "_redirect": 115}}, {"model": "service_development.choiceoption", "pk": 114, "fields": {"parent": 112, "_redirect": 115}}, {"model": "service_development.messagepresentation", "pk": 6, "fields": {"final_element": true, "diagnosis_element": false, "_redirect": null}}, {"model": "service_development.messagepresentation", "pk": 20, "fields": {"final_element": false, "diagnosis_element": false, "_redirect": 6}}, {"model": "service_development.messagepresentation", "pk": 30, "fields": {"final_element": false, "diagnosis_element": false, "_redirect": 6}}, {"model": "service_development.messagepresentation", "pk": 32, "fields": {"final_element": false, "diagnosis_element": false, "_redirect": 33}}, {"model": "service_development.messagepresentation", "pk": 33, "fields": {"final_element": false, "diagnosis_element": false, "_redirect": 6}}, {"model": "service_development.messagepresentation", "pk": 36, "fields": {"final_element": false, "diagnosis_element": false, "_redirect": 6}}, {"model": "service_development.messagepresentation", "pk": 37, "fields": {"final_element": false, "diagnosis_element": false, "_redirect": 36}}, {"model": "service_development.messagepresentation", "pk": 38, "fields": {"final_element": false, "diagnosis_element": false, "_redirect": 6}}, {"model": "service_development.messagepresentation", "pk": 39, "fields": {"final_element": false, "diagnosis_element": false, "_redirect": 38}}, {"model": "service_development.messagepresentation", "pk": 40, "fields": {"final_element": false, "diagnosis_element": false, "_redirect": 6}}, {"model": "service_development.messagepresentation", "pk": 41, "fields": {"final_element": false, "diagnosis_element": false, "_redirect": 40}}, {"model": "service_development.messagepresentation", "pk": 42, "fields": {"final_element": false, "diagnosis_element": false, "_redirect": 6}}, {"model": "service_development.messagepresentation", "pk": 43, "fields": {"final_element": false, "diagnosis_element": false, "_redirect": 42}}, {"model": "service_development.messagepresentation", "pk": 44, "fields": {"final_element": false, "diagnosis_element": false, "_redirect": 6}}, {"model": "service_development.messagepresentation", "pk": 45, "fields": {"final_element": false, "diagnosis_element": false, "_redirect": 44}}, {"model": "service_development.messagepresentation", "pk": 115, "fields": {"final_element": false, "diagnosis_element": false, "_redirect": 6}}, {"model": "service_development.animal", "pk": 1, "fields": {"name": "Cattle", "description": ""}}, {"model": "service_development.animal", "pk": 3, "fields": {"name": "Chicken", "description": ""}}, {"model": "service_development.disease", "pk": 1, "fields": {"name": "Bloat", "description": "", "related_element": null}}, {"model": "service_development.disease", "pk": 2, "fields": {"name": "Anthrax", "description": "", "related_element": null}}, {"model": "service_development.disease", "pk": 3, "fields": {"name": "CBPP", "description": "", "related_element": null}}, {"model": "service_development.diseasefragment", "pk": 1, "fields": {"parent": 1, "disease": 1}}, {"model": "service_development.diseasefragment", "pk": 2, "fields": {"parent": 1, "disease": 2}}, {"model": "service_development.animalselection", "pk": 94, "fields": {}}, {"model": "service_development.animalselectionoption", "pk": 101, "fields": {"parent": 94, "options": 1, "_redirect_url": 103}}, {"model": "service_development.animalselectionoption", "pk": 102, "fields": {"parent": 94, "options": 3, "_redirect_url": 118}}, {"model": "service_development.region", "pk": 1, "fields": {"name": "Western region", "description": "Western region", "voice_label": 83}}, {"model": "service_development.region", "pk": 2, "fields": {"name": "Central region", "description": "", "voice_label": null}}, {"model": "service_development.region", "pk": 3, "fields": {"name": "Eastern region", "description": "", "voice_label": null}}, {"model": "service_development.regionselection", "pk": 97, "fields": {"_redirect_url": 94}}, {"model": "service_development.regionselectionoption", "pk": 98, "fields": {"parent": 97, "options": 2}}, {"model": "service_development.regionselectionoption", "pk": 99, "fields": {"parent": 97, "options": 3}}, {"model": "service_development.symptom", "pk": 1, "fields": {"name": "Depression", "description": ""}}, {"model": "service_development.symptom", "pk": 2, "fields": {"name": "Fever", "description": ""}}, {"model": "service_development.symptom", "pk": 3, "fields": {"name": "Difficult breathing", "description": ""}}, {"model": "service_development.symptom", "pk": 4, "fields": {"name": "Lethargy trembling", "description": ""}}, {"model": "contenttypes.contenttype", "pk": 20, "fields": {"app_label": "service_development", "model": "voicelabel"}}, {"model": "contenttypes.contenttype", "pk": 21, "fields": {"app_label": "service_development", "model": "language"}}, {"model": "contenttypes.contenttype", "pk": 22, "fields": {"app_label": "service_development", "model": "voicefragment"}}, {"model": "contenttypes.contenttype", "pk": 23, "fields": {"app_label": "service_development", "model": "voiceservicesubelement"}}, {"model": "contenttypes.contenttype", "pk": 24, "fields": {"app_label": "service_development", "model": "voiceserviceelement"}}, {"model": "contenttypes.contenttype", "pk": 25, "fields": {"app_label": "service_development", "model": "voiceservice"}}, {"model": "contenttypes.contenttype", "pk": 26, "fields": {"app_label": "service_development", "model": "kasadakauser"}}, {"model": "contenttypes.contenttype", "pk": 27, "fields": {"app_label": "service_development", "model": "callsession"}}, {"model": "contenttypes.contenttype", "pk": 28, "fields": {"app_label": "service_development", "model": "callsessionstep"}}, {"model": "contenttypes.contenttype", "pk": 29, "fields": {"app_label": "service_development", "model": "choice"}}, {"model": "contenttypes.contenttype", "pk": 30, "fields": {"app_label": "service_development", "model": "choiceoption"}}, {"model": "contenttypes.contenttype", "pk": 31, "fields": {"app_label": "service_development", "model": "messagepresentation"}}, {"model": "contenttypes.contenttype", "pk": 32, "fields": {"app_label": "admin", "model": "logentry"}}, {"model": "contenttypes.contenttype", "pk": 33, "fields": {"app_label": "auth", "model": "permission"}}, {"model": "contenttypes.contenttype", "pk": 34, "fields": {"app_label": "auth", "model": "group"}}, {"model": "contenttypes.contenttype", "pk": 35, "fields": {"app_label": "auth", "model": "user"}}, {"model": "contenttypes.contenttype", "pk": 36, "fields": {"app_label": "contenttypes", "model": "contenttype"}}, {"model": "contenttypes.contenttype", "pk": 37, "fields": {"app_label": "sessions", "model": "session"}}, {"model": "contenttypes.contenttype", "pk": 42, "fields": {"app_label": "service_development", "model": "region"}}, {"model": "contenttypes.contenttype", "pk": 43, "fields": {"app_label": "service_development", "model": "animal"}}, {"model": "contenttypes.contenttype", "pk": 44, "fields": {"app_label": "service_development", "model": "diseasefragment"}}, {"model": "contenttypes.contenttype", "pk": 45, "fields": {"app_label": "service_development", "model": "disease"}}, {"model": "contenttypes.contenttype", "pk": 50, "fields": {"app_label": "service_development", "model": "regionselectionoption"}}, {"model": "contenttypes.contenttype", "pk": 51, "fields": {"app_label": "service_development", "model": "regionselection"}}, {"model": "contenttypes.contenttype", "pk": 52, "fields": {"app_label": "service_development", "model": "animalselectionoption"}}, {"model": "contenttypes.contenttype", "pk": 53, "fields": {"app_label": "service_development", "model": "animalselection"}}, {"model": "contenttypes.contenttype", "pk": 54, "fields": {"app_label": "service_development", "model": "callanswerlist"}}, {"model": "contenttypes.contenttype", "pk": 55, "fields": {"app_label": "service_development", "model": "symptomofdisease"}}, {"model": "contenttypes.contenttype", "pk": 56, "fields": {"app_label": "service_development", "model": "symptom"}}, {"model": "sessions.session", "pk": "7fdxtto5nqx5t7p5z650xdo9x7vjwyc0", "fields": {"session_data": "YTY2Nzg2YTE5N2ZhZTI2YjBhZWQ0ODk1MTEzZmFmOWUwN2UwMTQ1ZTp7Il9hdXRoX3VzZXJfaWQiOiIyIiwiX2F1dGhfdXNlcl9iYWNrZW5kIjoiZGphbmdvLmNvbnRyaWIuYXV0aC5iYWNrZW5kcy5Nb2RlbEJhY2tlbmQiLCJfYXV0aF91c2VyX2hhc2giOiJlNzY4OTU1NDM2MGUzNDY4OGFlYmNlOTdkMDgwYmNlZjQ2MmFiYmNkIn0=", "expire_date": "2017-05-17T06:27:49.609Z"}}, {"model": "sessions.session", "pk": "adjnn2g6nkx5cukt5319ohg2jndbuk2a", "fields": {"session_data": "YTY2Nzg2YTE5N2ZhZTI2YjBhZWQ0ODk1MTEzZmFmOWUwN2UwMTQ1ZTp7Il9hdXRoX3VzZXJfaWQiOiIyIiwiX2F1dGhfdXNlcl9iYWNrZW5kIjoiZGphbmdvLmNvbnRyaWIuYXV0aC5iYWNrZW5kcy5Nb2RlbEJhY2tlbmQiLCJfYXV0aF91c2VyX2hhc2giOiJlNzY4OTU1NDM2MGUzNDY4OGFlYmNlOTdkMDgwYmNlZjQ2MmFiYmNkIn0=", "expire_date": "2017-05-18T23:05:40.398Z"}}, {"model": "auth.permission", "pk": 58, "fields": {"name": "Can add voice label", "content_type": 20, "codename": "add_voicelabel"}}, {"model": "auth.permission", "pk": 59, "fields": {"name": "Can change voice label", "content_type": 20, "codename": "change_voicelabel"}}, {"model": "auth.permission", "pk": 60, "fields": {"name": "Can delete voice label", "content_type": 20, "codename": "delete_voicelabel"}}, {"model": "auth.permission", "pk": 61, "fields": {"name": "Can add language", "content_type": 21, "codename": "add_language"}}, {"model": "auth.permission", "pk": 62, "fields": {"name": "Can change language", "content_type": 21, "codename": "change_language"}}, {"model": "auth.permission", "pk": 63, "fields": {"name": "Can delete language", "content_type": 21, "codename": "delete_language"}}, {"model": "auth.permission", "pk": 64, "fields": {"name": "Can add voice fragment", "content_type": 22, "codename": "add_voicefragment"}}, {"model": "auth.permission", "pk": 65, "fields": {"name": "Can change voice fragment", "content_type": 22, "codename": "change_voicefragment"}}, {"model": "auth.permission", "pk": 66, "fields": {"name": "Can delete voice fragment", "content_type": 22, "codename": "delete_voicefragment"}}, {"model": "auth.permission", "pk": 67, "fields": {"name": "Can add voice service sub element", "content_type": 23, "codename": "add_voiceservicesubelement"}}, {"model": "auth.permission", "pk": 68, "fields": {"name": "Can change voice service sub element", "content_type": 23, "codename": "change_voiceservicesubelement"}}, {"model": "auth.permission", "pk": 69, "fields": {"name": "Can delete voice service sub element", "content_type": 23, "codename": "delete_voiceservicesubelement"}}, {"model": "auth.permission", "pk": 70, "fields": {"name": "Can add voice service element", "content_type": 24, "codename": "add_voiceserviceelement"}}, {"model": "auth.permission", "pk": 71, "fields": {"name": "Can change voice service element", "content_type": 24, "codename": "change_voiceserviceelement"}}, {"model": "auth.permission", "pk": 72, "fields": {"name": "Can delete voice service element", "content_type": 24, "codename": "delete_voiceserviceelement"}}, {"model": "auth.permission", "pk": 73, "fields": {"name": "Can add voice service", "content_type": 25, "codename": "add_voiceservice"}}, {"model": "auth.permission", "pk": 74, "fields": {"name": "Can change voice service", "content_type": 25, "codename": "change_voiceservice"}}, {"model": "auth.permission", "pk": 75, "fields": {"name": "Can delete voice service", "content_type": 25, "codename": "delete_voiceservice"}}, {"model": "auth.permission", "pk": 76, "fields": {"name": "Can add kasa daka user", "content_type": 26, "codename": "add_kasadakauser"}}, {"model": "auth.permission", "pk": 77, "fields": {"name": "Can change kasa daka user", "content_type": 26, "codename": "change_kasadakauser"}}, {"model": "auth.permission", "pk": 78, "fields": {"name": "Can delete kasa daka user", "content_type": 26, "codename": "delete_kasadakauser"}}, {"model": "auth.permission", "pk": 79, "fields": {"name": "Can add call session", "content_type": 27, "codename": "add_callsession"}}, {"model": "auth.permission", "pk": 80, "fields": {"name": "Can change call session", "content_type": 27, "codename": "change_callsession"}}, {"model": "auth.permission", "pk": 81, "fields": {"name": "Can delete call session", "content_type": 27, "codename": "delete_callsession"}}, {"model": "auth.permission", "pk": 82, "fields": {"name": "Can add call session step", "content_type": 28, "codename": "add_callsessionstep"}}, {"model": "auth.permission", "pk": 83, "fields": {"name": "Can change call session step", "content_type": 28, "codename": "change_callsessionstep"}}, {"model": "auth.permission", "pk": 84, "fields": {"name": "Can delete call session step", "content_type": 28, "codename": "delete_callsessionstep"}}, {"model": "auth.permission", "pk": 85, "fields": {"name": "Can add choice", "content_type": 29, "codename": "add_choice"}}, {"model": "auth.permission", "pk": 86, "fields": {"name": "Can change choice", "content_type": 29, "codename": "change_choice"}}, {"model": "auth.permission", "pk": 87, "fields": {"name": "Can delete choice", "content_type": 29, "codename": "delete_choice"}}, {"model": "auth.permission", "pk": 88, "fields": {"name": "Can add choice option", "content_type": 30, "codename": "add_choiceoption"}}, {"model": "auth.permission", "pk": 89, "fields": {"name": "Can change choice option", "content_type": 30, "codename": "change_choiceoption"}}, {"model": "auth.permission", "pk": 90, "fields": {"name": "Can delete choice option", "content_type": 30, "codename": "delete_choiceoption"}}, {"model": "auth.permission", "pk": 91, "fields": {"name": "Can add message presentation", "content_type": 31, "codename": "add_messagepresentation"}}, {"model": "auth.permission", "pk": 92, "fields": {"name": "Can change message presentation", "content_type": 31, "codename": "change_messagepresentation"}}, {"model": "auth.permission", "pk": 93, "fields": {"name": "Can delete message presentation", "content_type": 31, "codename": "delete_messagepresentation"}}, {"model": "auth.permission", "pk": 94, "fields": {"name": "Can add log entry", "content_type": 32, "codename": "add_logentry"}}, {"model": "auth.permission", "pk": 95, "fields": {"name": "Can change log entry", "content_type": 32, "codename": "change_logentry"}}, {"model": "auth.permission", "pk": 96, "fields": {"name": "Can delete log entry", "content_type": 32, "codename": "delete_logentry"}}, {"model": "auth.permission", "pk": 97, "fields": {"name": "Can add permission", "content_type": 33, "codename": "add_permission"}}, {"model": "auth.permission", "pk": 98, "fields": {"name": "Can change permission", "content_type": 33, "codename": "change_permission"}}, {"model": "auth.permission", "pk": 99, "fields": {"name": "Can delete permission", "content_type": 33, "codename": "delete_permission"}}, {"model": "auth.permission", "pk": 100, "fields": {"name": "Can add group", "content_type": 34, "codename": "add_group"}}, {"model": "auth.permission", "pk": 101, "fields": {"name": "Can change group", "content_type": 34, "codename": "change_group"}}, {"model": "auth.permission", "pk": 102, "fields": {"name": "Can delete group", "content_type": 34, "codename": "delete_group"}}, {"model": "auth.permission", "pk": 103, "fields": {"name": "Can add user", "content_type": 35, "codename": "add_user"}}, {"model": "auth.permission", "pk": 104, "fields": {"name": "Can change user", "content_type": 35, "codename": "change_user"}}, {"model": "auth.permission", "pk": 105, "fields": {"name": "Can delete user", "content_type": 35, "codename": "delete_user"}}, {"model": "auth.permission", "pk": 106, "fields": {"name": "Can add content type", "content_type": 36, "codename": "add_contenttype"}}, {"model": "auth.permission", "pk": 107, "fields": {"name": "Can change content type", "content_type": 36, "codename": "change_contenttype"}}, {"model": "auth.permission", "pk": 108, "fields": {"name": "Can delete content type", "content_type": 36, "codename": "delete_contenttype"}}, {"model": "auth.permission", "pk": 109, "fields": {"name": "Can add session", "content_type": 37, "codename": "add_session"}}, {"model": "auth.permission", "pk": 110, "fields": {"name": "Can change session", "content_type": 37, "codename": "change_session"}}, {"model": "auth.permission", "pk": 111, "fields": {"name": "Can delete session", "content_type": 37, "codename": "delete_session"}}, {"model": "auth.permission", "pk": 124, "fields": {"name": "Can add region", "content_type": 42, "codename": "add_region"}}, {"model": "auth.permission", "pk": 125, "fields": {"name": "Can change region", "content_type": 42, "codename": "change_region"}}, {"model": "auth.permission", "pk": 126, "fields": {"name": "Can delete region", "content_type": 42, "codename": "delete_region"}}, {"model": "auth.permission", "pk": 127, "fields": {"name": "Can add animal", "content_type": 43, "codename": "add_animal"}}, {"model": "auth.permission", "pk": 128, "fields": {"name": "Can change animal", "content_type": 43, "codename": "change_animal"}}, {"model": "auth.permission", "pk": 129, "fields": {"name": "Can delete animal", "content_type": 43, "codename": "delete_animal"}}, {"model": "auth.permission", "pk": 130, "fields": {"name": "Can add disease fragment", "content_type": 44, "codename": "add_diseasefragment"}}, {"model": "auth.permission", "pk": 131, "fields": {"name": "Can change disease fragment", "content_type": 44, "codename": "change_diseasefragment"}}, {"model": "auth.permission", "pk": 132, "fields": {"name": "Can delete disease fragment", "content_type": 44, "codename": "delete_diseasefragment"}}, {"model": "auth.permission", "pk": 133, "fields": {"name": "Can add disease", "content_type": 45, "codename": "add_disease"}}, {"model": "auth.permission", "pk": 134, "fields": {"name": "Can change disease", "content_type": 45, "codename": "change_disease"}}, {"model": "auth.permission", "pk": 135, "fields": {"name": "Can delete disease", "content_type": 45, "codename": "delete_disease"}}, {"model": "auth.permission", "pk": 148, "fields": {"name": "Can add region selection option", "content_type": 50, "codename": "add_regionselectionoption"}}, {"model": "auth.permission", "pk": 149, "fields": {"name": "Can change region selection option", "content_type": 50, "codename": "change_regionselectionoption"}}, {"model": "auth.permission", "pk": 150, "fields": {"name": "Can delete region selection option", "content_type": 50, "codename": "delete_regionselectionoption"}}, {"model": "auth.permission", "pk": 151, "fields": {"name": "Can add region selection", "content_type": 51, "codename": "add_regionselection"}}, {"model": "auth.permission", "pk": 152, "fields": {"name": "Can change region selection", "content_type": 51, "codename": "change_regionselection"}}, {"model": "auth.permission", "pk": 153, "fields": {"name": "Can delete region selection", "content_type": 51, "codename": "delete_regionselection"}}, {"model": "auth.permission", "pk": 154, "fields": {"name": "Can add animal selection option", "content_type": 52, "codename": "add_animalselectionoption"}}, {"model": "auth.permission", "pk": 155, "fields": {"name": "Can change animal selection option", "content_type": 52, "codename": "change_animalselectionoption"}}, {"model": "auth.permission", "pk": 156, "fields": {"name": "Can delete animal selection option", "content_type": 52, "codename": "delete_animalselectionoption"}}, {"model": "auth.permission", "pk": 157, "fields": {"name": "Can add animal selection", "content_type": 53, "codename": "add_animalselection"}}, {"model": "auth.permission", "pk": 158, "fields": {"name": "Can change animal selection", "content_type": 53, "codename": "change_animalselection"}}, {"model": "auth.permission", "pk": 159, "fields": {"name": "Can delete animal selection", "content_type": 53, "codename": "delete_animalselection"}}, {"model": "auth.permission", "pk": 160, "fields": {"name": "Can add call answer list", "content_type": 54, "codename": "add_callanswerlist"}}, {"model": "auth.permission", "pk": 161, "fields": {"name": "Can change call answer list", "content_type": 54, "codename": "change_callanswerlist"}}, {"model": "auth.permission", "pk": 162, "fields": {"name": "Can delete call answer list", "content_type": 54, "codename": "delete_callanswerlist"}}, {"model": "auth.permission", "pk": 163, "fields": {"name": "Can add symptom of disease", "content_type": 55, "codename": "add_symptomofdisease"}}, {"model": "auth.permission", "pk": 164, "fields": {"name": "Can change symptom of disease", "content_type": 55, "codename": "change_symptomofdisease"}}, {"model": "auth.permission", "pk": 165, "fields": {"name": "Can delete symptom of disease", "content_type": 55, "codename": "delete_symptomofdisease"}}, {"model": "auth.permission", "pk": 166, "fields": {"name": "Can add symptom", "content_type": 56, "codename": "add_symptom"}}, {"model": "auth.permission", "pk": 167, "fields": {"name": "Can change symptom", "content_type": 56, "codename": "change_symptom"}}, {"model": "auth.permission", "pk": 168, "fields": {"name": "Can delete symptom", "content_type": 56, "codename": "delete_symptom"}}, {"model": "auth.user", "pk": 2, "fields": {"password": "pbkdf2_sha256$30000$9670oaBumP85$I6/9odTupk+pm6yqjEMC4lIshGcFUkBtwhWS9drRfks=", "last_login": "2017-05-04T23:05:40.222Z", "is_superuser": true, "username": "group3", "first_name": "", "last_name": "", "email": "farida.nurcahyani@gmail.com", "is_staff": true, "is_active": true, "date_joined": "2017-05-03T06:27:34.605Z", "groups": [], "user_permissions": []}}, {"model": "admin.logentry", "pk": 67, "fields": {"action_time": "2017-05-03T07:49:48.554Z", "user": 2, "content_type": 20, "object_id": "73", "object_repr": "Voice Label: Does your animal experience weight loss?", "action_flag": 1, "change_message": "[{\"added\": {}}, {\"added\": {\"name\": \"voice fragment\", \"object\": \"Voice Fragment: (English) Does your animal experience weight loss?\"}}, {\"added\": {\"name\": \"voice fragment\", \"object\": \"Voice Fragment: (French) Does your animal experience weight loss?\"}}]"}}, {"model": "admin.logentry", "pk": 68, "fields": {"action_time": "2017-05-03T07:52:25.180Z", "user": 2, "content_type": 20, "object_id": "74", "object_repr": "Voice Label: Gut worm description", "action_flag": 1, "change_message": "[{\"added\": {}}, {\"added\": {\"name\": \"voice fragment\", \"object\": \"Voice Fragment: (English) Gut worm description\"}}, {\"added\": {\"name\": \"voice fragment\", \"object\": \"Voice Fragment: (French) Gut worm description\"}}]"}}, {"model": "admin.logentry", "pk": 69, "fields": {"action_time": "2017-05-03T07:53:09.486Z", "user": 2, "content_type": 20, "object_id": "75", "object_repr": "Voice Label: Unindentified disease", "action_flag": 1, "change_message": "[{\"added\": {}}, {\"added\": {\"name\": \"voice fragment\", \"object\": \"Voice Fragment: (English) Unindentified disease\"}}, {\"added\": {\"name\": \"voice fragment\", \"object\": \"Voice Fragment: (French) Unindentified disease\"}}]"}}, {"model": "admin.logentry", "pk": 70, "fields": {"action_time": "2017-05-03T07:55:12.627Z", "user": 2, "content_type": 31, "object_id": "19", "object_repr": "Message: Gut worm disease", "action_flag": 1, "change_message": "[{\"added\": {}}]"}}, {"model": "admin.logentry", "pk": 71, "fields": {"action_time": "2017-05-03T08:03:18.957Z", "user": 2, "content_type": 20, "object_id": "74", "object_repr": "Voice Label: Gut worm description", "action_flag": 2, "change_message": "[{\"added\": {\"name\": \"voice fragment\", \"object\": \"Voice Fragment: (Nederlands) Gut worm description\"}}]"}}, {"model": "admin.logentry", "pk": 72, "fields": {"action_time": "2017-05-03T08:04:25.515Z", "user": 2, "content_type": 20, "object_id": "75", "object_repr": "Voice Label: Unindentified disease", "action_flag": 2, "change_message": "[{\"added\": {\"name\": \"voice fragment\", \"object\": \"Voice Fragment: (Nederlands) Unindentified disease\"}}]"}}, {"model": "admin.logentry", "pk": 73, "fields": {"action_time": "2017-05-03T08:04:55.793Z", "user": 2, "content_type": 20, "object_id": "73", "object_repr": "Voice Label: Does your animal experience weight loss?", "action_flag": 2, "change_message": "[{\"added\": {\"name\": \"voice fragment\", \"object\": \"Voice Fragment: (Nederlands) Does your animal experience weight loss?\"}}]"}}, {"model": "admin.logentry", "pk": 74, "fields": {"action_time": "2017-05-03T08:06:05.802Z", "user": 2, "content_type": 31, "object_id": "20", "object_repr": "Message: Unindentified disease", "action_flag": 1, "change_message": "[{\"added\": {}}]"}}, {"model": "admin.logentry", "pk": 75, "fields": {"action_time": "2017-05-03T08:09:12.362Z", "user": 2, "content_type": 29, "object_id": "21", "object_repr": "Does your animal experience weight loss?", "action_flag": 1, "change_message": "[{\"added\": {}}, {\"added\": {\"name\": \"choice option\", \"object\": \"(Does your animal experience weight loss?): weight_loss_yes\"}}, {\"added\": {\"name\": \"choice option\", \"object\": \"(Does your animal experience weight loss?): weight_loss_no\"}}]"}}, {"model": "admin.logentry", "pk": 76, "fields": {"action_time": "2017-05-03T08:09:50.514Z", "user": 2, "content_type": 29, "object_id": "2", "object_repr": "Does the king like to drink beer?", "action_flag": 2, "change_message": "[{\"changed\": {\"name\": \"choice option\", \"object\": \"(Does the king like to drink beer?): Yes\", \"fields\": [\"_redirect\"]}}]"}}, {"model": "admin.logentry", "pk": 77, "fields": {"action_time": "2017-05-03T08:21:55.777Z", "user": 2, "content_type": 20, "object_id": "76", "object_repr": "Voice Label: Cow", "action_flag": 1, "change_message": "[{\"added\": {}}, {\"added\": {\"name\": \"voice fragment\", \"object\": \"Voice Fragment: (Nederlands) Cow\"}}, {\"added\": {\"name\": \"voice fragment\", \"object\": \"Voice Fragment: (English) Cow\"}}, {\"added\": {\"name\": \"voice fragment\", \"object\": \"Voice Fragment: (French) Cow\"}}]"}}, {"model": "admin.logentry", "pk": 78, "fields": {"action_time": "2017-05-03T08:22:59.726Z", "user": 2, "content_type": 20, "object_id": "77", "object_repr": "Voice Label: Goat", "action_flag": 1, "change_message": "[{\"added\": {}}, {\"added\": {\"name\": \"voice fragment\", \"object\": \"Voice Fragment: (English) Goat\"}}, {\"added\": {\"name\": \"voice fragment\", \"object\": \"Voice Fragment: (French) Goat\"}}, {\"added\": {\"name\": \"voice fragment\", \"object\": \"Voice Fragment: (Nederlands) Goat\"}}]"}}, {"model": "admin.logentry", "pk": 79, "fields": {"action_time": "2017-05-03T08:23:43.630Z", "user": 2, "content_type": 20, "object_id": "78", "object_repr": "Voice Label: Please define your type of animal", "action_flag": 1, "change_message": "[{\"added\": {}}, {\"added\": {\"name\": \"voice fragment\", \"object\": \"Voice Fragment: (English) Please define your type of animal\"}}, {\"added\": {\"name\": \"voice fragment\", \"object\": \"Voice Fragment: (French) Please define your type of animal\"}}, {\"added\": {\"name\": \"voice fragment\", \"object\": \"Voice Fragment: (Nederlands) Please define your type of animal\"}}]"}}, {"model": "admin.logentry", "pk": 80, "fields": {"action_time": "2017-05-03T08:25:25.767Z", "user": 2, "content_type": 29, "object_id": "24", "object_repr": "Please define your type of animal", "action_flag": 1, "change_message": "[{\"added\": {}}, {\"added\": {\"name\": \"choice option\", \"object\": \"(Please define your type of animal): cow\"}}, {\"added\": {\"name\": \"choice option\", \"object\": \"(Please define your type of animal): goat\"}}]"}}, {"model": "admin.logentry", "pk": 81, "fields": {"action_time": "2017-05-03T08:26:33.740Z", "user": 2, "content_type": 25, "object_id": "1", "object_repr": "Voice Service: King's truth checker", "action_flag": 2, "change_message": "[{\"changed\": {\"fields\": [\"_start_element\"]}}]"}}, {"model": "admin.logentry", "pk": 82, "fields": {"action_time": "2017-05-03T09:55:59.403Z", "user": 2, "content_type": 20, "object_id": "79", "object_repr": "Voice Label: Please select your region", "action_flag": 1, "change_message": "[{\"added\": {}}, {\"added\": {\"name\": \"voice fragment\", \"object\": \"Voice Fragment: (Nederlands) Please select your region\"}}, {\"added\": {\"name\": \"voice fragment\", \"object\": \"Voice Fragment: (English) Please select your region\"}}, {\"added\": {\"name\": \"voice fragment\", \"object\": \"Voice Fragment: (French) Please select your region\"}}]"}}, {"model": "admin.logentry", "pk": 83, "fields": {"action_time": "2017-05-03T09:56:34.652Z", "user": 2, "content_type": 20, "object_id": "80", "object_repr": "Voice Label: Central region", "action_flag": 1, "change_message": "[{\"added\": {}}, {\"added\": {\"name\": \"voice fragment\", \"object\": \"Voice Fragment: (Nederlands) Central region\"}}, {\"added\": {\"name\": \"voice fragment\", \"object\": \"Voice Fragment: (English) Central region\"}}, {\"added\": {\"name\": \"voice fragment\", \"object\": \"Voice Fragment: (French) Central region\"}}]"}}, {"model": "admin.logentry", "pk": 84, "fields": {"action_time": "2017-05-03T09:57:03.796Z", "user": 2, "content_type": 20, "object_id": "81", "object_repr": "Voice Label: Eastern region", "action_flag": 1, "change_message": "[{\"added\": {}}, {\"added\": {\"name\": \"voice fragment\", \"object\": \"Voice Fragment: (Nederlands) Eastern region\"}}, {\"added\": {\"name\": \"voice fragment\", \"object\": \"Voice Fragment: (English) Eastern region\"}}, {\"added\": {\"name\": \"voice fragment\", \"object\": \"Voice Fragment: (French) Eastern region\"}}]"}}, {"model": "admin.logentry", "pk": 85, "fields": {"action_time": "2017-05-03T09:57:36.571Z", "user": 2, "content_type": 20, "object_id": "82", "object_repr": "Voice Label: Northen region", "action_flag": 1, "change_message": "[{\"added\": {}}, {\"added\": {\"name\": \"voice fragment\", \"object\": \"Voice Fragment: (Nederlands) Northen region\"}}, {\"added\": {\"name\": \"voice fragment\", \"object\": \"Voice Fragment: (English) Northen region\"}}, {\"added\": {\"name\": \"voice fragment\", \"object\": \"Voice Fragment: (French) Northen region\"}}]"}}, {"model": "admin.logentry", "pk": 86, "fields": {"action_time": "2017-05-03T09:58:12.658Z", "user": 2, "content_type": 20, "object_id": "83", "object_repr": "Voice Label: Western region", "action_flag": 1, "change_message": "[{\"added\": {}}, {\"added\": {\"name\": \"voice fragment\", \"object\": \"Voice Fragment: (Nederlands) Western region\"}}, {\"added\": {\"name\": \"voice fragment\", \"object\": \"Voice Fragment: (English) Western region\"}}, {\"added\": {\"name\": \"voice fragment\", \"object\": \"Voice Fragment: (French) Western region\"}}]"}}, {"model": "admin.logentry", "pk": 87, "fields": {"action_time": "2017-05-03T10:25:29.415Z", "user": 2, "content_type": null, "object_id": "27", "object_repr": "Cow", "action_flag": 1, "change_message": "[{\"added\": {}}]"}}, {"model": "admin.logentry", "pk": 88, "fields": {"action_time": "2017-05-03T10:25:49.346Z", "user": 2, "content_type": null, "object_id": "28", "object_repr": "Goat", "action_flag": 1, "change_message": "[{\"added\": {}}]"}}, {"model": "admin.logentry", "pk": 89, "fields": {"action_time": "2017-05-03T11:21:01.201Z", "user": 2, "content_type": null, "object_id": "29", "object_repr": "", "action_flag": 1, "change_message": "[{\"added\": {}}]"}}, {"model": "admin.logentry", "pk": 90, "fields": {"action_time": "2017-05-03T11:21:37.773Z", "user": 2, "content_type": null, "object_id": "28", "object_repr": "Goat", "action_flag": 2, "change_message": "[]"}}, {"model": "admin.logentry", "pk": 91, "fields": {"action_time": "2017-05-03T11:21:54.766Z", "user": 2, "content_type": null, "object_id": "29", "object_repr": "", "action_flag": 2, "change_message": "[]"}}, {"model": "admin.logentry", "pk": 92, "fields": {"action_time": "2017-05-03T11:23:31.491Z", "user": 2, "content_type": null, "object_id": "28", "object_repr": "Kambing", "action_flag": 2, "change_message": "[]"}}, {"model": "admin.logentry", "pk": 93, "fields": {"action_time": "2017-05-03T11:25:15.203Z", "user": 2, "content_type": 20, "object_id": "83", "object_repr": "Voice Label: Western region", "action_flag": 2, "change_message": "[]"}}, {"model": "admin.logentry", "pk": 94, "fields": {"action_time": "2017-05-03T11:27:53.925Z", "user": 2, "content_type": 29, "object_id": "24", "object_repr": "Please define your type of animal", "action_flag": 2, "change_message": "[]"}}, {"model": "admin.logentry", "pk": 95, "fields": {"action_time": "2017-05-03T12:31:39.932Z", "user": 2, "content_type": 42, "object_id": "None", "object_repr": "Western region", "action_flag": 1, "change_message": "[{\"added\": {}}]"}}, {"model": "admin.logentry", "pk": 96, "fields": {"action_time": "2017-05-03T12:35:47.006Z", "user": 2, "content_type": 20, "object_id": "84", "object_repr": "Voice Label: Cattle", "action_flag": 1, "change_message": "[{\"added\": {}}, {\"added\": {\"name\": \"voice fragment\", \"object\": \"Voice Fragment: (Nederlands) Cattle\"}}, {\"added\": {\"name\": \"voice fragment\", \"object\": \"Voice Fragment: (English) Cattle\"}}, {\"added\": {\"name\": \"voice fragment\", \"object\": \"Voice Fragment: (French) Cattle\"}}]"}}, {"model": "admin.logentry", "pk": 97, "fields": {"action_time": "2017-05-03T12:36:19.111Z", "user": 2, "content_type": 45, "object_id": "None", "object_repr": "Gut worm", "action_flag": 1, "change_message": "[{\"added\": {}}]"}}, {"model": "admin.logentry", "pk": 98, "fields": {"action_time": "2017-05-03T12:37:29.349Z", "user": 2, "content_type": 20, "object_id": "85", "object_repr": "Voice Label: Parasites description", "action_flag": 1, "change_message": "[{\"added\": {}}, {\"added\": {\"name\": \"voice fragment\", \"object\": \"Voice Fragment: (Nederlands) Parasites description\"}}, {\"added\": {\"name\": \"voice fragment\", \"object\": \"Voice Fragment: (English) Parasites description\"}}, {\"added\": {\"name\": \"voice fragment\", \"object\": \"Voice Fragment: (French) Parasites description\"}}]"}}, {"model": "admin.logentry", "pk": 99, "fields": {"action_time": "2017-05-03T12:37:33.166Z", "user": 2, "content_type": 45, "object_id": "None", "object_repr": "Parasites", "action_flag": 1, "change_message": "[{\"added\": {}}]"}}, {"model": "admin.logentry", "pk": 100, "fields": {"action_time": "2017-05-03T12:38:55.187Z", "user": 2, "content_type": 43, "object_id": "None", "object_repr": "Cattle", "action_flag": 1, "change_message": "[{\"added\": {}}]"}}, {"model": "admin.logentry", "pk": 101, "fields": {"action_time": "2017-05-03T12:46:54.642Z", "user": 2, "content_type": 43, "object_id": "1", "object_repr": "Cattle", "action_flag": 2, "change_message": "[{\"added\": {\"name\": \"disease fragment\", \"object\": \"Voice Fragment: (Gut worm) Cattle\"}}]"}}, {"model": "admin.logentry", "pk": 102, "fields": {"action_time": "2017-05-03T12:47:01.999Z", "user": 2, "content_type": 43, "object_id": "1", "object_repr": "Cattle", "action_flag": 2, "change_message": "[{\"added\": {\"name\": \"disease fragment\", \"object\": \"Voice Fragment: (Parasites) Cattle\"}}]"}}, {"model": "admin.logentry", "pk": 103, "fields": {"action_time": "2017-05-03T12:48:31.562Z", "user": 2, "content_type": 43, "object_id": "1", "object_repr": "Cattle", "action_flag": 2, "change_message": "[]"}}, {"model": "admin.logentry", "pk": 104, "fields": {"action_time": "2017-05-03T13:09:26.724Z", "user": 2, "content_type": 43, "object_id": "2", "object_repr": "Goat", "action_flag": 1, "change_message": "[{\"added\": {}}, {\"added\": {\"name\": \"disease fragment\", \"object\": \"Voice Fragment: (Parasites) Goat\"}}]"}}, {"model": "admin.logentry", "pk": 105, "fields": {"action_time": "2017-05-03T13:11:49.703Z", "user": 2, "content_type": 43, "object_id": "2", "object_repr": "Goat", "action_flag": 2, "change_message": "[{\"added\": {\"name\": \"disease fragment\", \"object\": \"Voice Fragment: (Gut worm) Goat\"}}]"}}, {"model": "admin.logentry", "pk": 106, "fields": {"action_time": "2017-05-03T15:10:31.740Z", "user": 2, "content_type": 25, "object_id": "3", "object_repr": "Voice Service: MobileVet", "action_flag": 1, "change_message": "[{\"added\": {}}]"}}, {"model": "admin.logentry", "pk": 107, "fields": {"action_time": "2017-05-03T15:12:16.533Z", "user": 2, "content_type": 20, "object_id": "86", "object_repr": "Voice Label: Urgent disease", "action_flag": 1, "change_message": "[{\"added\": {}}, {\"added\": {\"name\": \"voice fragment\", \"object\": \"Voice Fragment: (English) Urgent disease\"}}]"}}, {"model": "admin.logentry", "pk": 108, "fields": {"action_time": "2017-05-03T15:12:36.717Z", "user": 2, "content_type": 31, "object_id": "30", "object_repr": "Message: Urgent disease", "action_flag": 1, "change_message": "[{\"added\": {}}]"}}, {"model": "admin.logentry", "pk": 109, "fields": {"action_time": "2017-05-03T15:13:03.132Z", "user": 2, "content_type": 31, "object_id": "20", "object_repr": "Message: Unindentified disease", "action_flag": 2, "change_message": "[{\"changed\": {\"fields\": [\"service\"]}}]"}}, {"model": "admin.logentry", "pk": 110, "fields": {"action_time": "2017-05-03T15:13:21.220Z", "user": 2, "content_type": 31, "object_id": "6", "object_repr": "Message: Thank you for using this service", "action_flag": 2, "change_message": "[{\"changed\": {\"fields\": [\"service\"]}}]"}}, {"model": "admin.logentry", "pk": 111, "fields": {"action_time": "2017-05-03T15:13:33.389Z", "user": 2, "content_type": 31, "object_id": "19", "object_repr": "Message: Gut worm disease", "action_flag": 2, "change_message": "[]"}}, {"model": "admin.logentry", "pk": 112, "fields": {"action_time": "2017-05-03T15:14:11.797Z", "user": 2, "content_type": 20, "object_id": "87", "object_repr": "Voice Label: Gut worm treatment", "action_flag": 1, "change_message": "[{\"added\": {}}, {\"added\": {\"name\": \"voice fragment\", \"object\": \"Voice Fragment: (English) Gut worm treatment\"}}]"}}, {"model": "admin.logentry", "pk": 113, "fields": {"action_time": "2017-05-03T15:14:18.201Z", "user": 2, "content_type": 31, "object_id": "31", "object_repr": "Message: Gut worm treatment", "action_flag": 1, "change_message": "[{\"added\": {}}]"}}, {"model": "admin.logentry", "pk": 114, "fields": {"action_time": "2017-05-03T15:14:28.935Z", "user": 2, "content_type": 31, "object_id": "19", "object_repr": "Message: Gut worm disease", "action_flag": 2, "change_message": "[{\"changed\": {\"fields\": [\"_redirect\"]}}]"}}, {"model": "admin.logentry", "pk": 115, "fields": {"action_time": "2017-05-03T15:15:19.490Z", "user": 2, "content_type": 20, "object_id": "88", "object_repr": "Voice Label: Foot Rot treatment", "action_flag": 1, "change_message": "[{\"added\": {}}, {\"added\": {\"name\": \"voice fragment\", \"object\": \"Voice Fragment: (English) Foot Rot treatment\"}}]"}}, {"model": "admin.logentry", "pk": 116, "fields": {"action_time": "2017-05-03T15:15:30.666Z", "user": 2, "content_type": 31, "object_id": "32", "object_repr": "Message: Foot Rot disease", "action_flag": 1, "change_message": "[{\"added\": {}}]"}}, {"model": "admin.logentry", "pk": 117, "fields": {"action_time": "2017-05-03T15:16:00.137Z", "user": 2, "content_type": 20, "object_id": "89", "object_repr": "Voice Label: Foot Rot treatment", "action_flag": 1, "change_message": "[{\"added\": {}}, {\"added\": {\"name\": \"voice fragment\", \"object\": \"Voice Fragment: (English) Foot Rot treatment\"}}]"}}, {"model": "admin.logentry", "pk": 118, "fields": {"action_time": "2017-05-03T15:16:05.481Z", "user": 2, "content_type": 31, "object_id": "33", "object_repr": "Message: Foot Rot treatment", "action_flag": 1, "change_message": "[{\"added\": {}}]"}}, {"model": "admin.logentry", "pk": 119, "fields": {"action_time": "2017-05-03T15:16:16.648Z", "user": 2, "content_type": 31, "object_id": "32", "object_repr": "Message: Foot Rot disease", "action_flag": 2, "change_message": "[{\"changed\": {\"fields\": [\"_redirect\"]}}]"}}, {"model": "admin.logentry", "pk": 120, "fields": {"action_time": "2017-05-03T15:16:53.785Z", "user": 2, "content_type": 20, "object_id": "90", "object_repr": "Voice Label: Parasites treatment", "action_flag": 1, "change_message": "[{\"added\": {}}, {\"added\": {\"name\": \"voice fragment\", \"object\": \"Voice Fragment: (English) Parasites treatment\"}}]"}}, {"model": "admin.logentry", "pk": 121, "fields": {"action_time": "2017-05-03T15:16:59.168Z", "user": 2, "content_type": 31, "object_id": "34", "object_repr": "Message: Parasites treatment", "action_flag": 1, "change_message": "[{\"added\": {}}]"}}, {"model": "admin.logentry", "pk": 122, "fields": {"action_time": "2017-05-03T15:17:38.640Z", "user": 2, "content_type": 20, "object_id": "91", "object_repr": "Voice Label: Parasites description", "action_flag": 1, "change_message": "[{\"added\": {}}, {\"added\": {\"name\": \"voice fragment\", \"object\": \"Voice Fragment: (English) Parasites description\"}}]"}}, {"model": "admin.logentry", "pk": 123, "fields": {"action_time": "2017-05-03T15:17:59.549Z", "user": 2, "content_type": 31, "object_id": "35", "object_repr": "Message: Parasites disease", "action_flag": 1, "change_message": "[{\"added\": {}}]"}}, {"model": "admin.logentry", "pk": 124, "fields": {"action_time": "2017-05-03T15:18:22.428Z", "user": 2, "content_type": 20, "object_id": "92", "object_repr": "Voice Label: FMD treatment", "action_flag": 1, "change_message": "[{\"added\": {}}, {\"added\": {\"name\": \"voice fragment\", \"object\": \"Voice Fragment: (English) FMD treatment\"}}]"}}, {"model": "admin.logentry", "pk": 125, "fields": {"action_time": "2017-05-03T15:18:28.642Z", "user": 2, "content_type": 31, "object_id": "36", "object_repr": "Message: FMD treatment", "action_flag": 1, "change_message": "[{\"added\": {}}]"}}, {"model": "admin.logentry", "pk": 126, "fields": {"action_time": "2017-05-03T15:19:02.061Z", "user": 2, "content_type": 20, "object_id": "93", "object_repr": "Voice Label: FMD description", "action_flag": 1, "change_message": "[{\"added\": {}}, {\"added\": {\"name\": \"voice fragment\", \"object\": \"Voice Fragment: (English) FMD description\"}}]"}}, {"model": "admin.logentry", "pk": 127, "fields": {"action_time": "2017-05-03T15:19:09.960Z", "user": 2, "content_type": 31, "object_id": "37", "object_repr": "Message: FMD disease", "action_flag": 1, "change_message": "[{\"added\": {}}]"}}, {"model": "admin.logentry", "pk": 128, "fields": {"action_time": "2017-05-03T15:19:53.738Z", "user": 2, "content_type": 20, "object_id": "94", "object_repr": "Voice Label: CBPP treatment", "action_flag": 1, "change_message": "[{\"added\": {}}, {\"added\": {\"name\": \"voice fragment\", \"object\": \"Voice Fragment: (English) CBPP treatment\"}}]"}}, {"model": "admin.logentry", "pk": 129, "fields": {"action_time": "2017-05-03T15:20:00.914Z", "user": 2, "content_type": 31, "object_id": "38", "object_repr": "Message: CBPP treatment", "action_flag": 1, "change_message": "[{\"added\": {}}]"}}, {"model": "admin.logentry", "pk": 130, "fields": {"action_time": "2017-05-03T15:20:28.251Z", "user": 2, "content_type": 20, "object_id": "95", "object_repr": "Voice Label: CBPP description", "action_flag": 1, "change_message": "[{\"added\": {}}, {\"added\": {\"name\": \"voice fragment\", \"object\": \"Voice Fragment: (English) CBPP description\"}}]"}}, {"model": "admin.logentry", "pk": 131, "fields": {"action_time": "2017-05-03T15:20:37.362Z", "user": 2, "content_type": 31, "object_id": "39", "object_repr": "Message: CBPP disease", "action_flag": 1, "change_message": "[{\"added\": {}}]"}}, {"model": "admin.logentry", "pk": 132, "fields": {"action_time": "2017-05-03T15:21:06.348Z", "user": 2, "content_type": 20, "object_id": "96", "object_repr": "Voice Label: Black leg treatment", "action_flag": 1, "change_message": "[{\"added\": {}}, {\"added\": {\"name\": \"voice fragment\", \"object\": \"Voice Fragment: (English) Black leg treatment\"}}]"}}, {"model": "admin.logentry", "pk": 133, "fields": {"action_time": "2017-05-03T15:21:11.321Z", "user": 2, "content_type": 31, "object_id": "40", "object_repr": "Message: Black leg treatment", "action_flag": 1, "change_message": "[{\"added\": {}}]"}}, {"model": "admin.logentry", "pk": 134, "fields": {"action_time": "2017-05-03T15:21:40.223Z", "user": 2, "content_type": 20, "object_id": "97", "object_repr": "Voice Label: Black leg description", "action_flag": 1, "change_message": "[{\"added\": {}}, {\"added\": {\"name\": \"voice fragment\", \"object\": \"Voice Fragment: (English) Black leg description\"}}]"}}, {"model": "admin.logentry", "pk": 135, "fields": {"action_time": "2017-05-03T15:21:44.931Z", "user": 2, "content_type": 31, "object_id": "41", "object_repr": "Message: Black leg disease", "action_flag": 1, "change_message": "[{\"added\": {}}]"}}, {"model": "admin.logentry", "pk": 136, "fields": {"action_time": "2017-05-03T15:22:54.474Z", "user": 2, "content_type": 20, "object_id": "98", "object_repr": "Voice Label: Anthrax treatment", "action_flag": 1, "change_message": "[{\"added\": {}}, {\"added\": {\"name\": \"voice fragment\", \"object\": \"Voice Fragment: (English) Anthrax treatment\"}}]"}}, {"model": "admin.logentry", "pk": 137, "fields": {"action_time": "2017-05-03T15:23:00.959Z", "user": 2, "content_type": 31, "object_id": "42", "object_repr": "Message: Anthrax treatment", "action_flag": 1, "change_message": "[{\"added\": {}}]"}}, {"model": "admin.logentry", "pk": 138, "fields": {"action_time": "2017-05-03T15:23:41.612Z", "user": 2, "content_type": 20, "object_id": "99", "object_repr": "Voice Label: Anthrax description", "action_flag": 1, "change_message": "[{\"added\": {}}, {\"added\": {\"name\": \"voice fragment\", \"object\": \"Voice Fragment: (English) Anthrax description\"}}]"}}, {"model": "admin.logentry", "pk": 139, "fields": {"action_time": "2017-05-03T15:23:48.056Z", "user": 2, "content_type": 31, "object_id": "43", "object_repr": "Message: Anthrax disease", "action_flag": 1, "change_message": "[{\"added\": {}}]"}}, {"model": "admin.logentry", "pk": 140, "fields": {"action_time": "2017-05-03T15:24:19.733Z", "user": 2, "content_type": 20, "object_id": "100", "object_repr": "Voice Label: Tetanus treatment", "action_flag": 1, "change_message": "[{\"added\": {}}, {\"added\": {\"name\": \"voice fragment\", \"object\": \"Voice Fragment: (English) Tetanus treatment\"}}]"}}, {"model": "admin.logentry", "pk": 141, "fields": {"action_time": "2017-05-03T15:24:25.896Z", "user": 2, "content_type": 31, "object_id": "44", "object_repr": "Message: Tetanus treatment", "action_flag": 1, "change_message": "[{\"added\": {}}]"}}, {"model": "admin.logentry", "pk": 142, "fields": {"action_time": "2017-05-03T15:25:00.171Z", "user": 2, "content_type": 20, "object_id": "101", "object_repr": "Voice Label: Tetanus description", "action_flag": 1, "change_message": "[{\"added\": {}}, {\"added\": {\"name\": \"voice fragment\", \"object\": \"Voice Fragment: (English) Tetanus description\"}}]"}}, {"model": "admin.logentry", "pk": 143, "fields": {"action_time": "2017-05-03T15:25:04.738Z", "user": 2, "content_type": 31, "object_id": "45", "object_repr": "Message: Tetanus disease", "action_flag": 1, "change_message": "[{\"added\": {}}]"}}, {"model": "admin.logentry", "pk": 144, "fields": {"action_time": "2017-05-03T15:26:08.213Z", "user": 2, "content_type": 31, "object_id": "20", "object_repr": "Message: Unindentified disease", "action_flag": 2, "change_message": "[]"}}, {"model": "admin.logentry", "pk": 145, "fields": {"action_time": "2017-05-03T15:37:13.496Z", "user": 2, "content_type": 29, "object_id": "24", "object_repr": "Please define your type of animal", "action_flag": 2, "change_message": "[{\"changed\": {\"fields\": [\"service\"]}}, {\"changed\": {\"name\": \"choice option\", \"object\": \"(Please define your type of animal): cow\", \"fields\": [\"service\"]}}, {\"changed\": {\"name\": \"choice option\", \"object\": \"(Please define your type of animal): goat\", \"fields\": [\"service\"]}}]"}}, {"model": "admin.logentry", "pk": 146, "fields": {"action_time": "2017-05-03T15:38:03.876Z", "user": 2, "content_type": 20, "object_id": "73", "object_repr": "Voice Label: Does your animal experience weight loss?", "action_flag": 2, "change_message": "[{\"deleted\": {\"name\": \"voice fragment\", \"object\": \"Voice Fragment: (French) Does your animal experience weight loss?\"}}, {\"deleted\": {\"name\": \"voice fragment\", \"object\": \"Voice Fragment: (Nederlands) Does your animal experience weight loss?\"}}]"}}, {"model": "admin.logentry", "pk": 147, "fields": {"action_time": "2017-05-03T15:38:58.913Z", "user": 2, "content_type": 29, "object_id": "21", "object_repr": "Does your animal experience weight loss?", "action_flag": 2, "change_message": "[{\"changed\": {\"fields\": [\"service\"]}}]"}}, {"model": "admin.logentry", "pk": 148, "fields": {"action_time": "2017-05-03T15:39:51.210Z", "user": 2, "content_type": 20, "object_id": "102", "object_repr": "Voice Label: Does your animal experience loss of appetite?", "action_flag": 1, "change_message": "[{\"added\": {}}, {\"added\": {\"name\": \"voice fragment\", \"object\": \"Voice Fragment: (English) Does your animal experience loss of appetite?\"}}]"}}, {"model": "admin.logentry", "pk": 149, "fields": {"action_time": "2017-05-03T15:40:00.422Z", "user": 2, "content_type": 29, "object_id": "46", "object_repr": "Does your animal experience loss of appetite?", "action_flag": 1, "change_message": "[{\"added\": {}}]"}}, {"model": "admin.logentry", "pk": 150, "fields": {"action_time": "2017-05-03T15:40:13.463Z", "user": 2, "content_type": 29, "object_id": "46", "object_repr": "Does your animal experience loss of appetite?", "action_flag": 2, "change_message": "[]"}}, {"model": "admin.logentry", "pk": 151, "fields": {"action_time": "2017-05-03T15:40:39.408Z", "user": 2, "content_type": 20, "object_id": "103", "object_repr": "Voice Label: Does your animal experience diarrhea?", "action_flag": 1, "change_message": "[{\"added\": {}}, {\"added\": {\"name\": \"voice fragment\", \"object\": \"Voice Fragment: (English) Does your animal experience diarrhea?\"}}]"}}, {"model": "admin.logentry", "pk": 152, "fields": {"action_time": "2017-05-03T15:40:56.509Z", "user": 2, "content_type": 29, "object_id": "47", "object_repr": "Does your animal experience diarrhea?", "action_flag": 1, "change_message": "[{\"added\": {}}]"}}, {"model": "admin.logentry", "pk": 153, "fields": {"action_time": "2017-05-03T15:41:28.568Z", "user": 2, "content_type": 20, "object_id": "104", "object_repr": "Voice Label: Does your animal have fever?", "action_flag": 1, "change_message": "[{\"added\": {}}, {\"added\": {\"name\": \"voice fragment\", \"object\": \"Voice Fragment: (English) Does your animal have fever?\"}}]"}}, {"model": "admin.logentry", "pk": 154, "fields": {"action_time": "2017-05-03T15:41:30.410Z", "user": 2, "content_type": 29, "object_id": "48", "object_repr": "Does your animal have fever?", "action_flag": 1, "change_message": "[{\"added\": {}}]"}}, {"model": "admin.logentry", "pk": 155, "fields": {"action_time": "2017-05-03T15:41:53.634Z", "user": 2, "content_type": 20, "object_id": "105", "object_repr": "Voice Label: Does your animal experience lameness?", "action_flag": 1, "change_message": "[{\"added\": {}}, {\"added\": {\"name\": \"voice fragment\", \"object\": \"Voice Fragment: (English) Does your animal experience lameness?\"}}]"}}, {"model": "admin.logentry", "pk": 156, "fields": {"action_time": "2017-05-03T15:41:56.533Z", "user": 2, "content_type": 29, "object_id": "49", "object_repr": "Does your animal experience lameness?", "action_flag": 1, "change_message": "[{\"added\": {}}]"}}, {"model": "admin.logentry", "pk": 157, "fields": {"action_time": "2017-05-03T15:42:52.805Z", "user": 2, "content_type": 20, "object_id": "106", "object_repr": "Voice Label: Does your animal have swollen and lesion", "action_flag": 1, "change_message": "[{\"added\": {}}, {\"added\": {\"name\": \"voice fragment\", \"object\": \"Voice Fragment: (English) Does your animal have swollen and lesion\"}}]"}}, {"model": "admin.logentry", "pk": 158, "fields": {"action_time": "2017-05-03T15:42:55.559Z", "user": 2, "content_type": 29, "object_id": "50", "object_repr": "Does your animal have swollen and lesion", "action_flag": 1, "change_message": "[{\"added\": {}}]"}}, {"model": "admin.logentry", "pk": 159, "fields": {"action_time": "2017-05-03T15:43:30.303Z", "user": 2, "content_type": 20, "object_id": "107", "object_repr": "Voice Label: Does your animal experience hair loss and blood lo", "action_flag": 1, "change_message": "[{\"added\": {}}, {\"added\": {\"name\": \"voice fragment\", \"object\": \"Voice Fragment: (English) Does your animal experience hair loss and blood lo\"}}]"}}, {"model": "admin.logentry", "pk": 160, "fields": {"action_time": "2017-05-03T15:43:33.791Z", "user": 2, "content_type": 29, "object_id": "51", "object_repr": "Does your animal experience hair loss and blood loss", "action_flag": 1, "change_message": "[{\"added\": {}}]"}}, {"model": "admin.logentry", "pk": 161, "fields": {"action_time": "2017-05-03T15:44:02.672Z", "user": 2, "content_type": 20, "object_id": "108", "object_repr": "Voice Label: Does your animal have lumps on its back?", "action_flag": 1, "change_message": "[{\"added\": {}}, {\"added\": {\"name\": \"voice fragment\", \"object\": \"Voice Fragment: (English) Does your animal have lumps on its back?\"}}]"}}, {"model": "admin.logentry", "pk": 162, "fields": {"action_time": "2017-05-03T15:44:06.736Z", "user": 2, "content_type": 29, "object_id": "52", "object_repr": "Does your animal have lumps on its back?", "action_flag": 1, "change_message": "[{\"added\": {}}]"}}, {"model": "admin.logentry", "pk": 163, "fields": {"action_time": "2017-05-03T15:44:35.253Z", "user": 2, "content_type": 20, "object_id": "109", "object_repr": "Voice Label: Does your animal reluctant to move?", "action_flag": 1, "change_message": "[{\"added\": {}}, {\"added\": {\"name\": \"voice fragment\", \"object\": \"Voice Fragment: (English) Does your animal reluctant to move?\"}}]"}}, {"model": "admin.logentry", "pk": 164, "fields": {"action_time": "2017-05-03T15:44:37.689Z", "user": 2, "content_type": 29, "object_id": "53", "object_repr": "Does your animal reluctant to move?", "action_flag": 1, "change_message": "[{\"added\": {}}]"}}, {"model": "admin.logentry", "pk": 165, "fields": {"action_time": "2017-05-03T15:45:01.318Z", "user": 2, "content_type": 20, "object_id": "110", "object_repr": "Voice Label: Does your animal experience lethargic and tremblin", "action_flag": 1, "change_message": "[{\"added\": {}}, {\"added\": {\"name\": \"voice fragment\", \"object\": \"Voice Fragment: (English) Does your animal experience lethargic and tremblin\"}}]"}}, {"model": "admin.logentry", "pk": 166, "fields": {"action_time": "2017-05-03T15:45:03.449Z", "user": 2, "content_type": 29, "object_id": "54", "object_repr": "Does your animal experience lethargic and trembling", "action_flag": 1, "change_message": "[{\"added\": {}}]"}}, {"model": "admin.logentry", "pk": 167, "fields": {"action_time": "2017-05-03T15:45:25.047Z", "user": 2, "content_type": 20, "object_id": "111", "object_repr": "Voice Label: Does your animal experience dullness?", "action_flag": 1, "change_message": "[{\"added\": {}}, {\"added\": {\"name\": \"voice fragment\", \"object\": \"Voice Fragment: (English) Does your animal experience dullness?\"}}]"}}, {"model": "admin.logentry", "pk": 168, "fields": {"action_time": "2017-05-03T15:45:27.056Z", "user": 2, "content_type": 29, "object_id": "55", "object_repr": "Does your animal experience dullness?", "action_flag": 1, "change_message": "[{\"added\": {}}]"}}, {"model": "admin.logentry", "pk": 169, "fields": {"action_time": "2017-05-03T15:45:48.236Z", "user": 2, "content_type": 20, "object_id": "112", "object_repr": "Voice Label: Does your animal have profuse salivation?", "action_flag": 1, "change_message": "[{\"added\": {}}, {\"added\": {\"name\": \"voice fragment\", \"object\": \"Voice Fragment: (English) Does your animal have profuse salivation?\"}}]"}}, {"model": "admin.logentry", "pk": 170, "fields": {"action_time": "2017-05-03T15:45:56.988Z", "user": 2, "content_type": 29, "object_id": "56", "object_repr": "Does your animal have profuse salivation?", "action_flag": 1, "change_message": "[{\"added\": {}}]"}}, {"model": "admin.logentry", "pk": 171, "fields": {"action_time": "2017-05-03T15:46:17.036Z", "user": 2, "content_type": 20, "object_id": "113", "object_repr": "Voice Label: Does your animal have oral lesions,yellow patch?", "action_flag": 1, "change_message": "[{\"added\": {}}, {\"added\": {\"name\": \"voice fragment\", \"object\": \"Voice Fragment: (English) Does your animal have oral lesions,yellow patch?\"}}]"}}, {"model": "admin.logentry", "pk": 172, "fields": {"action_time": "2017-05-03T15:46:19.572Z", "user": 2, "content_type": 29, "object_id": "57", "object_repr": "Does your animal have oral lesions,yellow patch?", "action_flag": 1, "change_message": "[{\"added\": {}}]"}}, {"model": "admin.logentry", "pk": 173, "fields": {"action_time": "2017-05-03T15:46:46.554Z", "user": 2, "content_type": 20, "object_id": "114", "object_repr": "Voice Label: Does your animal experience depression?", "action_flag": 1, "change_message": "[{\"added\": {}}, {\"added\": {\"name\": \"voice fragment\", \"object\": \"Voice Fragment: (English) Does your animal experience depression?\"}}]"}}, {"model": "admin.logentry", "pk": 174, "fields": {"action_time": "2017-05-03T15:46:48.799Z", "user": 2, "content_type": 29, "object_id": "58", "object_repr": "Does your animal experience depression?", "action_flag": 1, "change_message": "[{\"added\": {}}]"}}, {"model": "admin.logentry", "pk": 175, "fields": {"action_time": "2017-05-03T15:47:19.810Z", "user": 2, "content_type": 20, "object_id": "115", "object_repr": "Voice Label: Does your animal experience difficulty in breathin", "action_flag": 1, "change_message": "[{\"added\": {}}, {\"added\": {\"name\": \"voice fragment\", \"object\": \"Voice Fragment: (English) Does your animal experience difficulty in breathin\"}}]"}}, {"model": "admin.logentry", "pk": 176, "fields": {"action_time": "2017-05-03T15:47:25.164Z", "user": 2, "content_type": 29, "object_id": "59", "object_repr": "Does your animal experience difficulty in breathing?", "action_flag": 1, "change_message": "[{\"added\": {}}]"}}, {"model": "admin.logentry", "pk": 177, "fields": {"action_time": "2017-05-03T15:51:27.309Z", "user": 2, "content_type": 20, "object_id": "116", "object_repr": "Voice Label: Does your animal have a cough?", "action_flag": 1, "change_message": "[{\"added\": {}}, {\"added\": {\"name\": \"voice fragment\", \"object\": \"Voice Fragment: (English) Does your animal have a cough?\"}}]"}}, {"model": "admin.logentry", "pk": 178, "fields": {"action_time": "2017-05-03T15:51:38.066Z", "user": 2, "content_type": 29, "object_id": "60", "object_repr": "Does your animal have a cough?", "action_flag": 1, "change_message": "[{\"added\": {}}]"}}, {"model": "admin.logentry", "pk": 179, "fields": {"action_time": "2017-05-03T15:51:56.652Z", "user": 2, "content_type": 20, "object_id": "117", "object_repr": "Voice Label: Does your animal makes convulsive movement?", "action_flag": 1, "change_message": "[{\"added\": {}}, {\"added\": {\"name\": \"voice fragment\", \"object\": \"Voice Fragment: (English) Does your animal makes convulsive movement?\"}}]"}}, {"model": "admin.logentry", "pk": 180, "fields": {"action_time": "2017-05-03T15:51:59.417Z", "user": 2, "content_type": 29, "object_id": "61", "object_repr": "Does your animal makes convulsive movement?", "action_flag": 1, "change_message": "[{\"added\": {}}]"}}, {"model": "admin.logentry", "pk": 181, "fields": {"action_time": "2017-05-03T15:52:28.811Z", "user": 2, "content_type": 20, "object_id": "118", "object_repr": "Voice Label: Does your animal get swollen in lower body?", "action_flag": 1, "change_message": "[{\"added\": {}}, {\"added\": {\"name\": \"voice fragment\", \"object\": \"Voice Fragment: (English) Does your animal get swollen in lower body?\"}}]"}}, {"model": "admin.logentry", "pk": 182, "fields": {"action_time": "2017-05-03T15:52:31.668Z", "user": 2, "content_type": 29, "object_id": "62", "object_repr": "Does your animal get swollen in lower body?", "action_flag": 1, "change_message": "[{\"added\": {}}]"}}, {"model": "admin.logentry", "pk": 183, "fields": {"action_time": "2017-05-03T15:52:57.104Z", "user": 2, "content_type": 20, "object_id": "119", "object_repr": "Voice Label: Does your animal experience stiffness?", "action_flag": 1, "change_message": "[{\"added\": {}}, {\"added\": {\"name\": \"voice fragment\", \"object\": \"Voice Fragment: (English) Does your animal experience stiffness?\"}}]"}}, {"model": "admin.logentry", "pk": 184, "fields": {"action_time": "2017-05-03T15:53:00.190Z", "user": 2, "content_type": 29, "object_id": "63", "object_repr": "Does your animal experience stiffness?", "action_flag": 1, "change_message": "[{\"added\": {}}]"}}, {"model": "admin.logentry", "pk": 185, "fields": {"action_time": "2017-05-03T15:53:58.184Z", "user": 2, "content_type": 20, "object_id": "120", "object_repr": "Voice Label: Does your animal have muscle tremor, lockjaw?", "action_flag": 1, "change_message": "[{\"added\": {}}, {\"added\": {\"name\": \"voice fragment\", \"object\": \"Voice Fragment: (English) Does your animal have muscle tremor, lockjaw?\"}}]"}}, {"model": "admin.logentry", "pk": 186, "fields": {"action_time": "2017-05-03T15:54:02.951Z", "user": 2, "content_type": 29, "object_id": "64", "object_repr": "Does your animal have muscle tremor, lockjaw?", "action_flag": 1, "change_message": "[{\"added\": {}}]"}}, {"model": "admin.logentry", "pk": 187, "fields": {"action_time": "2017-05-03T16:13:25.667Z", "user": 2, "content_type": 29, "object_id": "46", "object_repr": "Does your animal experience loss of appetite?", "action_flag": 2, "change_message": "[{\"added\": {\"name\": \"choice option\", \"object\": \"(Does your animal experience loss of appetite?): Yes\"}}, {\"added\": {\"name\": \"choice option\", \"object\": \"(Does your animal experience loss of appetite?): No\"}}]"}}, {"model": "admin.logentry", "pk": 188, "fields": {"action_time": "2017-05-03T16:16:02.518Z", "user": 2, "content_type": 29, "object_id": "47", "object_repr": "Does your animal experience diarrhea?", "action_flag": 2, "change_message": "[{\"added\": {\"name\": \"choice option\", \"object\": \"(Does your animal experience diarrhea?): Yes\"}}, {\"added\": {\"name\": \"choice option\", \"object\": \"(Does your animal experience diarrhea?): No\"}}]"}}, {"model": "admin.logentry", "pk": 189, "fields": {"action_time": "2017-05-03T16:17:19.416Z", "user": 2, "content_type": 29, "object_id": "50", "object_repr": "Does your animal have swollen and lesion", "action_flag": 2, "change_message": "[{\"added\": {\"name\": \"choice option\", \"object\": \"(Does your animal have swollen and lesion): Yes\"}}, {\"added\": {\"name\": \"choice option\", \"object\": \"(Does your animal have swollen and lesion): No\"}}]"}}, {"model": "admin.logentry", "pk": 190, "fields": {"action_time": "2017-05-03T16:18:50.997Z", "user": 2, "content_type": 29, "object_id": "51", "object_repr": "Does your animal experience hair loss and blood loss", "action_flag": 2, "change_message": "[{\"added\": {\"name\": \"choice option\", \"object\": \"(Does your animal experience hair loss and blood loss): Yes\"}}, {\"added\": {\"name\": \"choice option\", \"object\": \"(Does your animal experience hair loss and blood loss): No\"}}]"}}, {"model": "admin.logentry", "pk": 191, "fields": {"action_time": "2017-05-03T16:19:30.846Z", "user": 2, "content_type": 29, "object_id": "52", "object_repr": "Does your animal have lumps on its back?", "action_flag": 2, "change_message": "[{\"added\": {\"name\": \"choice option\", \"object\": \"(Does your animal have lumps on its back?): Yes\"}}, {\"added\": {\"name\": \"choice option\", \"object\": \"(Does your animal have lumps on its back?): No\"}}]"}}, {"model": "admin.logentry", "pk": 192, "fields": {"action_time": "2017-05-03T16:21:23.090Z", "user": 2, "content_type": 29, "object_id": "21", "object_repr": "Does your animal experience weight loss?", "action_flag": 2, "change_message": "[{\"changed\": {\"name\": \"choice option\", \"object\": \"(Does your animal experience weight loss?): Yes\", \"fields\": [\"service\", \"name\", \"_redirect\"]}}, {\"changed\": {\"name\": \"choice option\", \"object\": \"(Does your animal experience weight loss?): No\", \"fields\": [\"service\", \"name\", \"_redirect\"]}}]"}}, {"model": "admin.logentry", "pk": 193, "fields": {"action_time": "2017-05-03T16:23:03.282Z", "user": 2, "content_type": 29, "object_id": "48", "object_repr": "Does your animal have fever?", "action_flag": 2, "change_message": "[{\"added\": {\"name\": \"choice option\", \"object\": \"(Does your animal have fever?): Yes\"}}, {\"added\": {\"name\": \"choice option\", \"object\": \"(Does your animal have fever?): No\"}}]"}}, {"model": "admin.logentry", "pk": 194, "fields": {"action_time": "2017-05-03T16:23:53.195Z", "user": 2, "content_type": 29, "object_id": "53", "object_repr": "Does your animal reluctant to move?", "action_flag": 2, "change_message": "[{\"added\": {\"name\": \"choice option\", \"object\": \"(Does your animal reluctant to move?): Yes\"}}, {\"added\": {\"name\": \"choice option\", \"object\": \"(Does your animal reluctant to move?): No\"}}]"}}, {"model": "admin.logentry", "pk": 195, "fields": {"action_time": "2017-05-03T16:25:12.955Z", "user": 2, "content_type": 29, "object_id": "54", "object_repr": "Does your animal experience lethargic and trembling", "action_flag": 2, "change_message": "[{\"added\": {\"name\": \"choice option\", \"object\": \"(Does your animal experience lethargic and trembling): Yes\"}}, {\"added\": {\"name\": \"choice option\", \"object\": \"(Does your animal experience lethargic and trembling): No\"}}]"}}, {"model": "admin.logentry", "pk": 196, "fields": {"action_time": "2017-05-03T16:29:56.751Z", "user": 2, "content_type": 29, "object_id": "49", "object_repr": "Does your animal experience lameness?", "action_flag": 2, "change_message": "[{\"added\": {\"name\": \"choice option\", \"object\": \"(Does your animal experience lameness?): Yes\"}}, {\"added\": {\"name\": \"choice option\", \"object\": \"(Does your animal experience lameness?): No\"}}]"}}, {"model": "admin.logentry", "pk": 197, "fields": {"action_time": "2017-05-03T16:30:30.265Z", "user": 2, "content_type": 29, "object_id": "56", "object_repr": "Does your animal have profuse salivation?", "action_flag": 2, "change_message": "[{\"added\": {\"name\": \"choice option\", \"object\": \"(Does your animal have profuse salivation?): Yes\"}}, {\"added\": {\"name\": \"choice option\", \"object\": \"(Does your animal have profuse salivation?): No\"}}]"}}, {"model": "admin.logentry", "pk": 198, "fields": {"action_time": "2017-05-03T16:32:10.500Z", "user": 2, "content_type": 29, "object_id": "58", "object_repr": "Does your animal experience depression?", "action_flag": 2, "change_message": "[{\"added\": {\"name\": \"choice option\", \"object\": \"(Does your animal experience depression?): Yes\"}}, {\"added\": {\"name\": \"choice option\", \"object\": \"(Does your animal experience depression?): No\"}}]"}}, {"model": "admin.logentry", "pk": 199, "fields": {"action_time": "2017-05-03T16:32:45.799Z", "user": 2, "content_type": 29, "object_id": "59", "object_repr": "Does your animal experience difficulty in breathing?", "action_flag": 2, "change_message": "[{\"added\": {\"name\": \"choice option\", \"object\": \"(Does your animal experience difficulty in breathing?): Yes\"}}, {\"added\": {\"name\": \"choice option\", \"object\": \"(Does your animal experience difficulty in breathing?): No\"}}]"}}, {"model": "admin.logentry", "pk": 200, "fields": {"action_time": "2017-05-03T16:42:01.359Z", "user": 2, "content_type": 29, "object_id": "48", "object_repr": "Does your animal have fever?", "action_flag": 2, "change_message": "[{\"changed\": {\"name\": \"choice option\", \"object\": \"(Does your animal have fever?): No\", \"fields\": [\"_redirect\"]}}]"}}, {"model": "admin.logentry", "pk": 201, "fields": {"action_time": "2017-05-03T16:42:46.125Z", "user": 2, "content_type": 29, "object_id": "64", "object_repr": "Does your animal have muscle tremor, lockjaw?", "action_flag": 2, "change_message": "[{\"added\": {\"name\": \"choice option\", \"object\": \"(Does your animal have muscle tremor, lockjaw?): Yes\"}}, {\"added\": {\"name\": \"choice option\", \"object\": \"(Does your animal have muscle tremor, lockjaw?): No\"}}]"}}, {"model": "admin.logentry", "pk": 202, "fields": {"action_time": "2017-05-03T18:39:13.640Z", "user": 2, "content_type": null, "object_id": "91", "object_repr": "Animal type", "action_flag": 1, "change_message": "[{\"added\": {}}, {\"added\": {\"name\": \"selection option\", \"object\": \"Selection Option: (Cattle) Animal type\"}}, {\"added\": {\"name\": \"selection option\", \"object\": \"Selection Option: (Goat) Animal type\"}}]"}}, {"model": "admin.logentry", "pk": 203, "fields": {"action_time": "2017-05-03T19:23:35.563Z", "user": 2, "content_type": 25, "object_id": "3", "object_repr": "Voice Service: MobileVet", "action_flag": 2, "change_message": "[{\"changed\": {\"fields\": [\"_start_element\"]}}]"}}, {"model": "admin.logentry", "pk": 204, "fields": {"action_time": "2017-05-03T19:24:13.919Z", "user": 2, "content_type": null, "object_id": "91", "object_repr": "Animal type", "action_flag": 2, "change_message": "[]"}}, {"model": "admin.logentry", "pk": 205, "fields": {"action_time": "2017-05-03T19:28:13.660Z", "user": 2, "content_type": 29, "object_id": "24", "object_repr": "Please define your type of animal", "action_flag": 3, "change_message": ""}}, {"model": "admin.logentry", "pk": 206, "fields": {"action_time": "2017-05-03T19:28:37.910Z", "user": 2, "content_type": 25, "object_id": "3", "object_repr": "Voice Service: MobileVet", "action_flag": 2, "change_message": "[]"}}, {"model": "admin.logentry", "pk": 207, "fields": {"action_time": "2017-05-03T19:29:00.813Z", "user": 2, "content_type": null, "object_id": "91", "object_repr": "Animal type", "action_flag": 2, "change_message": "[]"}}, {"model": "admin.logentry", "pk": 208, "fields": {"action_time": "2017-05-03T20:22:34.634Z", "user": 2, "content_type": null, "object_id": "91", "object_repr": "Animal type", "action_flag": 2, "change_message": "[{\"deleted\": {\"name\": \"selection option\", \"object\": \"Selection Option: (Cattle) Animal type\"}}, {\"deleted\": {\"name\": \"selection option\", \"object\": \"Selection Option: (Goat) Animal type\"}}]"}}, {"model": "admin.logentry", "pk": 209, "fields": {"action_time": "2017-05-03T20:25:31.154Z", "user": 2, "content_type": null, "object_id": "91", "object_repr": "Animal type", "action_flag": 2, "change_message": "[{\"added\": {\"name\": \"selection option\", \"object\": \"Selection Option: (Cattle) Animal type\"}}, {\"added\": {\"name\": \"selection option\", \"object\": \"Selection Option: (Goat) Animal type\"}}]"}}, {"model": "admin.logentry", "pk": 210, "fields": {"action_time": "2017-05-04T00:26:13.270Z", "user": 2, "content_type": 53, "object_id": "94", "object_repr": "Type of animal", "action_flag": 1, "change_message": "[{\"added\": {}}, {\"added\": {\"name\": \"animal selection option\", \"object\": \"Animal Selection Option: (Cattle) Type of animal\"}}, {\"added\": {\"name\": \"animal selection option\", \"object\": \"Animal Selection Option: (Goat) Type of animal\"}}]"}}, {"model": "admin.logentry", "pk": 211, "fields": {"action_time": "2017-05-04T00:29:29.312Z", "user": 2, "content_type": 42, "object_id": "2", "object_repr": "Central region", "action_flag": 1, "change_message": "[{\"added\": {}}]"}}, {"model": "admin.logentry", "pk": 212, "fields": {"action_time": "2017-05-04T00:29:42.305Z", "user": 2, "content_type": 42, "object_id": "3", "object_repr": "Eastern region", "action_flag": 1, "change_message": "[{\"added\": {}}]"}}, {"model": "admin.logentry", "pk": 213, "fields": {"action_time": "2017-05-04T00:29:53.777Z", "user": 2, "content_type": 51, "object_id": "97", "object_repr": "Please select your region", "action_flag": 1, "change_message": "[{\"added\": {}}, {\"added\": {\"name\": \"region selection option\", \"object\": \"Region Selection Option: (Central region) Please select your region\"}}, {\"added\": {\"name\": \"region selection option\", \"object\": \"Region Selection Option: (Eastern region) Please select your region\"}}]"}}, {"model": "admin.logentry", "pk": 214, "fields": {"action_time": "2017-05-04T00:31:16.455Z", "user": 2, "content_type": 51, "object_id": "97", "object_repr": "Please select your region", "action_flag": 2, "change_message": "[{\"changed\": {\"fields\": [\"_redirect_url\"]}}]"}}, {"model": "admin.logentry", "pk": 215, "fields": {"action_time": "2017-05-04T00:31:46.608Z", "user": 2, "content_type": 25, "object_id": "3", "object_repr": "Voice Service: MobileVet", "action_flag": 2, "change_message": "[{\"changed\": {\"fields\": [\"_start_element\"]}}]"}}, {"model": "admin.logentry", "pk": 216, "fields": {"action_time": "2017-05-04T01:20:11.817Z", "user": 2, "content_type": 53, "object_id": "94", "object_repr": "Type of animal", "action_flag": 2, "change_message": "[{\"changed\": {\"fields\": [\"_redirect_url\"]}}]"}}, {"model": "admin.logentry", "pk": 217, "fields": {"action_time": "2017-05-04T16:06:59.600Z", "user": 2, "content_type": 53, "object_id": "94", "object_repr": "Type of animal", "action_flag": 2, "change_message": "[{\"changed\": {\"name\": \"animal selection option\", \"object\": \"Animal Selection Option: (Cattle) Type of animal\", \"fields\": [\"_redirect_url\"]}}, {\"changed\": {\"name\": \"animal selection option\", \"object\": \"Animal Selection Option: (Goat) Type of animal\", \"fields\": [\"_redirect_url\"]}}]"}}, {"model": "admin.logentry", "pk": 218, "fields": {"action_time": "2017-05-04T17:09:09.592Z", "user": 2, "content_type": 43, "object_id": "3", "object_repr": "Chicken", "action_flag": 1, "change_message": "[{\"added\": {}}]"}}, {"model": "admin.logentry", "pk": 219, "fields": {"action_time": "2017-05-04T17:12:09.251Z", "user": 2, "content_type": 20, "object_id": "121", "object_repr": "Voice Label: Chicken", "action_flag": 1, "change_message": "[{\"added\": {}}, {\"added\": {\"name\": \"voice fragment\", \"object\": \"Voice Fragment: (English) Chicken\"}}]"}}, {"model": "admin.logentry", "pk": 220, "fields": {"action_time": "2017-05-04T17:13:20.704Z", "user": 2, "content_type": 20, "object_id": "122", "object_repr": "Voice Label: Chicken", "action_flag": 1, "change_message": "[{\"added\": {}}, {\"added\": {\"name\": \"voice fragment\", \"object\": \"Voice Fragment: (English) Chicken\"}}]"}}, {"model": "admin.logentry", "pk": 221, "fields": {"action_time": "2017-05-04T17:13:43.736Z", "user": 2, "content_type": 53, "object_id": "94", "object_repr": "Type of animal", "action_flag": 2, "change_message": "[{\"added\": {\"name\": \"animal selection option\", \"object\": \"Animal Selection Option: (Chicken) Type of animal\"}}]"}}, {"model": "admin.logentry", "pk": 222, "fields": {"action_time": "2017-05-04T17:15:11.189Z", "user": 2, "content_type": 53, "object_id": "94", "object_repr": "Type of animal", "action_flag": 2, "change_message": "[{\"deleted\": {\"name\": \"animal selection option\", \"object\": \"Animal Selection Option: (Goat) Type of animal\"}}]"}}, {"model": "admin.logentry", "pk": 223, "fields": {"action_time": "2017-05-04T17:19:20.561Z", "user": 2, "content_type": 20, "object_id": "123", "object_repr": "Voice Label: Sudden death", "action_flag": 1, "change_message": "[{\"added\": {}}, {\"added\": {\"name\": \"voice fragment\", \"object\": \"Voice Fragment: (English) Sudden death\"}}]"}}, {"model": "admin.logentry", "pk": 224, "fields": {"action_time": "2017-05-04T17:20:09.377Z", "user": 2, "content_type": 20, "object_id": "124", "object_repr": "Voice Label: Sudden collapse", "action_flag": 1, "change_message": "[{\"added\": {}}, {\"added\": {\"name\": \"voice fragment\", \"object\": \"Voice Fragment: (English) Sudden collapse\"}}]"}}, {"model": "admin.logentry", "pk": 225, "fields": {"action_time": "2017-05-04T17:23:47.190Z", "user": 2, "content_type": 20, "object_id": "125", "object_repr": "Voice Label: Avian Influenza", "action_flag": 1, "change_message": "[{\"added\": {}}, {\"added\": {\"name\": \"voice fragment\", \"object\": \"Voice Fragment: (English) Avian Influenza\"}}]"}}, {"model": "admin.logentry", "pk": 226, "fields": {"action_time": "2017-05-04T17:24:03.756Z", "user": 2, "content_type": 20, "object_id": "126", "object_repr": "Voice Label: Fowl pox", "action_flag": 1, "change_message": "[{\"added\": {}}, {\"added\": {\"name\": \"voice fragment\", \"object\": \"Voice Fragment: (English) Fowl pox\"}}]"}}, {"model": "admin.logentry", "pk": 227, "fields": {"action_time": "2017-05-04T17:24:36.241Z", "user": 2, "content_type": 20, "object_id": "127", "object_repr": "Voice Label: Newcastle disease", "action_flag": 1, "change_message": "[{\"added\": {}}, {\"added\": {\"name\": \"voice fragment\", \"object\": \"Voice Fragment: (English) Newcastle disease\"}}]"}}, {"model": "admin.logentry", "pk": 228, "fields": {"action_time": "2017-05-04T17:25:58.821Z", "user": 2, "content_type": 20, "object_id": "128", "object_repr": "Voice Label: Less egg", "action_flag": 1, "change_message": "[{\"added\": {}}, {\"added\": {\"name\": \"voice fragment\", \"object\": \"Voice Fragment: (English) Less egg\"}}]"}}, {"model": "admin.logentry", "pk": 229, "fields": {"action_time": "2017-05-04T17:26:23.951Z", "user": 2, "content_type": 20, "object_id": "129", "object_repr": "Voice Label: Twisted neck", "action_flag": 1, "change_message": "[{\"added\": {}}, {\"added\": {\"name\": \"voice fragment\", \"object\": \"Voice Fragment: (English) Twisted neck\"}}]"}}, {"model": "admin.logentry", "pk": 230, "fields": {"action_time": "2017-05-04T17:28:58.692Z", "user": 2, "content_type": 53, "object_id": "94", "object_repr": "Type of animal", "action_flag": 2, "change_message": "[{\"changed\": {\"name\": \"animal selection option\", \"object\": \"Animal Selection Option: (Cattle) Type of animal\", \"fields\": [\"_redirect_url\"]}}, {\"changed\": {\"name\": \"animal selection option\", \"object\": \"Animal Selection Option: (Chicken) Type of animal\", \"fields\": [\"_redirect_url\"]}}]"}}, {"model": "admin.logentry", "pk": 231, "fields": {"action_time": "2017-05-04T17:29:33.253Z", "user": 2, "content_type": 29, "object_id": "58", "object_repr": "Does your animal experience depression?", "action_flag": 2, "change_message": "[{\"changed\": {\"name\": \"choice option\", \"object\": \"(Does your animal experience depression?): Yes\", \"fields\": [\"_redirect\"]}}, {\"changed\": {\"name\": \"choice option\", \"object\": \"(Does your animal experience depression?): No\", \"fields\": [\"_redirect\"]}}]"}}, {"model": "admin.logentry", "pk": 232, "fields": {"action_time": "2017-05-04T17:34:41.013Z", "user": 2, "content_type": 20, "object_id": "122", "object_repr": "Voice Label: Chicken", "action_flag": 3, "change_message": ""}}, {"model": "admin.logentry", "pk": 233, "fields": {"action_time": "2017-05-04T17:34:41.238Z", "user": 2, "content_type": 20, "object_id": "121", "object_repr": "Voice Label: Chicken", "action_flag": 3, "change_message": ""}}, {"model": "admin.logentry", "pk": 234, "fields": {"action_time": "2017-05-04T17:34:41.430Z", "user": 2, "content_type": 20, "object_id": "120", "object_repr": "Voice Label: Does your animal have muscle tremor, lockjaw?", "action_flag": 3, "change_message": ""}}, {"model": "admin.logentry", "pk": 235, "fields": {"action_time": "2017-05-04T17:34:41.587Z", "user": 2, "content_type": 20, "object_id": "119", "object_repr": "Voice Label: Does your animal experience stiffness?", "action_flag": 3, "change_message": ""}}, {"model": "admin.logentry", "pk": 236, "fields": {"action_time": "2017-05-04T17:34:41.773Z", "user": 2, "content_type": 20, "object_id": "118", "object_repr": "Voice Label: Does your animal get swollen in lower body?", "action_flag": 3, "change_message": ""}}, {"model": "admin.logentry", "pk": 237, "fields": {"action_time": "2017-05-04T17:34:41.895Z", "user": 2, "content_type": 20, "object_id": "113", "object_repr": "Voice Label: Does your animal have oral lesions,yellow patch?", "action_flag": 3, "change_message": ""}}, {"model": "admin.logentry", "pk": 238, "fields": {"action_time": "2017-05-04T17:34:42.020Z", "user": 2, "content_type": 20, "object_id": "112", "object_repr": "Voice Label: Does your animal have profuse salivation?", "action_flag": 3, "change_message": ""}}, {"model": "admin.logentry", "pk": 239, "fields": {"action_time": "2017-05-04T17:34:42.208Z", "user": 2, "content_type": 20, "object_id": "111", "object_repr": "Voice Label: Does your animal experience dullness?", "action_flag": 3, "change_message": ""}}, {"model": "admin.logentry", "pk": 240, "fields": {"action_time": "2017-05-04T17:34:42.351Z", "user": 2, "content_type": 20, "object_id": "109", "object_repr": "Voice Label: Does your animal reluctant to move?", "action_flag": 3, "change_message": ""}}, {"model": "admin.logentry", "pk": 241, "fields": {"action_time": "2017-05-04T17:34:42.616Z", "user": 2, "content_type": 20, "object_id": "108", "object_repr": "Voice Label: Does your animal have lumps on its back?", "action_flag": 3, "change_message": ""}}, {"model": "admin.logentry", "pk": 242, "fields": {"action_time": "2017-05-04T17:34:42.774Z", "user": 2, "content_type": 20, "object_id": "107", "object_repr": "Voice Label: Does your animal experience hair loss and blood lo", "action_flag": 3, "change_message": ""}}, {"model": "admin.logentry", "pk": 243, "fields": {"action_time": "2017-05-04T17:34:42.895Z", "user": 2, "content_type": 20, "object_id": "106", "object_repr": "Voice Label: Does your animal have swollen and lesion", "action_flag": 3, "change_message": ""}}, {"model": "admin.logentry", "pk": 244, "fields": {"action_time": "2017-05-04T17:34:43.038Z", "user": 2, "content_type": 20, "object_id": "103", "object_repr": "Voice Label: Does your animal experience diarrhea?", "action_flag": 3, "change_message": ""}}, {"model": "admin.logentry", "pk": 245, "fields": {"action_time": "2017-05-04T17:34:43.216Z", "user": 2, "content_type": 20, "object_id": "91", "object_repr": "Voice Label: Parasites description", "action_flag": 3, "change_message": ""}}, {"model": "admin.logentry", "pk": 246, "fields": {"action_time": "2017-05-04T17:34:43.328Z", "user": 2, "content_type": 20, "object_id": "90", "object_repr": "Voice Label: Parasites treatment", "action_flag": 3, "change_message": ""}}, {"model": "admin.logentry", "pk": 247, "fields": {"action_time": "2017-05-04T17:34:43.438Z", "user": 2, "content_type": 20, "object_id": "87", "object_repr": "Voice Label: Gut worm treatment", "action_flag": 3, "change_message": ""}}, {"model": "admin.logentry", "pk": 248, "fields": {"action_time": "2017-05-04T17:34:43.605Z", "user": 2, "content_type": 20, "object_id": "85", "object_repr": "Voice Label: Parasites description", "action_flag": 3, "change_message": ""}}, {"model": "admin.logentry", "pk": 249, "fields": {"action_time": "2017-05-04T17:34:43.826Z", "user": 2, "content_type": 20, "object_id": "76", "object_repr": "Voice Label: Cow", "action_flag": 3, "change_message": ""}}, {"model": "admin.logentry", "pk": 250, "fields": {"action_time": "2017-05-04T17:34:43.949Z", "user": 2, "content_type": 20, "object_id": "74", "object_repr": "Voice Label: Gut worm description", "action_flag": 3, "change_message": ""}}, {"model": "admin.logentry", "pk": 251, "fields": {"action_time": "2017-05-04T17:34:44.071Z", "user": 2, "content_type": 20, "object_id": "73", "object_repr": "Voice Label: Does your animal experience weight loss?", "action_flag": 3, "change_message": ""}}, {"model": "admin.logentry", "pk": 252, "fields": {"action_time": "2017-05-04T17:35:10.889Z", "user": 2, "content_type": 20, "object_id": "117", "object_repr": "Voice Label: Convulsive movement?", "action_flag": 2, "change_message": "[{\"changed\": {\"fields\": [\"name\"]}}]"}}, {"model": "admin.logentry", "pk": 253, "fields": {"action_time": "2017-05-04T17:35:22.499Z", "user": 2, "content_type": 20, "object_id": "116", "object_repr": "Voice Label: Cough?", "action_flag": 2, "change_message": "[{\"changed\": {\"fields\": [\"name\"]}}]"}}, {"model": "admin.logentry", "pk": 254, "fields": {"action_time": "2017-05-04T17:35:36.097Z", "user": 2, "content_type": 20, "object_id": "115", "object_repr": "Voice Label: Difficulty in breathing?", "action_flag": 2, "change_message": "[{\"changed\": {\"fields\": [\"name\"]}}]"}}, {"model": "admin.logentry", "pk": 255, "fields": {"action_time": "2017-05-04T17:35:55.339Z", "user": 2, "content_type": 20, "object_id": "114", "object_repr": "Voice Label: Depression", "action_flag": 2, "change_message": "[{\"changed\": {\"fields\": [\"name\"]}}]"}}, {"model": "admin.logentry", "pk": 256, "fields": {"action_time": "2017-05-04T17:36:07.320Z", "user": 2, "content_type": 20, "object_id": "110", "object_repr": "Voice Label: Lethargic and trembling", "action_flag": 2, "change_message": "[{\"changed\": {\"fields\": [\"name\"]}}]"}}, {"model": "admin.logentry", "pk": 257, "fields": {"action_time": "2017-05-04T17:36:15.461Z", "user": 2, "content_type": 20, "object_id": "105", "object_repr": "Voice Label: Lameness?", "action_flag": 2, "change_message": "[{\"changed\": {\"fields\": [\"name\"]}}]"}}, {"model": "admin.logentry", "pk": 258, "fields": {"action_time": "2017-05-04T17:36:23.860Z", "user": 2, "content_type": 20, "object_id": "104", "object_repr": "Voice Label: Fever", "action_flag": 2, "change_message": "[{\"changed\": {\"fields\": [\"name\"]}}]"}}, {"model": "admin.logentry", "pk": 259, "fields": {"action_time": "2017-05-04T17:36:33.617Z", "user": 2, "content_type": 20, "object_id": "102", "object_repr": "Voice Label: Loss of appetite?", "action_flag": 2, "change_message": "[{\"changed\": {\"fields\": [\"name\"]}}]"}}, {"model": "admin.logentry", "pk": 260, "fields": {"action_time": "2017-05-04T17:39:13.444Z", "user": 2, "content_type": 31, "object_id": "35", "object_repr": "Message: Parasites disease", "action_flag": 3, "change_message": ""}}, {"model": "admin.logentry", "pk": 261, "fields": {"action_time": "2017-05-04T17:39:13.629Z", "user": 2, "content_type": 31, "object_id": "34", "object_repr": "Message: Parasites treatment", "action_flag": 3, "change_message": ""}}, {"model": "admin.logentry", "pk": 262, "fields": {"action_time": "2017-05-04T17:39:13.742Z", "user": 2, "content_type": 31, "object_id": "31", "object_repr": "Message: Gut worm treatment", "action_flag": 3, "change_message": ""}}, {"model": "admin.logentry", "pk": 263, "fields": {"action_time": "2017-05-04T17:44:56.141Z", "user": 2, "content_type": 29, "object_id": "64", "object_repr": "Does your animal have muscle tremor, lockjaw?", "action_flag": 3, "change_message": ""}}, {"model": "admin.logentry", "pk": 264, "fields": {"action_time": "2017-05-04T17:44:56.283Z", "user": 2, "content_type": 29, "object_id": "63", "object_repr": "Does your animal experience stiffness?", "action_flag": 3, "change_message": ""}}, {"model": "admin.logentry", "pk": 265, "fields": {"action_time": "2017-05-04T17:44:56.471Z", "user": 2, "content_type": 29, "object_id": "62", "object_repr": "Does your animal get swollen in lower body?", "action_flag": 3, "change_message": ""}}, {"model": "admin.logentry", "pk": 266, "fields": {"action_time": "2017-05-04T17:44:56.616Z", "user": 2, "content_type": 29, "object_id": "57", "object_repr": "Does your animal have oral lesions,yellow patch?", "action_flag": 3, "change_message": ""}}, {"model": "admin.logentry", "pk": 267, "fields": {"action_time": "2017-05-04T17:44:56.749Z", "user": 2, "content_type": 29, "object_id": "56", "object_repr": "Does your animal have profuse salivation?", "action_flag": 3, "change_message": ""}}, {"model": "admin.logentry", "pk": 268, "fields": {"action_time": "2017-05-04T17:44:56.893Z", "user": 2, "content_type": 29, "object_id": "55", "object_repr": "Does your animal experience dullness?", "action_flag": 3, "change_message": ""}}, {"model": "admin.logentry", "pk": 269, "fields": {"action_time": "2017-05-04T17:44:57.015Z", "user": 2, "content_type": 29, "object_id": "53", "object_repr": "Does your animal reluctant to move?", "action_flag": 3, "change_message": ""}}, {"model": "admin.logentry", "pk": 270, "fields": {"action_time": "2017-05-04T17:44:57.148Z", "user": 2, "content_type": 29, "object_id": "52", "object_repr": "Does your animal have lumps on its back?", "action_flag": 3, "change_message": ""}}, {"model": "admin.logentry", "pk": 271, "fields": {"action_time": "2017-05-04T17:44:57.302Z", "user": 2, "content_type": 29, "object_id": "51", "object_repr": "Does your animal experience hair loss and blood loss", "action_flag": 3, "change_message": ""}}, {"model": "admin.logentry", "pk": 272, "fields": {"action_time": "2017-05-04T17:44:57.436Z", "user": 2, "content_type": 29, "object_id": "50", "object_repr": "Does your animal have swollen and lesion", "action_flag": 3, "change_message": ""}}, {"model": "admin.logentry", "pk": 273, "fields": {"action_time": "2017-05-04T17:44:57.636Z", "user": 2, "content_type": 29, "object_id": "47", "object_repr": "Does your animal experience diarrhea?", "action_flag": 3, "change_message": ""}}, {"model": "admin.logentry", "pk": 274, "fields": {"action_time": "2017-05-04T17:44:57.858Z", "user": 2, "content_type": 29, "object_id": "21", "object_repr": "Does your animal experience weight loss?", "action_flag": 3, "change_message": ""}}, {"model": "admin.logentry", "pk": 275, "fields": {"action_time": "2017-05-04T17:45:30.469Z", "user": 2, "content_type": 29, "object_id": "61", "object_repr": "Does your animal makes convulsive movement?", "action_flag": 3, "change_message": ""}}, {"model": "admin.logentry", "pk": 276, "fields": {"action_time": "2017-05-04T17:45:30.701Z", "user": 2, "content_type": 29, "object_id": "60", "object_repr": "Does your animal have a cough?", "action_flag": 3, "change_message": ""}}, {"model": "admin.logentry", "pk": 277, "fields": {"action_time": "2017-05-04T17:45:30.833Z", "user": 2, "content_type": 29, "object_id": "59", "object_repr": "Does your animal experience difficulty in breathing?", "action_flag": 3, "change_message": ""}}, {"model": "admin.logentry", "pk": 278, "fields": {"action_time": "2017-05-04T17:45:30.989Z", "user": 2, "content_type": 29, "object_id": "58", "object_repr": "Does your animal experience depression?", "action_flag": 3, "change_message": ""}}, {"model": "admin.logentry", "pk": 279, "fields": {"action_time": "2017-05-04T17:45:31.122Z", "user": 2, "content_type": 29, "object_id": "54", "object_repr": "Does your animal experience lethargic and trembling", "action_flag": 3, "change_message": ""}}, {"model": "admin.logentry", "pk": 280, "fields": {"action_time": "2017-05-04T17:45:31.256Z", "user": 2, "content_type": 29, "object_id": "49", "object_repr": "Does your animal experience lameness?", "action_flag": 3, "change_message": ""}}, {"model": "admin.logentry", "pk": 281, "fields": {"action_time": "2017-05-04T17:45:31.467Z", "user": 2, "content_type": 29, "object_id": "48", "object_repr": "Does your animal have fever?", "action_flag": 3, "change_message": ""}}, {"model": "admin.logentry", "pk": 282, "fields": {"action_time": "2017-05-04T17:45:31.721Z", "user": 2, "content_type": 29, "object_id": "46", "object_repr": "Does your animal experience loss of appetite?", "action_flag": 3, "change_message": ""}}, {"model": "admin.logentry", "pk": 283, "fields": {"action_time": "2017-05-04T17:46:54.854Z", "user": 2, "content_type": 53, "object_id": "94", "object_repr": "Type of animal", "action_flag": 2, "change_message": "[{\"added\": {\"name\": \"animal selection option\", \"object\": \"Animal Selection Option: (Cattle) Type of animal\"}}, {\"added\": {\"name\": \"animal selection option\", \"object\": \"Animal Selection Option: (Chicken) Type of animal\"}}]"}}, {"model": "admin.logentry", "pk": 284, "fields": {"action_time": "2017-05-04T17:48:01.762Z", "user": 2, "content_type": 29, "object_id": "103", "object_repr": "Depression", "action_flag": 1, "change_message": "[{\"added\": {}}, {\"added\": {\"name\": \"choice option\", \"object\": \"(Depression): symptom 1\"}}, {\"added\": {\"name\": \"choice option\", \"object\": \"(Depression): symptom 1\"}}]"}}, {"model": "admin.logentry", "pk": 285, "fields": {"action_time": "2017-05-04T17:48:42.801Z", "user": 2, "content_type": 29, "object_id": "106", "object_repr": "Fever", "action_flag": 1, "change_message": "[{\"added\": {}}, {\"added\": {\"name\": \"choice option\", \"object\": \"(Fever): symptom 2\"}}, {\"added\": {\"name\": \"choice option\", \"object\": \"(Fever): symptom 2\"}}]"}}, {"model": "admin.logentry", "pk": 286, "fields": {"action_time": "2017-05-04T17:49:20.481Z", "user": 2, "content_type": 29, "object_id": "109", "object_repr": "Lethargy", "action_flag": 1, "change_message": "[{\"added\": {}}, {\"added\": {\"name\": \"choice option\", \"object\": \"(Lethargy): symptom 3\"}}, {\"added\": {\"name\": \"choice option\", \"object\": \"(Lethargy): symptom 3\"}}]"}}, {"model": "admin.logentry", "pk": 287, "fields": {"action_time": "2017-05-04T17:49:58.785Z", "user": 2, "content_type": 29, "object_id": "112", "object_repr": "Difficulty in breathing", "action_flag": 1, "change_message": "[{\"added\": {}}, {\"added\": {\"name\": \"choice option\", \"object\": \"(Difficulty in breathing): symptom 4\"}}, {\"added\": {\"name\": \"choice option\", \"object\": \"(Difficulty in breathing): symptom 4\"}}]"}}, {"model": "admin.logentry", "pk": 288, "fields": {"action_time": "2017-05-04T17:50:22.967Z", "user": 2, "content_type": 29, "object_id": "109", "object_repr": "Lethargy", "action_flag": 2, "change_message": "[{\"changed\": {\"name\": \"choice option\", \"object\": \"(Lethargy): symptom 3\", \"fields\": [\"_redirect\"]}}, {\"changed\": {\"name\": \"choice option\", \"object\": \"(Lethargy): symptom 3\", \"fields\": [\"_redirect\"]}}]"}}, {"model": "admin.logentry", "pk": 289, "fields": {"action_time": "2017-05-04T17:50:40.811Z", "user": 2, "content_type": 29, "object_id": "106", "object_repr": "Fever", "action_flag": 2, "change_message": "[{\"changed\": {\"name\": \"choice option\", \"object\": \"(Fever): symptom 2\", \"fields\": [\"_redirect\"]}}, {\"changed\": {\"name\": \"choice option\", \"object\": \"(Fever): symptom 2\", \"fields\": [\"_redirect\"]}}]"}}, {"model": "admin.logentry", "pk": 290, "fields": {"action_time": "2017-05-04T17:51:37.986Z", "user": 2, "content_type": 29, "object_id": "103", "object_repr": "Depression", "action_flag": 2, "change_message": "[{\"changed\": {\"name\": \"choice option\", \"object\": \"(Depression): symptom 1\", \"fields\": [\"_redirect\"]}}, {\"changed\": {\"name\": \"choice option\", \"object\": \"(Depression): symptom 1\", \"fields\": [\"_redirect\"]}}]"}}, {"model": "admin.logentry", "pk": 291, "fields": {"action_time": "2017-05-04T17:52:22.745Z", "user": 2, "content_type": 29, "object_id": "112", "object_repr": "Difficulty in breathing", "action_flag": 2, "change_message": "[{\"changed\": {\"name\": \"choice option\", \"object\": \"(Difficulty in breathing): symptom 4\", \"fields\": [\"_redirect\"]}}, {\"changed\": {\"name\": \"choice option\", \"object\": \"(Difficulty in breathing): symptom 4\", \"fields\": [\"_redirect\"]}}]"}}, {"model": "admin.logentry", "pk": 292, "fields": {"action_time": "2017-05-04T17:54:16.183Z", "user": 2, "content_type": 20, "object_id": "130", "object_repr": "Voice Label: Diagnose", "action_flag": 1, "change_message": "[{\"added\": {}}, {\"added\": {\"name\": \"voice fragment\", \"object\": \"Voice Fragment: (English) Diagnose\"}}]"}}, {"model": "admin.logentry", "pk": 293, "fields": {"action_time": "2017-05-04T17:54:28.617Z", "user": 2, "content_type": 31, "object_id": "115", "object_repr": "Message: Wait diagnosis", "action_flag": 1, "change_message": "[{\"added\": {}}]"}}, {"model": "admin.logentry", "pk": 294, "fields": {"action_time": "2017-05-04T17:54:56.766Z", "user": 2, "content_type": 29, "object_id": "112", "object_repr": "Difficulty in breathing", "action_flag": 2, "change_message": "[{\"changed\": {\"name\": \"choice option\", \"object\": \"(Difficulty in breathing): symptom 4\", \"fields\": [\"_redirect\"]}}, {\"changed\": {\"name\": \"choice option\", \"object\": \"(Difficulty in breathing): symptom 4\", \"fields\": [\"_redirect\"]}}]"}}, {"model": "admin.logentry", "pk": 295, "fields": {"action_time": "2017-05-04T17:55:11.983Z", "user": 2, "content_type": 29, "object_id": "112", "object_repr": "Difficulty in breathing", "action_flag": 2, "change_message": "[{\"changed\": {\"fields\": [\"voice_label\"]}}]"}}, {"model": "admin.logentry", "pk": 296, "fields": {"action_time": "2017-05-04T18:41:31.833Z", "user": 2, "content_type": 56, "object_id": "1", "object_repr": "Depression", "action_flag": 1, "change_message": "[{\"added\": {}}]"}}, {"model": "admin.logentry", "pk": 297, "fields": {"action_time": "2017-05-04T18:41:44.425Z", "user": 2, "content_type": 56, "object_id": "2", "object_repr": "Fever", "action_flag": 1, "change_message": "[{\"added\": {}}]"}}, {"model": "admin.logentry", "pk": 298, "fields": {"action_time": "2017-05-04T18:42:08.944Z", "user": 2, "content_type": 56, "object_id": "3", "object_repr": "Difficult breathing", "action_flag": 1, "change_message": "[{\"added\": {}}]"}}, {"model": "admin.logentry", "pk": 299, "fields": {"action_time": "2017-05-04T18:42:16.567Z", "user": 2, "content_type": 45, "object_id": "2", "object_repr": "Anthrax", "action_flag": 2, "change_message": "[{\"changed\": {\"fields\": [\"name\", \"description\"]}}, {\"added\": {\"name\": \"symptom of disease\", \"object\": \"Symptom Of Disease: (Anthrax) Depression\"}}, {\"added\": {\"name\": \"symptom of disease\", \"object\": \"Symptom Of Disease: (Anthrax) Fever\"}}, {\"added\": {\"name\": \"symptom of disease\", \"object\": \"Symptom Of Disease: (Anthrax) Difficult breathing\"}}]"}}, {"model": "admin.logentry", "pk": 300, "fields": {"action_time": "2017-05-04T18:42:43.443Z", "user": 2, "content_type": 56, "object_id": "4", "object_repr": "Lethargy trembling", "action_flag": 1, "change_message": "[{\"added\": {}}]"}}, {"model": "admin.logentry", "pk": 301, "fields": {"action_time": "2017-05-04T18:42:54.413Z", "user": 2, "content_type": 45, "object_id": "1", "object_repr": "Bloat", "action_flag": 2, "change_message": "[{\"changed\": {\"fields\": [\"name\", \"description\"]}}, {\"added\": {\"name\": \"symptom of disease\", \"object\": \"Symptom Of Disease: (Bloat) Lethargy trembling\"}}, {\"added\": {\"name\": \"symptom of disease\", \"object\": \"Symptom Of Disease: (Bloat) Difficult breathing\"}}]"}}, {"model": "admin.logentry", "pk": 302, "fields": {"action_time": "2017-05-04T18:43:09.575Z", "user": 2, "content_type": 45, "object_id": "3", "object_repr": "CBPP", "action_flag": 1, "change_message": "[{\"added\": {}}, {\"added\": {\"name\": \"symptom of disease\", \"object\": \"Symptom Of Disease: (CBPP) Fever\"}}, {\"added\": {\"name\": \"symptom of disease\", \"object\": \"Symptom Of Disease: (CBPP) Difficult breathing\"}}]"}}, {"model": "admin.logentry", "pk": 303, "fields": {"action_time": "2017-05-04T19:24:27.680Z", "user": 2, "content_type": 29, "object_id": "112", "object_repr": "Difficulty in breathing choice", "action_flag": 2, "change_message": "[{\"changed\": {\"fields\": [\"name\"]}}]"}}, {"model": "admin.logentry", "pk": 304, "fields": {"action_time": "2017-05-04T19:44:51.087Z", "user": 2, "content_type": 45, "object_id": "3", "object_repr": "CBPP", "action_flag": 2, "change_message": "[{\"added\": {\"name\": \"symptom of disease\", \"object\": \"Symptom Of Disease: (CBPP) Fever\"}}, {\"added\": {\"name\": \"symptom of disease\", \"object\": \"Symptom Of Disease: (CBPP) Difficult breathing\"}}]"}}, {"model": "admin.logentry", "pk": 305, "fields": {"action_time": "2017-05-04T19:55:12.745Z", "user": 2, "content_type": 29, "object_id": "118", "object_repr": "Loss appetite", "action_flag": 1, "change_message": "[{\"added\": {}}]"}}, {"model": "admin.logentry", "pk": 306, "fields": {"action_time": "2017-05-04T19:55:30.178Z", "user": 2, "content_type": 53, "object_id": "94", "object_repr": "Type of animal", "action_flag": 2, "change_message": "[{\"changed\": {\"name\": \"animal selection option\", \"object\": \"Animal Selection Option: (Cattle) Type of animal\", \"fields\": [\"_redirect_url\"]}}]"}}, {"model": "admin.logentry", "pk": 307, "fields": {"action_time": "2017-05-04T19:55:40.727Z", "user": 2, "content_type": 53, "object_id": "94", "object_repr": "Type of animal", "action_flag": 2, "change_message": "[{\"changed\": {\"name\": \"animal selection option\", \"object\": \"Animal Selection Option: (Chicken) Type of animal\", \"fields\": [\"_redirect_url\"]}}]"}}, {"model": "admin.logentry", "pk": 308, "fields": {"action_time": "2017-05-04T20:27:20.318Z", "user": 2, "content_type": 45, "object_id": "2", "object_repr": "Anthrax", "action_flag": 2, "change_message": "[{\"added\": {\"name\": \"symptom of disease\", \"object\": \"Symptom Of Disease: (Anthrax) Depression\"}}, {\"added\": {\"name\": \"symptom of disease\", \"object\": \"Symptom Of Disease: (Anthrax) Fever\"}}, {\"added\": {\"name\": \"symptom of disease\", \"object\": \"Symptom Of Disease: (Anthrax) Difficult breathing\"}}]"}}, {"model": "admin.logentry", "pk": 309, "fields": {"action_time": "2017-05-04T20:28:07.487Z", "user": 2, "content_type": 45, "object_id": "1", "object_repr": "Bloat", "action_flag": 2, "change_message": "[{\"added\": {\"name\": \"symptom of disease\", \"object\": \"Symptom Of Disease: (Bloat) Lethargy trembling\"}}, {\"added\": {\"name\": \"symptom of disease\", \"object\": \"Symptom Of Disease: (Bloat) Difficult breathing\"}}]"}}, {"model": "admin.logentry", "pk": 310, "fields": {"action_time": "2017-05-04T20:28:22.660Z", "user": 2, "content_type": 45, "object_id": "3", "object_repr": "CBPP", "action_flag": 2, "change_message": "[]"}}, {"model": "admin.logentry", "pk": 311, "fields": {"action_time": "2017-05-04T20:39:35.728Z", "user": 2, "content_type": 31, "object_id": "115", "object_repr": "Message: Wait diagnosis", "action_flag": 2, "change_message": "[{\"changed\": {\"fields\": [\"diagnosis_element\"]}}]"}}, {"model": "admin.logentry", "pk": 312, "fields": {"action_time": "2017-05-04T23:57:06.777Z", "user": 2, "content_type": 43, "object_id": "2", "object_repr": "Goat", "action_flag": 3, "change_message": ""}}, {"model": "admin.logentry", "pk": 313, "fields": {"action_time": "2017-05-05T00:02:16.785Z", "user": 2, "content_type": 31, "object_id": "115", "object_repr": "Message: Wait diagnosis", "action_flag": 2, "change_message": "[{\"changed\": {\"fields\": [\"diagnosis_element\"]}}]"}}]