[{"model": "service_development.voicelabel", "pk": 1, "fields": {"name": "Dutch language", "description": "Nederlandse taal"}}, {"model": "service_development.voicelabel", "pk": 2, "fields": {"name": "General error message", "description": ""}}, {"model": "service_development.voicelabel", "pk": 3, "fields": {"name": "This is the truth", "description": ""}}, {"model": "service_development.voicelabel", "pk": 4, "fields": {"name": "English language", "description": ""}}, {"model": "service_development.voicelabel", "pk": 5, "fields": {"name": "Thank you for using this service", "description": ""}}, {"model": "service_development.voicelabel", "pk": 6, "fields": {"name": "Wow, it must be a really boring guy!", "description": ""}}, {"model": "service_development.voicelabel", "pk": 7, "fields": {"name": "French language", "description": ""}}, {"model": "service_development.voicelabel", "pk": 8, "fields": {"name": "Please select your language", "description": ""}}, {"model": "service_development.voicelabel", "pk": 9, "fields": {"name": "Pre Choice Option", "description": ""}}, {"model": "service_development.voicelabel", "pk": 10, "fields": {"name": "Post Choice Option", "description": ""}}, {"model": "service_development.voicelabel", "pk": 11, "fields": {"name": "One", "description": ""}}, {"model": "service_development.voicelabel", "pk": 12, "fields": {"name": "Two", "description": ""}}, {"model": "service_development.voicelabel", "pk": 13, "fields": {"name": "Three", "description": ""}}, {"model": "service_development.voicelabel", "pk": 14, "fields": {"name": "Four", "description": ""}}, {"model": "service_development.voicelabel", "pk": 15, "fields": {"name": "Five", "description": ""}}, {"model": "service_development.voicelabel", "pk": 16, "fields": {"name": "Six", "description": ""}}, {"model": "service_development.voicelabel", "pk": 17, "fields": {"name": "Seven", "description": ""}}, {"model": "service_development.voicelabel", "pk": 18, "fields": {"name": "Eight", "description": ""}}, {"model": "service_development.voicelabel", "pk": 19, "fields": {"name": "Nine", "description": ""}}, {"model": "service_development.voicelabel", "pk": 20, "fields": {"name": "Zero", "description": ""}}, {"model": "service_development.voicelabel", "pk": 21, "fields": {"name": "Yes", "description": ""}}, {"model": "service_development.voicelabel", "pk": 22, "fields": {"name": "No", "description": ""}}, {"model": "service_development.voicelabel", "pk": 23, "fields": {"name": "Does the king like to drink beer?", "description": ""}}, {"model": "service_development.voicelabel", "pk": 24, "fields": {"name": "Does your animal experience weight loss?", "description": ""}}, {"model": "service_development.voicelabel", "pk": 25, "fields": {"name": "Does your animal experience loss of appetite?", "description": ""}}, {"model": "service_development.voicelabel", "pk": 26, "fields": {"name": "Does your animal experience diarrhea?", "description": ""}}, {"model": "service_development.voicelabel", "pk": 27, "fields": {"name": "Does your animal have fever?", "description": ""}}, {"model": "service_development.voicelabel", "pk": 28, "fields": {"name": "Does your animal experience lameness?", "description": ""}}, {"model": "service_development.voicelabel", "pk": 29, "fields": {"name": "Does your animal have swollen and lesion in hoof-l", "description": ""}}, {"model": "service_development.voicelabel", "pk": 30, "fields": {"name": "Does your animal experience hair loss and blood lo", "description": ""}}, {"model": "service_development.voicelabel", "pk": 31, "fields": {"name": "Does your animal have lumps on its back?", "description": ""}}, {"model": "service_development.voicelabel", "pk": 32, "fields": {"name": "Does your animal reluctant to move?", "description": ""}}, {"model": "service_development.voicelabel", "pk": 33, "fields": {"name": "Does your animal experience lethargic and tremblin", "description": ""}}, {"model": "service_development.voicelabel", "pk": 34, "fields": {"name": "Does your animal experience dullness?", "description": ""}}, {"model": "service_development.voicelabel", "pk": 35, "fields": {"name": "Does your animal have profuse salivation?", "description": ""}}, {"model": "service_development.voicelabel", "pk": 36, "fields": {"name": "Does your animal have oral lesions,yellow patch?", "description": ""}}, {"model": "service_development.voicelabel", "pk": 37, "fields": {"name": "Does your animal experience depression?", "description": ""}}, {"model": "service_development.voicelabel", "pk": 38, "fields": {"name": "Does your animal experience difficulty in breathin", "description": ""}}, {"model": "service_development.voicelabel", "pk": 39, "fields": {"name": "Does your animal have a cough?", "description": ""}}, {"model": "service_development.voicelabel", "pk": 40, "fields": {"name": "Does your animal makes convulsive movement?", "description": ""}}, {"model": "service_development.voicelabel", "pk": 41, "fields": {"name": "Does your animal get swollen in lower body?", "description": ""}}, {"model": "service_development.voicelabel", "pk": 42, "fields": {"name": "Does your animal experience stiffness?", "description": ""}}, {"model": "service_development.voicelabel", "pk": 43, "fields": {"name": "Does your animal experience bloating?", "description": ""}}, {"model": "service_development.voicelabel", "pk": 44, "fields": {"name": "Does your animal have muscle tremor, lockjaw?", "description": ""}}, {"model": "service_development.voicelabel", "pk": 45, "fields": {"name": "Welcome to MobileVet", "description": ""}}, {"model": "service_development.voicelabel", "pk": 46, "fields": {"name": "Please select your region", "description": ""}}, {"model": "service_development.voicelabel", "pk": 47, "fields": {"name": "Please define your type of animal", "description": ""}}, {"model": "service_development.voicelabel", "pk": 48, "fields": {"name": "Please provide the number of animals", "description": ""}}, {"model": "service_development.voicelabel", "pk": 49, "fields": {"name": "What is the current season?", "description": ""}}, {"model": "service_development.voicelabel", "pk": 50, "fields": {"name": "Gut worm description", "description": ""}}, {"model": "service_development.voicelabel", "pk": 51, "fields": {"name": "Gut worm treatment", "description": ""}}, {"model": "service_development.voicelabel", "pk": 52, "fields": {"name": "Foot Rot description", "description": ""}}, {"model": "service_development.voicelabel", "pk": 53, "fields": {"name": "Foot Rot treatment", "description": ""}}, {"model": "service_development.voicelabel", "pk": 54, "fields": {"name": "Parasites description", "description": ""}}, {"model": "service_development.voicelabel", "pk": 55, "fields": {"name": "Parasites treatment", "description": ""}}, {"model": "service_development.voicelabel", "pk": 56, "fields": {"name": "FMD description", "description": ""}}, {"model": "service_development.voicelabel", "pk": 57, "fields": {"name": "FMD treatment", "description": ""}}, {"model": "service_development.voicelabel", "pk": 58, "fields": {"name": "CBPP description", "description": ""}}, {"model": "service_development.voicelabel", "pk": 59, "fields": {"name": "CBPP treatment", "description": ""}}, {"model": "service_development.voicelabel", "pk": 60, "fields": {"name": "Black leg description", "description": ""}}, {"model": "service_development.voicelabel", "pk": 61, "fields": {"name": "Black leg treatment", "description": ""}}, {"model": "service_development.voicelabel", "pk": 62, "fields": {"name": "Anthrax description", "description": ""}}, {"model": "service_development.voicelabel", "pk": 63, "fields": {"name": "Anthrax treatment", "description": ""}}, {"model": "service_development.voicelabel", "pk": 64, "fields": {"name": "Tetanus description", "description": ""}}, {"model": "service_development.voicelabel", "pk": 65, "fields": {"name": "Tetanus treatment", "description": ""}}, {"model": "service_development.voicelabel", "pk": 66, "fields": {"name": "Unindetified disease", "description": ""}}, {"model": "service_development.voicelabel", "pk": 67, "fields": {"name": "Urgent disease", "description": ""}}, {"model": "service_development.voicelabel", "pk": 68, "fields": {"name": "Please choose a veterinarian", "description": ""}}, {"model": "service_development.voicelabel", "pk": 69, "fields": {"name": "Would you like to call the veterinarian now/later?", "description": ""}}, {"model": "service_development.voicelabel", "pk": 70, "fields": {"name": "Please wait while we try to contact the veterinari", "description": ""}}, {"model": "service_development.voicelabel", "pk": 71, "fields": {"name": "We will send the contact detail to phone", "description": ""}}, {"model": "service_development.voicelabel", "pk": 72, "fields": {"name": "Thank you for contacting MobileVet", "description": ""}}, {"model": "service_development.language", "pk": 1, "fields": {"name": "Nederlands", "code": "nl", "voice_label": 1, "error_message": 2, "select_language": 8, "pre_choice_option": 9, "post_choice_option": 10, "one": 11, "two": 12, "three": 13, "four": 14, "five": 15, "six": 16, "seven": 17, "eight": 18, "nine": 19, "zero": 20}}, {"model": "service_development.language", "pk": 2, "fields": {"name": "English", "code": "en", "voice_label": 4, "error_message": 2, "select_language": 8, "pre_choice_option": 9, "post_choice_option": 10, "one": 11, "two": 12, "three": 13, "four": 14, "five": 15, "six": 16, "seven": 17, "eight": 18, "nine": 19, "zero": 20}}, {"model": "service_development.language", "pk": 3, "fields": {"name": "French", "code": "fr", "voice_label": 7, "error_message": 2, "select_language": 8, "pre_choice_option": 9, "post_choice_option": 10, "one": 11, "two": 12, "three": 13, "four": 14, "five": 15, "six": 16, "seven": 17, "eight": 18, "nine": 19, "zero": 20}}, {"model": "service_development.voicefragment", "pk": 1, "fields": {"parent": 6, "language": 2, "audio": "boring_guy_en.wav"}}, {"model": "service_development.voicefragment", "pk": 2, "fields": {"parent": 6, "language": 1, "audio": "boring_guy_nl.wav"}}, {"model": "service_development.voicefragment", "pk": 6, "fields": {"parent": 22, "language": 1, "audio": "no_nl.wav"}}, {"model": "service_development.voicefragment", "pk": 7, "fields": {"parent": 22, "language": 2, "audio": "no_en.wav"}}, {"model": "service_development.voicefragment", "pk": 8, "fields": {"parent": 22, "language": 3, "audio": "no_fr.wav"}}, {"model": "service_development.voicefragment", "pk": 9, "fields": {"parent": 21, "language": 1, "audio": "yes_nl.wav"}}, {"model": "service_development.voicefragment", "pk": 10, "fields": {"parent": 21, "language": 2, "audio": "yes_en.wav"}}, {"model": "service_development.voicefragment", "pk": 11, "fields": {"parent": 21, "language": 3, "audio": "yes_fr.wav"}}, {"model": "service_development.voicefragment", "pk": 12, "fields": {"parent": 20, "language": 1, "audio": "0_nl.wav"}}, {"model": "service_development.voicefragment", "pk": 13, "fields": {"parent": 20, "language": 2, "audio": "0_en.wav"}}, {"model": "service_development.voicefragment", "pk": 14, "fields": {"parent": 20, "language": 3, "audio": "0_fr.wav"}}, {"model": "service_development.voicefragment", "pk": 15, "fields": {"parent": 19, "language": 1, "audio": "9_nl.wav"}}, {"model": "service_development.voicefragment", "pk": 16, "fields": {"parent": 19, "language": 2, "audio": "9_fr.wav"}}, {"model": "service_development.voicefragment", "pk": 17, "fields": {"parent": 19, "language": 3, "audio": "9_en.wav"}}, {"model": "service_development.voicefragment", "pk": 18, "fields": {"parent": 18, "language": 1, "audio": "8_nl.wav"}}, {"model": "service_development.voicefragment", "pk": 19, "fields": {"parent": 18, "language": 2, "audio": "8_en.wav"}}, {"model": "service_development.voicefragment", "pk": 20, "fields": {"parent": 18, "language": 3, "audio": "8_fr.wav"}}, {"model": "service_development.voicefragment", "pk": 21, "fields": {"parent": 17, "language": 1, "audio": "7_nl.wav"}}, {"model": "service_development.voicefragment", "pk": 22, "fields": {"parent": 17, "language": 2, "audio": "7_en.wav"}}, {"model": "service_development.voicefragment", "pk": 23, "fields": {"parent": 17, "language": 3, "audio": "7_fr.wav"}}, {"model": "service_development.voicefragment", "pk": 24, "fields": {"parent": 16, "language": 1, "audio": "6_nl.wav"}}, {"model": "service_development.voicefragment", "pk": 25, "fields": {"parent": 16, "language": 2, "audio": "6_en.wav"}}, {"model": "service_development.voicefragment", "pk": 26, "fields": {"parent": 16, "language": 3, "audio": "6_fr.wav"}}, {"model": "service_development.voicefragment", "pk": 27, "fields": {"parent": 15, "language": 1, "audio": "5_nl.wav"}}, {"model": "service_development.voicefragment", "pk": 28, "fields": {"parent": 15, "language": 2, "audio": "5_en.wav"}}, {"model": "service_development.voicefragment", "pk": 29, "fields": {"parent": 15, "language": 3, "audio": "5_fr.wav"}}, {"model": "service_development.voicefragment", "pk": 30, "fields": {"parent": 14, "language": 1, "audio": "4_nl.wav"}}, {"model": "service_development.voicefragment", "pk": 31, "fields": {"parent": 14, "language": 2, "audio": "4_fr.wav"}}, {"model": "service_development.voicefragment", "pk": 32, "fields": {"parent": 14, "language": 3, "audio": "4_en.wav"}}, {"model": "service_development.voicefragment", "pk": 33, "fields": {"parent": 13, "language": 1, "audio": "3_nl.wav"}}, {"model": "service_development.voicefragment", "pk": 34, "fields": {"parent": 13, "language": 2, "audio": "3_en.wav"}}, {"model": "service_development.voicefragment", "pk": 35, "fields": {"parent": 13, "language": 3, "audio": "3_fr.wav"}}, {"model": "service_development.voicefragment", "pk": 36, "fields": {"parent": 12, "language": 1, "audio": "2_nl.wav"}}, {"model": "service_development.voicefragment", "pk": 37, "fields": {"parent": 12, "language": 2, "audio": "2_en.wav"}}, {"model": "service_development.voicefragment", "pk": 38, "fields": {"parent": 12, "language": 3, "audio": "2_fr.wav"}}, {"model": "service_development.voicefragment", "pk": 39, "fields": {"parent": 11, "language": 1, "audio": "1_nl.wav"}}, {"model": "service_development.voicefragment", "pk": 40, "fields": {"parent": 11, "language": 2, "audio": "1_en.wav"}}, {"model": "service_development.voicefragment", "pk": 41, "fields": {"parent": 11, "language": 3, "audio": "1_fr.wav"}}, {"model": "service_development.voicefragment", "pk": 42, "fields": {"parent": 10, "language": 1, "audio": "post_choice_option_nl.wav"}}, {"model": "service_development.voicefragment", "pk": 43, "fields": {"parent": 10, "language": 2, "audio": "post_choice_option_en.wav"}}, {"model": "service_development.voicefragment", "pk": 44, "fields": {"parent": 10, "language": 3, "audio": "post_choice_option_fr.wav"}}, {"model": "service_development.voicefragment", "pk": 45, "fields": {"parent": 9, "language": 1, "audio": "pre_choice_option_nl.wav"}}, {"model": "service_development.voicefragment", "pk": 46, "fields": {"parent": 9, "language": 2, "audio": "pre_choice_option_en.wav"}}, {"model": "service_development.voicefragment", "pk": 47, "fields": {"parent": 9, "language": 3, "audio": "pre_choice_option_fr.wav"}}, {"model": "service_development.voicefragment", "pk": 48, "fields": {"parent": 8, "language": 1, "audio": "select_language_nl.wav"}}, {"model": "service_development.voicefragment", "pk": 49, "fields": {"parent": 8, "language": 2, "audio": "select_language_en.wav"}}, {"model": "service_development.voicefragment", "pk": 50, "fields": {"parent": 8, "language": 3, "audio": "select_language_fr.wav"}}, {"model": "service_development.voicefragment", "pk": 51, "fields": {"parent": 7, "language": 1, "audio": "french_nl.wav"}}, {"model": "service_development.voicefragment", "pk": 52, "fields": {"parent": 7, "language": 2, "audio": "french_en.wav"}}, {"model": "service_development.voicefragment", "pk": 53, "fields": {"parent": 7, "language": 3, "audio": "french_fr.wav"}}, {"model": "service_development.voicefragment", "pk": 54, "fields": {"parent": 6, "language": 3, "audio": "boring_guy_fr.wav"}}, {"model": "service_development.voicefragment", "pk": 55, "fields": {"parent": 5, "language": 1, "audio": "thank_you_for_using_nl.wav"}}, {"model": "service_development.voicefragment", "pk": 56, "fields": {"parent": 5, "language": 2, "audio": "thank_you_for_using_en.wav"}}, {"model": "service_development.voicefragment", "pk": 57, "fields": {"parent": 5, "language": 3, "audio": "thank_you_for_using_fr.wav"}}, {"model": "service_development.voicefragment", "pk": 58, "fields": {"parent": 4, "language": 1, "audio": "english_nl.wav"}}, {"model": "service_development.voicefragment", "pk": 59, "fields": {"parent": 4, "language": 2, "audio": "english_en.wav"}}, {"model": "service_development.voicefragment", "pk": 60, "fields": {"parent": 4, "language": 3, "audio": "english_fr.wav"}}, {"model": "service_development.voicefragment", "pk": 61, "fields": {"parent": 3, "language": 1, "audio": "truth_nl.wav"}}, {"model": "service_development.voicefragment", "pk": 62, "fields": {"parent": 3, "language": 2, "audio": "truth_en.wav"}}, {"model": "service_development.voicefragment", "pk": 63, "fields": {"parent": 3, "language": 3, "audio": "truth_fr.wav"}}, {"model": "service_development.voicefragment", "pk": 64, "fields": {"parent": 2, "language": 1, "audio": "error_nl.wav"}}, {"model": "service_development.voicefragment", "pk": 65, "fields": {"parent": 2, "language": 2, "audio": "error_en.wav"}}, {"model": "service_development.voicefragment", "pk": 66, "fields": {"parent": 2, "language": 3, "audio": "error_fr.wav"}}, {"model": "service_development.voicefragment", "pk": 67, "fields": {"parent": 1, "language": 1, "audio": "dutch_nl.wav"}}, {"model": "service_development.voicefragment", "pk": 68, "fields": {"parent": 1, "language": 2, "audio": "dutch_en.wav"}}, {"model": "service_development.voicefragment", "pk": 69, "fields": {"parent": 1, "language": 3, "audio": "dutch_fr.wav"}}, {"model": "service_development.voicefragment", "pk": 70, "fields": {"parent": 23, "language": 1, "audio": "king_question_nl.wav"}}, {"model": "service_development.voicefragment", "pk": 71, "fields": {"parent": 23, "language": 2, "audio": "king_question_en.wav"}}, {"model": "service_development.voicefragment", "pk": 72, "fields": {"parent": 23, "language": 3, "audio": "king_question_fr.wav"}}, {"model": "service_development.voicefragment", "pk": 73, "fields": {"parent": 24, "language": 2, "audio": "en_weightloss_6IAjYYj.wav"}}, {"model": "service_development.voicefragment", "pk": 74, "fields": {"parent": 25, "language": 2, "audio": "en_lossappetite_DTAn7cq.wav"}}, {"model": "service_development.voicefragment", "pk": 75, "fields": {"parent": 26, "language": 2, "audio": "en_diarrhea_Q5ILGOz.wav"}}, {"model": "service_development.voicefragment", "pk": 76, "fields": {"parent": 27, "language": 2, "audio": "en_fever_ov7hvfl.wav"}}, {"model": "service_development.voicefragment", "pk": 77, "fields": {"parent": 28, "language": 2, "audio": "en_lameness_mcL2dnG.wav"}}, {"model": "service_development.voicefragment", "pk": 78, "fields": {"parent": 29, "language": 2, "audio": "en_swollen_and_lesions_yPMSW95.wav"}}, {"model": "service_development.voicefragment", "pk": 79, "fields": {"parent": 30, "language": 2, "audio": "en_hairloss_bloodloss_SBPgSgo.wav"}}, {"model": "service_development.voicefragment", "pk": 80, "fields": {"parent": 31, "language": 2, "audio": "en_lumps_9OxfO0Z.wav"}}, {"model": "service_development.voicefragment", "pk": 81, "fields": {"parent": 32, "language": 2, "audio": "en_reluctantmove_cAPHlDX.wav"}}, {"model": "service_development.voicefragment", "pk": 82, "fields": {"parent": 33, "language": 2, "audio": "en_lethargic_trembling_HcshasE.wav"}}, {"model": "service_development.voicefragment", "pk": 83, "fields": {"parent": 34, "language": 2, "audio": "en_dullness_o4P240T.wav"}}, {"model": "service_development.voicefragment", "pk": 84, "fields": {"parent": 35, "language": 2, "audio": "en_profusesalivation_tHhWXv3.wav"}}, {"model": "service_development.voicefragment", "pk": 85, "fields": {"parent": 36, "language": 2, "audio": "en_orallesions_yellowpatch_zPt0CJn.wav"}}, {"model": "service_development.voicefragment", "pk": 86, "fields": {"parent": 37, "language": 2, "audio": "en_depression_9yy5BAH.wav"}}, {"model": "service_development.voicefragment", "pk": 87, "fields": {"parent": 38, "language": 2, "audio": "en_difficultybreathing_3x76TBX.wav"}}, {"model": "service_development.voicefragment", "pk": 88, "fields": {"parent": 39, "language": 2, "audio": "en_cough_RLe3ZTU.wav"}}, {"model": "service_development.voicefragment", "pk": 89, "fields": {"parent": 40, "language": 2, "audio": "en_convulsive_CknyCiP.wav"}}, {"model": "service_development.voicefragment", "pk": 90, "fields": {"parent": 41, "language": 2, "audio": "en_swollenlowerbody_I0muClA.wav"}}, {"model": "service_development.voicefragment", "pk": 91, "fields": {"parent": 42, "language": 2, "audio": "en_stiffness_KtmFDdX.wav"}}, {"model": "service_development.voicefragment", "pk": 92, "fields": {"parent": 43, "language": 2, "audio": "en_bloating_LIfb1Sg.wav"}}, {"model": "service_development.voicefragment", "pk": 93, "fields": {"parent": 44, "language": 2, "audio": "en_muscletremor_LfOhGyt.wav"}}, {"model": "service_development.voicefragment", "pk": 94, "fields": {"parent": 45, "language": 2, "audio": "en_welcome_u4HWBLJ.wav"}}, {"model": "service_development.voicefragment", "pk": 95, "fields": {"parent": 46, "language": 2, "audio": "en_selectregion_xkAK9Fo.wav"}}, {"model": "service_development.voicefragment", "pk": 96, "fields": {"parent": 47, "language": 2, "audio": "en_animaltype_oZAFZcC.wav"}}, {"model": "service_development.voicefragment", "pk": 97, "fields": {"parent": 48, "language": 2, "audio": "en_animalnumber_z0mo7w7.wav"}}, {"model": "service_development.voicefragment", "pk": 98, "fields": {"parent": 49, "language": 2, "audio": "en_season_Leib1V9.wav"}}, {"model": "service_development.voicefragment", "pk": 99, "fields": {"parent": 50, "language": 2, "audio": "en_gutworm_cmACEwu.wav"}}, {"model": "service_development.voicefragment", "pk": 100, "fields": {"parent": 51, "language": 2, "audio": "en_gutworm_treatment_2rRBKOg.wav"}}, {"model": "service_development.voicefragment", "pk": 101, "fields": {"parent": 52, "language": 2, "audio": "en_footrot_eSWL8ej.wav"}}, {"model": "service_development.voicefragment", "pk": 102, "fields": {"parent": 53, "language": 2, "audio": "en_footrot_treatment_10blTVp.wav"}}, {"model": "service_development.voicefragment", "pk": 103, "fields": {"parent": 54, "language": 2, "audio": "en_parasites_vCohWAz.wav"}}, {"model": "service_development.voicefragment", "pk": 104, "fields": {"parent": 55, "language": 2, "audio": "en_parasites_treatment_jQqY8Pz.wav"}}, {"model": "service_development.voicefragment", "pk": 105, "fields": {"parent": 56, "language": 2, "audio": "en_fmd_4A8JdC7.wav"}}, {"model": "service_development.voicefragment", "pk": 106, "fields": {"parent": 57, "language": 2, "audio": "en_fmd_treatment_jOE4paU.wav"}}, {"model": "service_development.voicefragment", "pk": 107, "fields": {"parent": 58, "language": 2, "audio": "en_cbpp_sqMeHYB.wav"}}, {"model": "service_development.voicefragment", "pk": 108, "fields": {"parent": 59, "language": 2, "audio": "en_cbpp_treatment_ZfDwIpN.wav"}}, {"model": "service_development.voicefragment", "pk": 109, "fields": {"parent": 60, "language": 2, "audio": "en_blackleg_nbZgBX5.wav"}}, {"model": "service_development.voicefragment", "pk": 110, "fields": {"parent": 61, "language": 2, "audio": "en_blackleg_treatment_s98frAp.wav"}}, {"model": "service_development.voicefragment", "pk": 111, "fields": {"parent": 62, "language": 2, "audio": "en_anthrax_4PPXhwy.wav"}}, {"model": "service_development.voicefragment", "pk": 112, "fields": {"parent": 63, "language": 2, "audio": "en_anthrax_treatment_bgeLyFi.wav"}}, {"model": "service_development.voicefragment", "pk": 113, "fields": {"parent": 64, "language": 2, "audio": "en_tetanus_lQK5WJW.wav"}}, {"model": "service_development.voicefragment", "pk": 114, "fields": {"parent": 65, "language": 2, "audio": "en_tetanus_treatment_Fl19GBf.wav"}}, {"model": "service_development.voicefragment", "pk": 115, "fields": {"parent": 66, "language": 2, "audio": "en_unidentified_disease_p9cKQoY.wav"}}, {"model": "service_development.voicefragment", "pk": 116, "fields": {"parent": 67, "language": 2, "audio": "en_urgentdisease_2x1OrtZ.wav"}}, {"model": "service_development.voicefragment", "pk": 117, "fields": {"parent": 68, "language": 2, "audio": "en_veterinarian_h3jhlvs.wav"}}, {"model": "service_development.voicefragment", "pk": 118, "fields": {"parent": 69, "language": 2, "audio": "en_callvet_noworlater_2FLBiaM.wav"}}, {"model": "service_development.voicefragment", "pk": 119, "fields": {"parent": 70, "language": 2, "audio": "en_pleasewait_callvet_6hpD9zD.wav"}}, {"model": "service_development.voicefragment", "pk": 120, "fields": {"parent": 71, "language": 2, "audio": "en_send_vetcontact_weAssVD.wav"}}, {"model": "service_development.voicefragment", "pk": 121, "fields": {"parent": 72, "language": 2, "audio": "en_closing_mobilevet_JA076vE.wav"}}, {"model": "service_development.voiceservicesubelement", "pk": 2, "fields": {"service": 1, "creation_date": "2017-04-23T19:30:23.792Z", "modification_date": "2017-04-23T23:13:42.317Z", "name": "Does the king like to drink beer?", "description": "", "voice_label": 23}}, {"model": "service_development.voiceservicesubelement", "pk": 3, "fields": {"service": 1, "creation_date": "2017-04-23T19:32:07.853Z", "modification_date": "2017-04-23T22:51:29.350Z", "name": "Yes", "description": "King <3's BEER", "voice_label": 21}}, {"model": "service_development.voiceservicesubelement", "pk": 4, "fields": {"service": 1, "creation_date": "2017-04-23T19:32:07.854Z", "modification_date": "2017-04-23T22:51:29.352Z", "name": "No", "description": "", "voice_label": 22}}, {"model": "service_development.voiceservicesubelement", "pk": 5, "fields": {"service": 1, "creation_date": "2017-04-23T19:49:50.055Z", "modification_date": "2017-04-23T21:17:07.984Z", "name": "This is the truth", "description": "", "voice_label": 3}}, {"model": "service_development.voiceservicesubelement", "pk": 6, "fields": {"service": 1, "creation_date": "2017-04-23T21:11:06.805Z", "modification_date": "2017-04-23T21:33:29.853Z", "name": "Thank you for using this service", "description": "", "voice_label": 5}}, {"model": "service_development.voiceservicesubelement", "pk": 7, "fields": {"service": 1, "creation_date": "2017-04-23T21:36:55.756Z", "modification_date": "2017-04-23T21:36:55.756Z", "name": "King is boring", "description": "", "voice_label": 6}}, {"model": "service_development.voiceservicesubelement", "pk": 8, "fields": {"service": 2, "creation_date": "2017-05-01T23:51:39.848Z", "modification_date": "2017-05-01T23:51:39.848Z", "name": "Welcome to MobileVet", "description": "", "voice_label": 45}}, {"model": "service_development.voiceservicesubelement", "pk": 9, "fields": {"service": 2, "creation_date": "2017-05-01T23:52:18.328Z", "modification_date": "2017-05-01T23:52:18.328Z", "name": "Welcome to MobileVet", "description": "", "voice_label": 45}}, {"model": "service_development.voiceservicesubelement", "pk": 10, "fields": {"service": 2, "creation_date": "2017-05-02T00:20:30.551Z", "modification_date": "2017-05-02T00:20:30.551Z", "name": "Does your animal experience weight loss?", "description": "", "voice_label": 24}}, {"model": "service_development.voiceservicesubelement", "pk": 11, "fields": {"service": 2, "creation_date": "2017-05-02T00:20:30.594Z", "modification_date": "2017-05-02T00:20:30.594Z", "name": "Yes", "description": "", "voice_label": 21}}, {"model": "service_development.voiceservicesubelement", "pk": 12, "fields": {"service": 2, "creation_date": "2017-05-02T00:20:30.596Z", "modification_date": "2017-05-02T00:20:30.596Z", "name": "No", "description": "", "voice_label": 22}}, {"model": "service_development.voiceservicesubelement", "pk": 13, "fields": {"service": 2, "creation_date": "2017-05-02T02:52:21.093Z", "modification_date": "2017-05-02T02:52:21.093Z", "name": "Thank you for contacting MobileVet", "description": "", "voice_label": 72}}, {"model": "service_development.voiceservicesubelement", "pk": 14, "fields": {"service": 2, "creation_date": "2017-05-02T02:53:51.807Z", "modification_date": "2017-05-02T02:53:51.807Z", "name": "Gut worm treatment", "description": "", "voice_label": 51}}, {"model": "service_development.voiceservicesubelement", "pk": 15, "fields": {"service": 2, "creation_date": "2017-05-02T02:54:25.956Z", "modification_date": "2017-05-02T02:54:25.956Z", "name": "Gut worm description", "description": "", "voice_label": 50}}, {"model": "service_development.voiceservicesubelement", "pk": 16, "fields": {"service": 2, "creation_date": "2017-05-02T02:55:50.421Z", "modification_date": "2017-05-02T02:55:50.421Z", "name": "Parasites treatment", "description": "", "voice_label": 55}}, {"model": "service_development.voiceservicesubelement", "pk": 17, "fields": {"service": 2, "creation_date": "2017-05-02T02:56:15.175Z", "modification_date": "2017-05-02T02:56:15.175Z", "name": "Parasites description", "description": "", "voice_label": 54}}, {"model": "service_development.voiceservicesubelement", "pk": 18, "fields": {"service": 2, "creation_date": "2017-05-02T02:58:33.001Z", "modification_date": "2017-05-02T02:58:33.001Z", "name": "Unindentified disease", "description": "", "voice_label": 66}}, {"model": "service_development.voiceserviceelement", "pk": 2, "fields": {}}, {"model": "service_development.voiceserviceelement", "pk": 5, "fields": {}}, {"model": "service_development.voiceserviceelement", "pk": 6, "fields": {}}, {"model": "service_development.voiceserviceelement", "pk": 7, "fields": {}}, {"model": "service_development.voiceserviceelement", "pk": 8, "fields": {}}, {"model": "service_development.voiceserviceelement", "pk": 9, "fields": {}}, {"model": "service_development.voiceserviceelement", "pk": 10, "fields": {}}, {"model": "service_development.voiceserviceelement", "pk": 13, "fields": {}}, {"model": "service_development.voiceserviceelement", "pk": 14, "fields": {}}, {"model": "service_development.voiceserviceelement", "pk": 15, "fields": {}}, {"model": "service_development.voiceserviceelement", "pk": 16, "fields": {}}, {"model": "service_development.voiceserviceelement", "pk": 17, "fields": {}}, {"model": "service_development.voiceserviceelement", "pk": 18, "fields": {}}, {"model": "service_development.voiceservice", "pk": 1, "fields": {"name": "King's truth checker", "description": "Checks the user's knowledge about the king of the Netherlands", "creation_date": "2017-04-23T19:23:52.392Z", "modification_date": "2017-04-23T23:19:18.069Z", "active": true, "_start_element": 2, "requires_registration": false, "supported_languages": [1, 2, 3]}}, {"model": "service_development.voiceservice", "pk": 2, "fields": {"name": "MobileVet", "description": "MobileVet", "creation_date": "2017-05-01T20:52:52.066Z", "modification_date": "2017-05-01T23:54:31.520Z", "active": true, "_start_element": 2, "requires_registration": false, "supported_languages": [1, 2, 3]}}, {"model": "service_development.choice", "pk": 2, "fields": {}}, {"model": "service_development.choice", "pk": 10, "fields": {}}, {"model": "service_development.choiceoption", "pk": 3, "fields": {"parent": 2, "_redirect": 5}}, {"model": "service_development.choiceoption", "pk": 4, "fields": {"parent": 2, "_redirect": 7}}, {"model": "service_development.choiceoption", "pk": 11, "fields": {"parent": 10, "_redirect": null}}, {"model": "service_development.choiceoption", "pk": 12, "fields": {"parent": 10, "_redirect": null}}, {"model": "service_development.messagepresentation", "pk": 5, "fields": {"final_element": false, "_redirect": 6}}, {"model": "service_development.messagepresentation", "pk": 6, "fields": {"final_element": true, "_redirect": null}}, {"model": "service_development.messagepresentation", "pk": 7, "fields": {"final_element": false, "_redirect": 6}}, {"model": "service_development.messagepresentation", "pk": 8, "fields": {"final_element": false, "_redirect": null}}, {"model": "service_development.messagepresentation", "pk": 9, "fields": {"final_element": false, "_redirect": 6}}, {"model": "service_development.messagepresentation", "pk": 13, "fields": {"final_element": true, "_redirect": null}}, {"model": "service_development.messagepresentation", "pk": 14, "fields": {"final_element": false, "_redirect": 13}}, {"model": "service_development.messagepresentation", "pk": 15, "fields": {"final_element": false, "_redirect": 14}}, {"model": "service_development.messagepresentation", "pk": 16, "fields": {"final_element": false, "_redirect": 13}}, {"model": "service_development.messagepresentation", "pk": 17, "fields": {"final_element": false, "_redirect": 16}}, {"model": "service_development.messagepresentation", "pk": 18, "fields": {"final_element": false, "_redirect": 13}}, {"model": "service_development.animal", "pk": 1, "fields": {"name": "Cattle", "description": ""}}, {"model": "service_development.animal", "pk": 2, "fields": {"name": "Sheep", "description": ""}}, {"model": "service_development.animal", "pk": 3, "fields": {"name": "Goat", "description": ""}}, {"model": "service_development.animal", "pk": 4, "fields": {"name": "Chicken", "description": ""}}, {"model": "contenttypes.contenttype", "pk": 1, "fields": {"app_label": "service_development", "model": "language"}}, {"model": "contenttypes.contenttype", "pk": 2, "fields": {"app_label": "service_development", "model": "kasadakauser"}}, {"model": "contenttypes.contenttype", "pk": 3, "fields": {"app_label": "service_development", "model": "voicefragment"}}, {"model": "contenttypes.contenttype", "pk": 4, "fields": {"app_label": "service_development", "model": "callsessionstep"}}, {"model": "contenttypes.contenttype", "pk": 5, "fields": {"app_label": "service_development", "model": "voiceservice"}}, {"model": "contenttypes.contenttype", "pk": 6, "fields": {"app_label": "service_development", "model": "voiceservicesubelement"}}, {"model": "contenttypes.contenttype", "pk": 7, "fields": {"app_label": "service_development", "model": "voicelabel"}}, {"model": "contenttypes.contenttype", "pk": 8, "fields": {"app_label": "service_development", "model": "callsession"}}, {"model": "contenttypes.contenttype", "pk": 9, "fields": {"app_label": "service_development", "model": "choiceoption"}}, {"model": "contenttypes.contenttype", "pk": 10, "fields": {"app_label": "service_development", "model": "voiceserviceelement"}}, {"model": "contenttypes.contenttype", "pk": 11, "fields": {"app_label": "service_development", "model": "choice"}}, {"model": "contenttypes.contenttype", "pk": 12, "fields": {"app_label": "service_development", "model": "messagepresentation"}}, {"model": "contenttypes.contenttype", "pk": 13, "fields": {"app_label": "admin", "model": "logentry"}}, {"model": "contenttypes.contenttype", "pk": 14, "fields": {"app_label": "auth", "model": "group"}}, {"model": "contenttypes.contenttype", "pk": 15, "fields": {"app_label": "auth", "model": "permission"}}, {"model": "contenttypes.contenttype", "pk": 16, "fields": {"app_label": "auth", "model": "user"}}, {"model": "contenttypes.contenttype", "pk": 17, "fields": {"app_label": "contenttypes", "model": "contenttype"}}, {"model": "contenttypes.contenttype", "pk": 18, "fields": {"app_label": "sessions", "model": "session"}}, {"model": "contenttypes.contenttype", "pk": 19, "fields": {"app_label": "service_development", "model": "animal"}}, {"model": "sessions.session", "pk": "ill91twf8pzvftar2bo2syosrqtes6cg", "fields": {"session_data": "YWEzMjBhMDhlMjA2OTVlN2Q4OTEwNzU3ZDlhMjFkZTEwNjc2ODAyNzp7Il9hdXRoX3VzZXJfaWQiOiIxIiwiX2F1dGhfdXNlcl9iYWNrZW5kIjoiZGphbmdvLmNvbnRyaWIuYXV0aC5iYWNrZW5kcy5Nb2RlbEJhY2tlbmQiLCJfYXV0aF91c2VyX2hhc2giOiI0Y2E3Njc2NjNlYTM4NThkNGFmZDgxM2FiYjU2NDhiNzk2Njc1OThlIn0=", "expire_date": "2017-05-09T20:26:30.739Z"}}, {"model": "sessions.session", "pk": "r0kw4vbrzss52mplkq9wf9sp9qiw7m2q", "fields": {"session_data": "YWEzMjBhMDhlMjA2OTVlN2Q4OTEwNzU3ZDlhMjFkZTEwNjc2ODAyNzp7Il9hdXRoX3VzZXJfaWQiOiIxIiwiX2F1dGhfdXNlcl9iYWNrZW5kIjoiZGphbmdvLmNvbnRyaWIuYXV0aC5iYWNrZW5kcy5Nb2RlbEJhY2tlbmQiLCJfYXV0aF91c2VyX2hhc2giOiI0Y2E3Njc2NjNlYTM4NThkNGFmZDgxM2FiYjU2NDhiNzk2Njc1OThlIn0=", "expire_date": "2017-05-09T22:00:38.569Z"}}, {"model": "auth.permission", "pk": 1, "fields": {"name": "Can add language", "content_type": 1, "codename": "add_language"}}, {"model": "auth.permission", "pk": 2, "fields": {"name": "Can change language", "content_type": 1, "codename": "change_language"}}, {"model": "auth.permission", "pk": 3, "fields": {"name": "Can delete language", "content_type": 1, "codename": "delete_language"}}, {"model": "auth.permission", "pk": 4, "fields": {"name": "Can add kasa daka user", "content_type": 2, "codename": "add_kasadakauser"}}, {"model": "auth.permission", "pk": 5, "fields": {"name": "Can change kasa daka user", "content_type": 2, "codename": "change_kasadakauser"}}, {"model": "auth.permission", "pk": 6, "fields": {"name": "Can delete kasa daka user", "content_type": 2, "codename": "delete_kasadakauser"}}, {"model": "auth.permission", "pk": 7, "fields": {"name": "Can add voice fragment", "content_type": 3, "codename": "add_voicefragment"}}, {"model": "auth.permission", "pk": 8, "fields": {"name": "Can change voice fragment", "content_type": 3, "codename": "change_voicefragment"}}, {"model": "auth.permission", "pk": 9, "fields": {"name": "Can delete voice fragment", "content_type": 3, "codename": "delete_voicefragment"}}, {"model": "auth.permission", "pk": 10, "fields": {"name": "Can add call session step", "content_type": 4, "codename": "add_callsessionstep"}}, {"model": "auth.permission", "pk": 11, "fields": {"name": "Can change call session step", "content_type": 4, "codename": "change_callsessionstep"}}, {"model": "auth.permission", "pk": 12, "fields": {"name": "Can delete call session step", "content_type": 4, "codename": "delete_callsessionstep"}}, {"model": "auth.permission", "pk": 13, "fields": {"name": "Can add voice service", "content_type": 5, "codename": "add_voiceservice"}}, {"model": "auth.permission", "pk": 14, "fields": {"name": "Can change voice service", "content_type": 5, "codename": "change_voiceservice"}}, {"model": "auth.permission", "pk": 15, "fields": {"name": "Can delete voice service", "content_type": 5, "codename": "delete_voiceservice"}}, {"model": "auth.permission", "pk": 16, "fields": {"name": "Can add voice service sub element", "content_type": 6, "codename": "add_voiceservicesubelement"}}, {"model": "auth.permission", "pk": 17, "fields": {"name": "Can change voice service sub element", "content_type": 6, "codename": "change_voiceservicesubelement"}}, {"model": "auth.permission", "pk": 18, "fields": {"name": "Can delete voice service sub element", "content_type": 6, "codename": "delete_voiceservicesubelement"}}, {"model": "auth.permission", "pk": 19, "fields": {"name": "Can add voice label", "content_type": 7, "codename": "add_voicelabel"}}, {"model": "auth.permission", "pk": 20, "fields": {"name": "Can change voice label", "content_type": 7, "codename": "change_voicelabel"}}, {"model": "auth.permission", "pk": 21, "fields": {"name": "Can delete voice label", "content_type": 7, "codename": "delete_voicelabel"}}, {"model": "auth.permission", "pk": 22, "fields": {"name": "Can add call session", "content_type": 8, "codename": "add_callsession"}}, {"model": "auth.permission", "pk": 23, "fields": {"name": "Can change call session", "content_type": 8, "codename": "change_callsession"}}, {"model": "auth.permission", "pk": 24, "fields": {"name": "Can delete call session", "content_type": 8, "codename": "delete_callsession"}}, {"model": "auth.permission", "pk": 25, "fields": {"name": "Can add choice option", "content_type": 9, "codename": "add_choiceoption"}}, {"model": "auth.permission", "pk": 26, "fields": {"name": "Can change choice option", "content_type": 9, "codename": "change_choiceoption"}}, {"model": "auth.permission", "pk": 27, "fields": {"name": "Can delete choice option", "content_type": 9, "codename": "delete_choiceoption"}}, {"model": "auth.permission", "pk": 28, "fields": {"name": "Can add voice service element", "content_type": 10, "codename": "add_voiceserviceelement"}}, {"model": "auth.permission", "pk": 29, "fields": {"name": "Can change voice service element", "content_type": 10, "codename": "change_voiceserviceelement"}}, {"model": "auth.permission", "pk": 30, "fields": {"name": "Can delete voice service element", "content_type": 10, "codename": "delete_voiceserviceelement"}}, {"model": "auth.permission", "pk": 31, "fields": {"name": "Can add choice", "content_type": 11, "codename": "add_choice"}}, {"model": "auth.permission", "pk": 32, "fields": {"name": "Can change choice", "content_type": 11, "codename": "change_choice"}}, {"model": "auth.permission", "pk": 33, "fields": {"name": "Can delete choice", "content_type": 11, "codename": "delete_choice"}}, {"model": "auth.permission", "pk": 34, "fields": {"name": "Can add message presentation", "content_type": 12, "codename": "add_messagepresentation"}}, {"model": "auth.permission", "pk": 35, "fields": {"name": "Can change message presentation", "content_type": 12, "codename": "change_messagepresentation"}}, {"model": "auth.permission", "pk": 36, "fields": {"name": "Can delete message presentation", "content_type": 12, "codename": "delete_messagepresentation"}}, {"model": "auth.permission", "pk": 37, "fields": {"name": "Can add log entry", "content_type": 13, "codename": "add_logentry"}}, {"model": "auth.permission", "pk": 38, "fields": {"name": "Can change log entry", "content_type": 13, "codename": "change_logentry"}}, {"model": "auth.permission", "pk": 39, "fields": {"name": "Can delete log entry", "content_type": 13, "codename": "delete_logentry"}}, {"model": "auth.permission", "pk": 40, "fields": {"name": "Can add group", "content_type": 14, "codename": "add_group"}}, {"model": "auth.permission", "pk": 41, "fields": {"name": "Can change group", "content_type": 14, "codename": "change_group"}}, {"model": "auth.permission", "pk": 42, "fields": {"name": "Can delete group", "content_type": 14, "codename": "delete_group"}}, {"model": "auth.permission", "pk": 43, "fields": {"name": "Can add permission", "content_type": 15, "codename": "add_permission"}}, {"model": "auth.permission", "pk": 44, "fields": {"name": "Can change permission", "content_type": 15, "codename": "change_permission"}}, {"model": "auth.permission", "pk": 45, "fields": {"name": "Can delete permission", "content_type": 15, "codename": "delete_permission"}}, {"model": "auth.permission", "pk": 46, "fields": {"name": "Can add user", "content_type": 16, "codename": "add_user"}}, {"model": "auth.permission", "pk": 47, "fields": {"name": "Can change user", "content_type": 16, "codename": "change_user"}}, {"model": "auth.permission", "pk": 48, "fields": {"name": "Can delete user", "content_type": 16, "codename": "delete_user"}}, {"model": "auth.permission", "pk": 49, "fields": {"name": "Can add content type", "content_type": 17, "codename": "add_contenttype"}}, {"model": "auth.permission", "pk": 50, "fields": {"name": "Can change content type", "content_type": 17, "codename": "change_contenttype"}}, {"model": "auth.permission", "pk": 51, "fields": {"name": "Can delete content type", "content_type": 17, "codename": "delete_contenttype"}}, {"model": "auth.permission", "pk": 52, "fields": {"name": "Can add session", "content_type": 18, "codename": "add_session"}}, {"model": "auth.permission", "pk": 53, "fields": {"name": "Can change session", "content_type": 18, "codename": "change_session"}}, {"model": "auth.permission", "pk": 54, "fields": {"name": "Can delete session", "content_type": 18, "codename": "delete_session"}}, {"model": "auth.permission", "pk": 55, "fields": {"name": "Can add animal", "content_type": 19, "codename": "add_animal"}}, {"model": "auth.permission", "pk": 56, "fields": {"name": "Can change animal", "content_type": 19, "codename": "change_animal"}}, {"model": "auth.permission", "pk": 57, "fields": {"name": "Can delete animal", "content_type": 19, "codename": "delete_animal"}}, {"model": "auth.user", "pk": 1, "fields": {"password": "pbkdf2_sha256$30000$8YtVbXswtfKY$k5kdzYbNF4T9eipR38oWROzPE7gm1cFeHMDH6OG2QWA=", "last_login": "2017-04-25T22:00:38.462Z", "is_superuser": true, "username": "group3", "first_name": "", "last_name": "", "email": "farida.nurcahyani@gmail.com", "is_staff": true, "is_active": true, "date_joined": "2017-04-25T20:24:14.658Z", "groups": [], "user_permissions": []}}, {"model": "admin.logentry", "pk": 1, "fields": {"action_time": "2017-05-01T20:39:23.925Z", "user": 1, "content_type": 7, "object_id": "24", "object_repr": "Voice Label: Does your animal experience weight loss?", "action_flag": 1, "change_message": "[{\"added\": {}}, {\"added\": {\"name\": \"voice fragment\", \"object\": \"Voice Fragment: (English) Does your animal experience weight loss?\"}}]"}}, {"model": "admin.logentry", "pk": 2, "fields": {"action_time": "2017-05-01T20:39:45.277Z", "user": 1, "content_type": 7, "object_id": "25", "object_repr": "Voice Label: Does your animal experience loss of appetite?", "action_flag": 1, "change_message": "[{\"added\": {}}, {\"added\": {\"name\": \"voice fragment\", \"object\": \"Voice Fragment: (English) Does your animal experience loss of appetite?\"}}]"}}, {"model": "admin.logentry", "pk": 3, "fields": {"action_time": "2017-05-01T20:39:56.779Z", "user": 1, "content_type": 7, "object_id": "25", "object_repr": "Voice Label: Does your animal experience loss of appetite?", "action_flag": 2, "change_message": "[]"}}, {"model": "admin.logentry", "pk": 4, "fields": {"action_time": "2017-05-01T20:40:26.211Z", "user": 1, "content_type": 7, "object_id": "26", "object_repr": "Voice Label: Does your animal experience diarrhea?", "action_flag": 1, "change_message": "[{\"added\": {}}, {\"added\": {\"name\": \"voice fragment\", \"object\": \"Voice Fragment: (English) Does your animal experience diarrhea?\"}}]"}}, {"model": "admin.logentry", "pk": 5, "fields": {"action_time": "2017-05-01T20:41:35.043Z", "user": 1, "content_type": 7, "object_id": "27", "object_repr": "Voice Label: Does your animal have fever?", "action_flag": 1, "change_message": "[{\"added\": {}}, {\"added\": {\"name\": \"voice fragment\", \"object\": \"Voice Fragment: (English) Does your animal have fever?\"}}]"}}, {"model": "admin.logentry", "pk": 6, "fields": {"action_time": "2017-05-01T20:42:07.958Z", "user": 1, "content_type": 7, "object_id": "28", "object_repr": "Voice Label: Does your animal experience lameness?", "action_flag": 1, "change_message": "[{\"added\": {}}, {\"added\": {\"name\": \"voice fragment\", \"object\": \"Voice Fragment: (English) Does your animal experience lameness?\"}}]"}}, {"model": "admin.logentry", "pk": 7, "fields": {"action_time": "2017-05-01T20:42:34.504Z", "user": 1, "content_type": 7, "object_id": "29", "object_repr": "Voice Label: Does your animal have swollen and lesion in hoof-l", "action_flag": 1, "change_message": "[{\"added\": {}}, {\"added\": {\"name\": \"voice fragment\", \"object\": \"Voice Fragment: (English) Does your animal have swollen and lesion in hoof-l\"}}]"}}, {"model": "admin.logentry", "pk": 8, "fields": {"action_time": "2017-05-01T20:42:49.822Z", "user": 1, "content_type": 7, "object_id": "30", "object_repr": "Voice Label: Does your animal experience hair loss and blood lo", "action_flag": 1, "change_message": "[{\"added\": {}}, {\"added\": {\"name\": \"voice fragment\", \"object\": \"Voice Fragment: (English) Does your animal experience hair loss and blood lo\"}}]"}}, {"model": "admin.logentry", "pk": 9, "fields": {"action_time": "2017-05-01T20:43:06.097Z", "user": 1, "content_type": 7, "object_id": "31", "object_repr": "Voice Label: Does your animal have lumps on its back?", "action_flag": 1, "change_message": "[{\"added\": {}}, {\"added\": {\"name\": \"voice fragment\", \"object\": \"Voice Fragment: (English) Does your animal have lumps on its back?\"}}]"}}, {"model": "admin.logentry", "pk": 10, "fields": {"action_time": "2017-05-01T20:43:30.551Z", "user": 1, "content_type": 7, "object_id": "32", "object_repr": "Voice Label: Does your animal reluctant to move?", "action_flag": 1, "change_message": "[{\"added\": {}}, {\"added\": {\"name\": \"voice fragment\", \"object\": \"Voice Fragment: (English) Does your animal reluctant to move?\"}}]"}}, {"model": "admin.logentry", "pk": 11, "fields": {"action_time": "2017-05-01T20:43:47.428Z", "user": 1, "content_type": 7, "object_id": "33", "object_repr": "Voice Label: Does your animal experience lethargic and tremblin", "action_flag": 1, "change_message": "[{\"added\": {}}, {\"added\": {\"name\": \"voice fragment\", \"object\": \"Voice Fragment: (English) Does your animal experience lethargic and tremblin\"}}]"}}, {"model": "admin.logentry", "pk": 12, "fields": {"action_time": "2017-05-01T20:44:01.807Z", "user": 1, "content_type": 7, "object_id": "34", "object_repr": "Voice Label: Does your animal experience dullness?", "action_flag": 1, "change_message": "[{\"added\": {}}, {\"added\": {\"name\": \"voice fragment\", \"object\": \"Voice Fragment: (English) Does your animal experience dullness?\"}}]"}}, {"model": "admin.logentry", "pk": 13, "fields": {"action_time": "2017-05-01T20:44:41.998Z", "user": 1, "content_type": 7, "object_id": "35", "object_repr": "Voice Label: Does your animal have profuse salivation?", "action_flag": 1, "change_message": "[{\"added\": {}}, {\"added\": {\"name\": \"voice fragment\", \"object\": \"Voice Fragment: (English) Does your animal have profuse salivation?\"}}]"}}, {"model": "admin.logentry", "pk": 14, "fields": {"action_time": "2017-05-01T20:45:38.995Z", "user": 1, "content_type": 7, "object_id": "36", "object_repr": "Voice Label: Does your animal have oral lesions,yellow patch?", "action_flag": 1, "change_message": "[{\"added\": {}}, {\"added\": {\"name\": \"voice fragment\", \"object\": \"Voice Fragment: (English) Does your animal have oral lesions,yellow patch?\"}}]"}}, {"model": "admin.logentry", "pk": 15, "fields": {"action_time": "2017-05-01T20:45:54.588Z", "user": 1, "content_type": 7, "object_id": "37", "object_repr": "Voice Label: Does your animal experience depression?", "action_flag": 1, "change_message": "[{\"added\": {}}, {\"added\": {\"name\": \"voice fragment\", \"object\": \"Voice Fragment: (English) Does your animal experience depression?\"}}]"}}, {"model": "admin.logentry", "pk": 16, "fields": {"action_time": "2017-05-01T20:46:11.905Z", "user": 1, "content_type": 7, "object_id": "38", "object_repr": "Voice Label: Does your animal experience difficulty in breathin", "action_flag": 1, "change_message": "[{\"added\": {}}, {\"added\": {\"name\": \"voice fragment\", \"object\": \"Voice Fragment: (English) Does your animal experience difficulty in breathin\"}}]"}}, {"model": "admin.logentry", "pk": 17, "fields": {"action_time": "2017-05-01T20:46:27.254Z", "user": 1, "content_type": 7, "object_id": "39", "object_repr": "Voice Label: Does your animal have a cough?", "action_flag": 1, "change_message": "[{\"added\": {}}, {\"added\": {\"name\": \"voice fragment\", \"object\": \"Voice Fragment: (English) Does your animal have a cough?\"}}]"}}, {"model": "admin.logentry", "pk": 18, "fields": {"action_time": "2017-05-01T20:47:25.286Z", "user": 1, "content_type": 7, "object_id": "40", "object_repr": "Voice Label: Does your animal makes convulsive movement?", "action_flag": 1, "change_message": "[{\"added\": {}}, {\"added\": {\"name\": \"voice fragment\", \"object\": \"Voice Fragment: (English) Does your animal makes convulsive movement?\"}}]"}}, {"model": "admin.logentry", "pk": 19, "fields": {"action_time": "2017-05-01T20:47:45.470Z", "user": 1, "content_type": 7, "object_id": "41", "object_repr": "Voice Label: Does your animal get swollen in lower body?", "action_flag": 1, "change_message": "[{\"added\": {}}, {\"added\": {\"name\": \"voice fragment\", \"object\": \"Voice Fragment: (English) Does your animal get swollen in lower body?\"}}]"}}, {"model": "admin.logentry", "pk": 20, "fields": {"action_time": "2017-05-01T20:48:01.964Z", "user": 1, "content_type": 7, "object_id": "42", "object_repr": "Voice Label: Does your animal experience stiffness?", "action_flag": 1, "change_message": "[{\"added\": {}}, {\"added\": {\"name\": \"voice fragment\", \"object\": \"Voice Fragment: (English) Does your animal experience stiffness?\"}}]"}}, {"model": "admin.logentry", "pk": 21, "fields": {"action_time": "2017-05-01T20:48:20.402Z", "user": 1, "content_type": 7, "object_id": "43", "object_repr": "Voice Label: Does your animal experience bloating?", "action_flag": 1, "change_message": "[{\"added\": {}}, {\"added\": {\"name\": \"voice fragment\", \"object\": \"Voice Fragment: (English) Does your animal experience bloating?\"}}]"}}, {"model": "admin.logentry", "pk": 22, "fields": {"action_time": "2017-05-01T20:48:45.342Z", "user": 1, "content_type": 7, "object_id": "44", "object_repr": "Voice Label: Does your animal have muscle tremor, lockjaw?", "action_flag": 1, "change_message": "[{\"added\": {}}, {\"added\": {\"name\": \"voice fragment\", \"object\": \"Voice Fragment: (English) Does your animal have muscle tremor, lockjaw?\"}}]"}}, {"model": "admin.logentry", "pk": 23, "fields": {"action_time": "2017-05-01T20:52:52.427Z", "user": 1, "content_type": 5, "object_id": "2", "object_repr": "Voice Service: MobileVet", "action_flag": 1, "change_message": "[{\"added\": {}}]"}}, {"model": "admin.logentry", "pk": 24, "fields": {"action_time": "2017-05-01T21:00:49.947Z", "user": 1, "content_type": 7, "object_id": "45", "object_repr": "Voice Label: Welcome to MobileVet", "action_flag": 1, "change_message": "[{\"added\": {}}, {\"added\": {\"name\": \"voice fragment\", \"object\": \"Voice Fragment: (English) Welcome to MobileVet\"}}]"}}, {"model": "admin.logentry", "pk": 25, "fields": {"action_time": "2017-05-01T21:37:02.756Z", "user": 1, "content_type": 7, "object_id": "46", "object_repr": "Voice Label: Please select your region", "action_flag": 1, "change_message": "[{\"added\": {}}, {\"added\": {\"name\": \"voice fragment\", \"object\": \"Voice Fragment: (English) Please select your region\"}}]"}}, {"model": "admin.logentry", "pk": 26, "fields": {"action_time": "2017-05-01T23:01:50.941Z", "user": 1, "content_type": 19, "object_id": "1", "object_repr": "Cattle", "action_flag": 1, "change_message": "[{\"added\": {}}]"}}, {"model": "admin.logentry", "pk": 27, "fields": {"action_time": "2017-05-01T23:01:57.311Z", "user": 1, "content_type": 19, "object_id": "2", "object_repr": "Sheep", "action_flag": 1, "change_message": "[{\"added\": {}}]"}}, {"model": "admin.logentry", "pk": 28, "fields": {"action_time": "2017-05-01T23:02:03.134Z", "user": 1, "content_type": 19, "object_id": "3", "object_repr": "Goat", "action_flag": 1, "change_message": "[{\"added\": {}}]"}}, {"model": "admin.logentry", "pk": 29, "fields": {"action_time": "2017-05-01T23:02:07.865Z", "user": 1, "content_type": 19, "object_id": "4", "object_repr": "Chicken", "action_flag": 1, "change_message": "[{\"added\": {}}]"}}, {"model": "admin.logentry", "pk": 30, "fields": {"action_time": "2017-05-01T23:51:40.022Z", "user": 1, "content_type": 12, "object_id": "8", "object_repr": "Message: Welcome to MobileVet", "action_flag": 1, "change_message": "[{\"added\": {}}]"}}, {"model": "admin.logentry", "pk": 31, "fields": {"action_time": "2017-05-01T23:52:18.363Z", "user": 1, "content_type": 12, "object_id": "9", "object_repr": "Message: Welcome to MobileVet", "action_flag": 1, "change_message": "[{\"added\": {}}]"}}, {"model": "admin.logentry", "pk": 32, "fields": {"action_time": "2017-05-01T23:54:31.529Z", "user": 1, "content_type": 5, "object_id": "2", "object_repr": "Voice Service: MobileVet", "action_flag": 2, "change_message": "[{\"changed\": {\"fields\": [\"_start_element\"]}}]"}}, {"model": "admin.logentry", "pk": 33, "fields": {"action_time": "2017-05-02T00:20:30.597Z", "user": 1, "content_type": 11, "object_id": "10", "object_repr": "Does your animal experience weight loss?", "action_flag": 1, "change_message": "[{\"added\": {}}, {\"added\": {\"name\": \"choice option\", \"object\": \"(Does your animal experience weight loss?): Yes\"}}, {\"added\": {\"name\": \"choice option\", \"object\": \"(Does your animal experience weight loss?): No\"}}]"}}, {"model": "admin.logentry", "pk": 34, "fields": {"action_time": "2017-05-02T00:24:33.550Z", "user": 1, "content_type": 7, "object_id": "47", "object_repr": "Voice Label: Please define your type of animal", "action_flag": 1, "change_message": "[{\"added\": {}}, {\"added\": {\"name\": \"voice fragment\", \"object\": \"Voice Fragment: (English) Please define your type of animal\"}}]"}}, {"model": "admin.logentry", "pk": 35, "fields": {"action_time": "2017-05-02T00:31:40.731Z", "user": 1, "content_type": 7, "object_id": "48", "object_repr": "Voice Label: Please provide the number of animals", "action_flag": 1, "change_message": "[{\"added\": {}}, {\"added\": {\"name\": \"voice fragment\", \"object\": \"Voice Fragment: (English) Please provide the number of animals\"}}]"}}, {"model": "admin.logentry", "pk": 36, "fields": {"action_time": "2017-05-02T00:42:49.035Z", "user": 1, "content_type": 7, "object_id": "49", "object_repr": "Voice Label: What is the current season?", "action_flag": 1, "change_message": "[{\"added\": {}}, {\"added\": {\"name\": \"voice fragment\", \"object\": \"Voice Fragment: (English) What is the current season?\"}}]"}}, {"model": "admin.logentry", "pk": 37, "fields": {"action_time": "2017-05-02T01:19:07.019Z", "user": 1, "content_type": 7, "object_id": "50", "object_repr": "Voice Label: Gut worm description", "action_flag": 1, "change_message": "[{\"added\": {}}, {\"added\": {\"name\": \"voice fragment\", \"object\": \"Voice Fragment: (English) Gut worm description\"}}]"}}, {"model": "admin.logentry", "pk": 38, "fields": {"action_time": "2017-05-02T01:19:31.839Z", "user": 1, "content_type": 7, "object_id": "51", "object_repr": "Voice Label: Gut worm treatment", "action_flag": 1, "change_message": "[{\"added\": {}}, {\"added\": {\"name\": \"voice fragment\", \"object\": \"Voice Fragment: (English) Gut worm treatment\"}}]"}}, {"model": "admin.logentry", "pk": 39, "fields": {"action_time": "2017-05-02T02:35:36.526Z", "user": 1, "content_type": 7, "object_id": "52", "object_repr": "Voice Label: Foot Rot description", "action_flag": 1, "change_message": "[{\"added\": {}}, {\"added\": {\"name\": \"voice fragment\", \"object\": \"Voice Fragment: (English) Foot Rot description\"}}]"}}, {"model": "admin.logentry", "pk": 40, "fields": {"action_time": "2017-05-02T02:35:55.443Z", "user": 1, "content_type": 7, "object_id": "53", "object_repr": "Voice Label: Foot Rot treatment", "action_flag": 1, "change_message": "[{\"added\": {}}, {\"added\": {\"name\": \"voice fragment\", \"object\": \"Voice Fragment: (English) Foot Rot treatment\"}}]"}}, {"model": "admin.logentry", "pk": 41, "fields": {"action_time": "2017-05-02T02:36:17.389Z", "user": 1, "content_type": 7, "object_id": "54", "object_repr": "Voice Label: Parasites description", "action_flag": 1, "change_message": "[{\"added\": {}}, {\"added\": {\"name\": \"voice fragment\", \"object\": \"Voice Fragment: (English) Parasites description\"}}]"}}, {"model": "admin.logentry", "pk": 42, "fields": {"action_time": "2017-05-02T02:36:35.753Z", "user": 1, "content_type": 7, "object_id": "55", "object_repr": "Voice Label: Parasites treatment", "action_flag": 1, "change_message": "[{\"added\": {}}, {\"added\": {\"name\": \"voice fragment\", \"object\": \"Voice Fragment: (English) Parasites treatment\"}}]"}}, {"model": "admin.logentry", "pk": 43, "fields": {"action_time": "2017-05-02T02:36:56.038Z", "user": 1, "content_type": 7, "object_id": "56", "object_repr": "Voice Label: FMD description", "action_flag": 1, "change_message": "[{\"added\": {}}, {\"added\": {\"name\": \"voice fragment\", \"object\": \"Voice Fragment: (English) FMD description\"}}]"}}, {"model": "admin.logentry", "pk": 44, "fields": {"action_time": "2017-05-02T02:37:10.582Z", "user": 1, "content_type": 7, "object_id": "57", "object_repr": "Voice Label: FMD treatment", "action_flag": 1, "change_message": "[{\"added\": {}}, {\"added\": {\"name\": \"voice fragment\", \"object\": \"Voice Fragment: (English) FMD treatment\"}}]"}}, {"model": "admin.logentry", "pk": 45, "fields": {"action_time": "2017-05-02T02:37:29.874Z", "user": 1, "content_type": 7, "object_id": "58", "object_repr": "Voice Label: CBPP description", "action_flag": 1, "change_message": "[{\"added\": {}}, {\"added\": {\"name\": \"voice fragment\", \"object\": \"Voice Fragment: (English) CBPP description\"}}]"}}, {"model": "admin.logentry", "pk": 46, "fields": {"action_time": "2017-05-02T02:37:47.833Z", "user": 1, "content_type": 7, "object_id": "59", "object_repr": "Voice Label: CBPP treatment", "action_flag": 1, "change_message": "[{\"added\": {}}, {\"added\": {\"name\": \"voice fragment\", \"object\": \"Voice Fragment: (English) CBPP treatment\"}}]"}}, {"model": "admin.logentry", "pk": 47, "fields": {"action_time": "2017-05-02T02:38:11.637Z", "user": 1, "content_type": 7, "object_id": "60", "object_repr": "Voice Label: Black leg description", "action_flag": 1, "change_message": "[{\"added\": {}}, {\"added\": {\"name\": \"voice fragment\", \"object\": \"Voice Fragment: (English) Black leg description\"}}]"}}, {"model": "admin.logentry", "pk": 48, "fields": {"action_time": "2017-05-02T02:38:38.151Z", "user": 1, "content_type": 7, "object_id": "61", "object_repr": "Voice Label: Black leg treatment", "action_flag": 1, "change_message": "[{\"added\": {}}, {\"added\": {\"name\": \"voice fragment\", \"object\": \"Voice Fragment: (English) Black leg treatment\"}}]"}}, {"model": "admin.logentry", "pk": 49, "fields": {"action_time": "2017-05-02T02:39:06.386Z", "user": 1, "content_type": 7, "object_id": "62", "object_repr": "Voice Label: Anthrax description", "action_flag": 1, "change_message": "[{\"added\": {}}, {\"added\": {\"name\": \"voice fragment\", \"object\": \"Voice Fragment: (English) Anthrax description\"}}]"}}, {"model": "admin.logentry", "pk": 50, "fields": {"action_time": "2017-05-02T02:39:27.193Z", "user": 1, "content_type": 7, "object_id": "63", "object_repr": "Voice Label: Anthrax treatment", "action_flag": 1, "change_message": "[{\"added\": {}}, {\"added\": {\"name\": \"voice fragment\", \"object\": \"Voice Fragment: (English) Anthrax treatment\"}}]"}}, {"model": "admin.logentry", "pk": 51, "fields": {"action_time": "2017-05-02T02:39:44.925Z", "user": 1, "content_type": 7, "object_id": "64", "object_repr": "Voice Label: Tetanus description", "action_flag": 1, "change_message": "[{\"added\": {}}, {\"added\": {\"name\": \"voice fragment\", \"object\": \"Voice Fragment: (English) Tetanus description\"}}]"}}, {"model": "admin.logentry", "pk": 52, "fields": {"action_time": "2017-05-02T02:40:02.231Z", "user": 1, "content_type": 7, "object_id": "65", "object_repr": "Voice Label: Tetanus treatment", "action_flag": 1, "change_message": "[{\"added\": {}}, {\"added\": {\"name\": \"voice fragment\", \"object\": \"Voice Fragment: (English) Tetanus treatment\"}}]"}}, {"model": "admin.logentry", "pk": 53, "fields": {"action_time": "2017-05-02T02:42:22.274Z", "user": 1, "content_type": 7, "object_id": "66", "object_repr": "Voice Label: Unindetified disease", "action_flag": 1, "change_message": "[{\"added\": {}}, {\"added\": {\"name\": \"voice fragment\", \"object\": \"Voice Fragment: (English) Unindetified disease\"}}]"}}, {"model": "admin.logentry", "pk": 54, "fields": {"action_time": "2017-05-02T02:44:57.119Z", "user": 1, "content_type": 7, "object_id": "67", "object_repr": "Voice Label: Urgent disease", "action_flag": 1, "change_message": "[{\"added\": {}}, {\"added\": {\"name\": \"voice fragment\", \"object\": \"Voice Fragment: (English) Urgent disease\"}}]"}}, {"model": "admin.logentry", "pk": 55, "fields": {"action_time": "2017-05-02T02:45:31.131Z", "user": 1, "content_type": 7, "object_id": "68", "object_repr": "Voice Label: Please choose a veterinarian", "action_flag": 1, "change_message": "[{\"added\": {}}, {\"added\": {\"name\": \"voice fragment\", \"object\": \"Voice Fragment: (English) Please choose a veterinarian\"}}]"}}, {"model": "admin.logentry", "pk": 56, "fields": {"action_time": "2017-05-02T02:47:30.801Z", "user": 1, "content_type": 7, "object_id": "69", "object_repr": "Voice Label: Would you like to call the veterinarian now/later?", "action_flag": 1, "change_message": "[{\"added\": {}}, {\"added\": {\"name\": \"voice fragment\", \"object\": \"Voice Fragment: (English) Would you like to call the veterinarian now/later?\"}}]"}}, {"model": "admin.logentry", "pk": 57, "fields": {"action_time": "2017-05-02T02:48:04.059Z", "user": 1, "content_type": 7, "object_id": "70", "object_repr": "Voice Label: Please wait while we try to contact the veterinari", "action_flag": 1, "change_message": "[{\"added\": {}}, {\"added\": {\"name\": \"voice fragment\", \"object\": \"Voice Fragment: (English) Please wait while we try to contact the veterinari\"}}]"}}, {"model": "admin.logentry", "pk": 58, "fields": {"action_time": "2017-05-02T02:48:38.771Z", "user": 1, "content_type": 7, "object_id": "71", "object_repr": "Voice Label: We will send the contact detail to phone", "action_flag": 1, "change_message": "[{\"added\": {}}, {\"added\": {\"name\": \"voice fragment\", \"object\": \"Voice Fragment: (English) We will send the contact detail to phone\"}}]"}}, {"model": "admin.logentry", "pk": 59, "fields": {"action_time": "2017-05-02T02:49:01.037Z", "user": 1, "content_type": 7, "object_id": "72", "object_repr": "Voice Label: Thank you for contacting MobileVet", "action_flag": 1, "change_message": "[{\"added\": {}}, {\"added\": {\"name\": \"voice fragment\", \"object\": \"Voice Fragment: (English) Thank you for contacting MobileVet\"}}]"}}, {"model": "admin.logentry", "pk": 60, "fields": {"action_time": "2017-05-02T02:52:21.186Z", "user": 1, "content_type": 12, "object_id": "13", "object_repr": "Message: Thank you for contacting MobileVet", "action_flag": 1, "change_message": "[{\"added\": {}}]"}}, {"model": "admin.logentry", "pk": 61, "fields": {"action_time": "2017-05-02T02:53:51.895Z", "user": 1, "content_type": 12, "object_id": "14", "object_repr": "Message: Gut worm treatment", "action_flag": 1, "change_message": "[{\"added\": {}}]"}}, {"model": "admin.logentry", "pk": 62, "fields": {"action_time": "2017-05-02T02:54:26.014Z", "user": 1, "content_type": 12, "object_id": "15", "object_repr": "Message: Gut worm description", "action_flag": 1, "change_message": "[{\"added\": {}}]"}}, {"model": "admin.logentry", "pk": 63, "fields": {"action_time": "2017-05-02T02:55:50.502Z", "user": 1, "content_type": 12, "object_id": "16", "object_repr": "Message: Parasites treatment", "action_flag": 1, "change_message": "[{\"added\": {}}]"}}, {"model": "admin.logentry", "pk": 64, "fields": {"action_time": "2017-05-02T02:56:15.184Z", "user": 1, "content_type": 12, "object_id": "17", "object_repr": "Message: Parasites description", "action_flag": 1, "change_message": "[{\"added\": {}}]"}}, {"model": "admin.logentry", "pk": 65, "fields": {"action_time": "2017-05-02T02:58:33.013Z", "user": 1, "content_type": 12, "object_id": "18", "object_repr": "Message: Unindentified disease", "action_flag": 1, "change_message": "[{\"added\": {}}]"}}]