[
{
    "model": "service_development.voicelabel",
    "pk": 1,
    "fields": {
        "name": "Dutch language",
        "description": "Nederlandse taal"
    }
},
{
    "model": "service_development.voicelabel",
    "pk": 2,
    "fields": {
        "name": "General error message",
        "description": ""
    }
},
{
    "model": "service_development.voicelabel",
    "pk": 3,
    "fields": {
        "name": "This is the truth",
        "description": ""
    }
},
{
    "model": "service_development.voicelabel",
    "pk": 4,
    "fields": {
        "name": "English language",
        "description": ""
    }
},
{
    "model": "service_development.voicelabel",
    "pk": 5,
    "fields": {
        "name": "Thank you for using this service",
        "description": ""
    }
},
{
    "model": "service_development.voicelabel",
    "pk": 6,
    "fields": {
        "name": "Wow, it must be a really boring guy!",
        "description": ""
    }
},
{
    "model": "service_development.voicelabel",
    "pk": 7,
    "fields": {
        "name": "French language",
        "description": ""
    }
},
{
    "model": "service_development.voicelabel",
    "pk": 8,
    "fields": {
        "name": "Please select your language",
        "description": ""
    }
},
{
    "model": "service_development.voicelabel",
    "pk": 9,
    "fields": {
        "name": "Pre Choice Option",
        "description": ""
    }
},
{
    "model": "service_development.voicelabel",
    "pk": 10,
    "fields": {
        "name": "Post Choice Option",
        "description": ""
    }
},
{
    "model": "service_development.voicelabel",
    "pk": 11,
    "fields": {
        "name": "One",
        "description": ""
    }
},
{
    "model": "service_development.voicelabel",
    "pk": 12,
    "fields": {
        "name": "Two",
        "description": ""
    }
},
{
    "model": "service_development.voicelabel",
    "pk": 13,
    "fields": {
        "name": "Three",
        "description": ""
    }
},
{
    "model": "service_development.voicelabel",
    "pk": 14,
    "fields": {
        "name": "Four",
        "description": ""
    }
},
{
    "model": "service_development.voicelabel",
    "pk": 15,
    "fields": {
        "name": "Five",
        "description": ""
    }
},
{
    "model": "service_development.voicelabel",
    "pk": 16,
    "fields": {
        "name": "Six",
        "description": ""
    }
},
{
    "model": "service_development.voicelabel",
    "pk": 17,
    "fields": {
        "name": "Seven",
        "description": ""
    }
},
{
    "model": "service_development.voicelabel",
    "pk": 18,
    "fields": {
        "name": "Eight",
        "description": ""
    }
},
{
    "model": "service_development.voicelabel",
    "pk": 19,
    "fields": {
        "name": "Nine",
        "description": ""
    }
},
{
    "model": "service_development.voicelabel",
    "pk": 20,
    "fields": {
        "name": "Zero",
        "description": ""
    }
},
{
    "model": "service_development.voicelabel",
    "pk": 21,
    "fields": {
        "name": "Yes",
        "description": ""
    }
},
{
    "model": "service_development.voicelabel",
    "pk": 22,
    "fields": {
        "name": "No",
        "description": ""
    }
},
{
    "model": "service_development.voicelabel",
    "pk": 23,
    "fields": {
        "name": "Does the king like to drink beer?",
        "description": ""
    }
},
{
    "model": "service_development.voicelabel",
    "pk": 131,
    "fields": {
        "name": "Select region",
        "description": ""
    }
},
{
    "model": "service_development.voicelabel",
    "pk": 132,
    "fields": {
        "name": "Eastern",
        "description": ""
    }
},
{
    "model": "service_development.voicelabel",
    "pk": 133,
    "fields": {
        "name": "Western",
        "description": ""
    }
},
{
    "model": "service_development.voicelabel",
    "pk": 134,
    "fields": {
        "name": "Select animal",
        "description": ""
    }
},
{
    "model": "service_development.voicelabel",
    "pk": 135,
    "fields": {
        "name": "Cow",
        "description": ""
    }
},
{
    "model": "service_development.voicelabel",
    "pk": 136,
    "fields": {
        "name": "Chicken",
        "description": ""
    }
},
{
    "model": "service_development.voicelabel",
    "pk": 137,
    "fields": {
        "name": "Welcome to MobileVet",
        "description": ""
    }
},
{
    "model": "service_development.voicelabel",
    "pk": 138,
    "fields": {
        "name": "Sudden death signs",
        "description": ""
    }
},
{
    "model": "service_development.voicelabel",
    "pk": 139,
    "fields": {
        "name": "Fever signs (cattle)",
        "description": ""
    }
},
{
    "model": "service_development.voicelabel",
    "pk": 140,
    "fields": {
        "name": "Sudden collapse signs (cattle)",
        "description": ""
    }
},
{
    "model": "service_development.voicelabel",
    "pk": 141,
    "fields": {
        "name": "Difficulty breathing signs",
        "description": ""
    }
},
{
    "model": "service_development.voicelabel",
    "pk": 142,
    "fields": {
        "name": "Less eggs signs (chicken)",
        "description": ""
    }
},
{
    "model": "service_development.voicelabel",
    "pk": 143,
    "fields": {
        "name": "Twisted neck signs (chicken)",
        "description": ""
    }
},
{
    "model": "service_development.voicelabel",
    "pk": 144,
    "fields": {
        "name": "Waiting diagnosis",
        "description": ""
    }
},
{
    "model": "service_development.voicelabel",
    "pk": 145,
    "fields": {
        "name": "Anthrax description",
        "description": ""
    }
},
{
    "model": "service_development.voicelabel",
    "pk": 146,
    "fields": {
        "name": "Anthrax treatment",
        "description": ""
    }
},
{
    "model": "service_development.voicelabel",
    "pk": 147,
    "fields": {
        "name": "Bloat description",
        "description": ""
    }
},
{
    "model": "service_development.voicelabel",
    "pk": 148,
    "fields": {
        "name": "Bloat treatment",
        "description": ""
    }
},
{
    "model": "service_development.voicelabel",
    "pk": 149,
    "fields": {
        "name": "CBPP description",
        "description": ""
    }
},
{
    "model": "service_development.voicelabel",
    "pk": 150,
    "fields": {
        "name": "CBPP treatment",
        "description": ""
    }
},
{
    "model": "service_development.voicelabel",
    "pk": 151,
    "fields": {
        "name": "Avian Influenza description",
        "description": ""
    }
},
{
    "model": "service_development.voicelabel",
    "pk": 152,
    "fields": {
        "name": "Avian Influenza treatment",
        "description": ""
    }
},
{
    "model": "service_development.voicelabel",
    "pk": 153,
    "fields": {
        "name": "Fowl pox description",
        "description": ""
    }
},
{
    "model": "service_development.voicelabel",
    "pk": 154,
    "fields": {
        "name": "Fowl pox treatment",
        "description": ""
    }
},
{
    "model": "service_development.voicelabel",
    "pk": 155,
    "fields": {
        "name": "Necwcastle disease description",
        "description": ""
    }
},
{
    "model": "service_development.voicelabel",
    "pk": 156,
    "fields": {
        "name": "Necwcastle disease treatment",
        "description": ""
    }
},
{
    "model": "service_development.voicelabel",
    "pk": 157,
    "fields": {
        "name": "Unindentified disease",
        "description": ""
    }
},
{
    "model": "service_development.voicelabel",
    "pk": 158,
    "fields": {
        "name": "Urgent disease",
        "description": ""
    }
},
{
    "model": "service_development.voicelabel",
    "pk": 159,
    "fields": {
        "name": "Choose veterinarian",
        "description": ""
    }
},
{
    "model": "service_development.voicelabel",
    "pk": 160,
    "fields": {
        "name": "Dr. Amoro Nelson Agemga",
        "description": ""
    }
},
{
    "model": "service_development.voicelabel",
    "pk": 161,
    "fields": {
        "name": "Dr. Baba Issah",
        "description": ""
    }
},
{
    "model": "service_development.voicelabel",
    "pk": 162,
    "fields": {
        "name": "Dr. Ebo Annan",
        "description": ""
    }
},
{
    "model": "service_development.voicelabel",
    "pk": 163,
    "fields": {
        "name": "Dr. Kwadwo Nikrumah",
        "description": ""
    }
},
{
    "model": "service_development.voicelabel",
    "pk": 164,
    "fields": {
        "name": "Call veterinarian",
        "description": ""
    }
},
{
    "model": "service_development.voicelabel",
    "pk": 165,
    "fields": {
        "name": "Now",
        "description": ""
    }
},
{
    "model": "service_development.voicelabel",
    "pk": 166,
    "fields": {
        "name": "Later",
        "description": ""
    }
},
{
    "model": "service_development.voicelabel",
    "pk": 167,
    "fields": {
        "name": "Send vet contact",
        "description": ""
    }
},
{
    "model": "service_development.voicelabel",
    "pk": 168,
    "fields": {
        "name": "Redirect call to vet",
        "description": ""
    }
},
{
    "model": "service_development.language",
    "pk": 1,
    "fields": {
        "name": "Nederlands",
        "code": "nl",
        "voice_label": 1,
        "error_message": 2,
        "select_language": 8,
        "pre_choice_option": 9,
        "post_choice_option": 10,
        "one": 11,
        "two": 12,
        "three": 13,
        "four": 14,
        "five": 15,
        "six": 16,
        "seven": 17,
        "eight": 18,
        "nine": 19,
        "zero": 20
    }
},
{
    "model": "service_development.language",
    "pk": 2,
    "fields": {
        "name": "English",
        "code": "en",
        "voice_label": 4,
        "error_message": 2,
        "select_language": 8,
        "pre_choice_option": 9,
        "post_choice_option": 10,
        "one": 11,
        "two": 12,
        "three": 13,
        "four": 14,
        "five": 15,
        "six": 16,
        "seven": 17,
        "eight": 18,
        "nine": 19,
        "zero": 20
    }
},
{
    "model": "service_development.language",
    "pk": 3,
    "fields": {
        "name": "French",
        "code": "fr",
        "voice_label": 7,
        "error_message": 2,
        "select_language": 8,
        "pre_choice_option": 9,
        "post_choice_option": 10,
        "one": 11,
        "two": 12,
        "three": 13,
        "four": 14,
        "five": 15,
        "six": 16,
        "seven": 17,
        "eight": 18,
        "nine": 19,
        "zero": 20
    }
},
{
    "model": "service_development.voicefragment",
    "pk": 1,
    "fields": {
        "parent": 6,
        "language": 2,
        "audio": "boring_guy_en.wav"
    }
},
{
    "model": "service_development.voicefragment",
    "pk": 2,
    "fields": {
        "parent": 6,
        "language": 1,
        "audio": "boring_guy_nl.wav"
    }
},
{
    "model": "service_development.voicefragment",
    "pk": 6,
    "fields": {
        "parent": 22,
        "language": 1,
        "audio": "no_nl.wav"
    }
},
{
    "model": "service_development.voicefragment",
    "pk": 7,
    "fields": {
        "parent": 22,
        "language": 2,
        "audio": "no_en.wav"
    }
},
{
    "model": "service_development.voicefragment",
    "pk": 8,
    "fields": {
        "parent": 22,
        "language": 3,
        "audio": "no_fr.wav"
    }
},
{
    "model": "service_development.voicefragment",
    "pk": 9,
    "fields": {
        "parent": 21,
        "language": 1,
        "audio": "yes_nl.wav"
    }
},
{
    "model": "service_development.voicefragment",
    "pk": 10,
    "fields": {
        "parent": 21,
        "language": 2,
        "audio": "yes_en.wav"
    }
},
{
    "model": "service_development.voicefragment",
    "pk": 11,
    "fields": {
        "parent": 21,
        "language": 3,
        "audio": "yes_fr.wav"
    }
},
{
    "model": "service_development.voicefragment",
    "pk": 12,
    "fields": {
        "parent": 20,
        "language": 1,
        "audio": "0_nl.wav"
    }
},
{
    "model": "service_development.voicefragment",
    "pk": 13,
    "fields": {
        "parent": 20,
        "language": 2,
        "audio": "0_en.wav"
    }
},
{
    "model": "service_development.voicefragment",
    "pk": 14,
    "fields": {
        "parent": 20,
        "language": 3,
        "audio": "0_fr.wav"
    }
},
{
    "model": "service_development.voicefragment",
    "pk": 15,
    "fields": {
        "parent": 19,
        "language": 1,
        "audio": "9_nl.wav"
    }
},
{
    "model": "service_development.voicefragment",
    "pk": 16,
    "fields": {
        "parent": 19,
        "language": 2,
        "audio": "9_fr.wav"
    }
},
{
    "model": "service_development.voicefragment",
    "pk": 17,
    "fields": {
        "parent": 19,
        "language": 3,
        "audio": "9_en.wav"
    }
},
{
    "model": "service_development.voicefragment",
    "pk": 18,
    "fields": {
        "parent": 18,
        "language": 1,
        "audio": "8_nl.wav"
    }
},
{
    "model": "service_development.voicefragment",
    "pk": 19,
    "fields": {
        "parent": 18,
        "language": 2,
        "audio": "8_en.wav"
    }
},
{
    "model": "service_development.voicefragment",
    "pk": 20,
    "fields": {
        "parent": 18,
        "language": 3,
        "audio": "8_fr.wav"
    }
},
{
    "model": "service_development.voicefragment",
    "pk": 21,
    "fields": {
        "parent": 17,
        "language": 1,
        "audio": "7_nl.wav"
    }
},
{
    "model": "service_development.voicefragment",
    "pk": 22,
    "fields": {
        "parent": 17,
        "language": 2,
        "audio": "7_en.wav"
    }
},
{
    "model": "service_development.voicefragment",
    "pk": 23,
    "fields": {
        "parent": 17,
        "language": 3,
        "audio": "7_fr.wav"
    }
},
{
    "model": "service_development.voicefragment",
    "pk": 24,
    "fields": {
        "parent": 16,
        "language": 1,
        "audio": "6_nl.wav"
    }
},
{
    "model": "service_development.voicefragment",
    "pk": 25,
    "fields": {
        "parent": 16,
        "language": 2,
        "audio": "6_en.wav"
    }
},
{
    "model": "service_development.voicefragment",
    "pk": 26,
    "fields": {
        "parent": 16,
        "language": 3,
        "audio": "6_fr.wav"
    }
},
{
    "model": "service_development.voicefragment",
    "pk": 27,
    "fields": {
        "parent": 15,
        "language": 1,
        "audio": "5_nl.wav"
    }
},
{
    "model": "service_development.voicefragment",
    "pk": 28,
    "fields": {
        "parent": 15,
        "language": 2,
        "audio": "5_en.wav"
    }
},
{
    "model": "service_development.voicefragment",
    "pk": 29,
    "fields": {
        "parent": 15,
        "language": 3,
        "audio": "5_fr.wav"
    }
},
{
    "model": "service_development.voicefragment",
    "pk": 30,
    "fields": {
        "parent": 14,
        "language": 1,
        "audio": "4_nl.wav"
    }
},
{
    "model": "service_development.voicefragment",
    "pk": 31,
    "fields": {
        "parent": 14,
        "language": 2,
        "audio": "4_fr.wav"
    }
},
{
    "model": "service_development.voicefragment",
    "pk": 32,
    "fields": {
        "parent": 14,
        "language": 3,
        "audio": "4_en.wav"
    }
},
{
    "model": "service_development.voicefragment",
    "pk": 33,
    "fields": {
        "parent": 13,
        "language": 1,
        "audio": "3_nl.wav"
    }
},
{
    "model": "service_development.voicefragment",
    "pk": 34,
    "fields": {
        "parent": 13,
        "language": 2,
        "audio": "3_en.wav"
    }
},
{
    "model": "service_development.voicefragment",
    "pk": 35,
    "fields": {
        "parent": 13,
        "language": 3,
        "audio": "3_fr.wav"
    }
},
{
    "model": "service_development.voicefragment",
    "pk": 36,
    "fields": {
        "parent": 12,
        "language": 1,
        "audio": "2_nl.wav"
    }
},
{
    "model": "service_development.voicefragment",
    "pk": 37,
    "fields": {
        "parent": 12,
        "language": 2,
        "audio": "2_en.wav"
    }
},
{
    "model": "service_development.voicefragment",
    "pk": 38,
    "fields": {
        "parent": 12,
        "language": 3,
        "audio": "2_fr.wav"
    }
},
{
    "model": "service_development.voicefragment",
    "pk": 39,
    "fields": {
        "parent": 11,
        "language": 1,
        "audio": "1_nl.wav"
    }
},
{
    "model": "service_development.voicefragment",
    "pk": 40,
    "fields": {
        "parent": 11,
        "language": 2,
        "audio": "1_en.wav"
    }
},
{
    "model": "service_development.voicefragment",
    "pk": 41,
    "fields": {
        "parent": 11,
        "language": 3,
        "audio": "1_fr.wav"
    }
},
{
    "model": "service_development.voicefragment",
    "pk": 42,
    "fields": {
        "parent": 10,
        "language": 1,
        "audio": "post_choice_option_nl.wav"
    }
},
{
    "model": "service_development.voicefragment",
    "pk": 43,
    "fields": {
        "parent": 10,
        "language": 2,
        "audio": "post_choice_option_en.wav"
    }
},
{
    "model": "service_development.voicefragment",
    "pk": 44,
    "fields": {
        "parent": 10,
        "language": 3,
        "audio": "post_choice_option_fr.wav"
    }
},
{
    "model": "service_development.voicefragment",
    "pk": 45,
    "fields": {
        "parent": 9,
        "language": 1,
        "audio": "pre_choice_option_nl.wav"
    }
},
{
    "model": "service_development.voicefragment",
    "pk": 46,
    "fields": {
        "parent": 9,
        "language": 2,
        "audio": "pre_choice_option_en.wav"
    }
},
{
    "model": "service_development.voicefragment",
    "pk": 47,
    "fields": {
        "parent": 9,
        "language": 3,
        "audio": "pre_choice_option_fr.wav"
    }
},
{
    "model": "service_development.voicefragment",
    "pk": 48,
    "fields": {
        "parent": 8,
        "language": 1,
        "audio": "select_language_nl.wav"
    }
},
{
    "model": "service_development.voicefragment",
    "pk": 49,
    "fields": {
        "parent": 8,
        "language": 2,
        "audio": "select_language_en.wav"
    }
},
{
    "model": "service_development.voicefragment",
    "pk": 50,
    "fields": {
        "parent": 8,
        "language": 3,
        "audio": "select_language_fr.wav"
    }
},
{
    "model": "service_development.voicefragment",
    "pk": 51,
    "fields": {
        "parent": 7,
        "language": 1,
        "audio": "french_nl.wav"
    }
},
{
    "model": "service_development.voicefragment",
    "pk": 52,
    "fields": {
        "parent": 7,
        "language": 2,
        "audio": "french_en.wav"
    }
},
{
    "model": "service_development.voicefragment",
    "pk": 53,
    "fields": {
        "parent": 7,
        "language": 3,
        "audio": "french_fr.wav"
    }
},
{
    "model": "service_development.voicefragment",
    "pk": 54,
    "fields": {
        "parent": 6,
        "language": 3,
        "audio": "boring_guy_fr.wav"
    }
},
{
    "model": "service_development.voicefragment",
    "pk": 55,
    "fields": {
        "parent": 5,
        "language": 1,
        "audio": "thank_you_for_using_nl.wav"
    }
},
{
    "model": "service_development.voicefragment",
    "pk": 56,
    "fields": {
        "parent": 5,
        "language": 2,
        "audio": "thank_you_for_using_en.wav"
    }
},
{
    "model": "service_development.voicefragment",
    "pk": 57,
    "fields": {
        "parent": 5,
        "language": 3,
        "audio": "thank_you_for_using_fr.wav"
    }
},
{
    "model": "service_development.voicefragment",
    "pk": 58,
    "fields": {
        "parent": 4,
        "language": 1,
        "audio": "english_nl.wav"
    }
},
{
    "model": "service_development.voicefragment",
    "pk": 59,
    "fields": {
        "parent": 4,
        "language": 2,
        "audio": "english_en.wav"
    }
},
{
    "model": "service_development.voicefragment",
    "pk": 60,
    "fields": {
        "parent": 4,
        "language": 3,
        "audio": "english_fr.wav"
    }
},
{
    "model": "service_development.voicefragment",
    "pk": 61,
    "fields": {
        "parent": 3,
        "language": 1,
        "audio": "truth_nl.wav"
    }
},
{
    "model": "service_development.voicefragment",
    "pk": 62,
    "fields": {
        "parent": 3,
        "language": 2,
        "audio": "truth_en.wav"
    }
},
{
    "model": "service_development.voicefragment",
    "pk": 63,
    "fields": {
        "parent": 3,
        "language": 3,
        "audio": "truth_fr.wav"
    }
},
{
    "model": "service_development.voicefragment",
    "pk": 64,
    "fields": {
        "parent": 2,
        "language": 1,
        "audio": "error_nl.wav"
    }
},
{
    "model": "service_development.voicefragment",
    "pk": 65,
    "fields": {
        "parent": 2,
        "language": 2,
        "audio": "error_en.wav"
    }
},
{
    "model": "service_development.voicefragment",
    "pk": 66,
    "fields": {
        "parent": 2,
        "language": 3,
        "audio": "error_fr.wav"
    }
},
{
    "model": "service_development.voicefragment",
    "pk": 67,
    "fields": {
        "parent": 1,
        "language": 1,
        "audio": "dutch_nl.wav"
    }
},
{
    "model": "service_development.voicefragment",
    "pk": 68,
    "fields": {
        "parent": 1,
        "language": 2,
        "audio": "dutch_en.wav"
    }
},
{
    "model": "service_development.voicefragment",
    "pk": 69,
    "fields": {
        "parent": 1,
        "language": 3,
        "audio": "dutch_fr.wav"
    }
},
{
    "model": "service_development.voicefragment",
    "pk": 70,
    "fields": {
        "parent": 23,
        "language": 1,
        "audio": "king_question_nl.wav"
    }
},
{
    "model": "service_development.voicefragment",
    "pk": 71,
    "fields": {
        "parent": 23,
        "language": 2,
        "audio": "king_question_en.wav"
    }
},
{
    "model": "service_development.voicefragment",
    "pk": 72,
    "fields": {
        "parent": 23,
        "language": 3,
        "audio": "king_question_fr.wav"
    }
},
{
    "model": "service_development.voicefragment",
    "pk": 206,
    "fields": {
        "parent": 131,
        "language": 2,
        "audio": "en_selectregion.wav"
    }
},
{
    "model": "service_development.voicefragment",
    "pk": 207,
    "fields": {
        "parent": 132,
        "language": 2,
        "audio": "en_eastern_region.wav"
    }
},
{
    "model": "service_development.voicefragment",
    "pk": 208,
    "fields": {
        "parent": 133,
        "language": 2,
        "audio": "en_western_region.wav"
    }
},
{
    "model": "service_development.voicefragment",
    "pk": 209,
    "fields": {
        "parent": 134,
        "language": 2,
        "audio": "en_animaltype.wav"
    }
},
{
    "model": "service_development.voicefragment",
    "pk": 210,
    "fields": {
        "parent": 135,
        "language": 2,
        "audio": "en_cow.wav"
    }
},
{
    "model": "service_development.voicefragment",
    "pk": 211,
    "fields": {
        "parent": 136,
        "language": 2,
        "audio": "en_chicken.wav"
    }
},
{
    "model": "service_development.voicefragment",
    "pk": 212,
    "fields": {
        "parent": 137,
        "language": 2,
        "audio": "en_welcome.wav"
    }
},
{
    "model": "service_development.voicefragment",
    "pk": 213,
    "fields": {
        "parent": 138,
        "language": 2,
        "audio": "sudden_death_en.wav"
    }
},
{
    "model": "service_development.voicefragment",
    "pk": 214,
    "fields": {
        "parent": 139,
        "language": 2,
        "audio": "en_fever.wav"
    }
},
{
    "model": "service_development.voicefragment",
    "pk": 215,
    "fields": {
        "parent": 140,
        "language": 2,
        "audio": "sudden_collapse_en.wav"
    }
},
{
    "model": "service_development.voicefragment",
    "pk": 216,
    "fields": {
        "parent": 141,
        "language": 2,
        "audio": "en_difficultybreathing.wav"
    }
},
{
    "model": "service_development.voicefragment",
    "pk": 217,
    "fields": {
        "parent": 142,
        "language": 2,
        "audio": "less_eggs_en.wav"
    }
},
{
    "model": "service_development.voicefragment",
    "pk": 218,
    "fields": {
        "parent": 143,
        "language": 2,
        "audio": "twisted_neck_en.wav"
    }
},
{
    "model": "service_development.voicefragment",
    "pk": 219,
    "fields": {
        "parent": 144,
        "language": 2,
        "audio": "diagnose.wav"
    }
},
{
    "model": "service_development.voicefragment",
    "pk": 220,
    "fields": {
        "parent": 145,
        "language": 2,
        "audio": "en_anthrax.wav"
    }
},
{
    "model": "service_development.voicefragment",
    "pk": 221,
    "fields": {
        "parent": 146,
        "language": 2,
        "audio": "en_anthrax_treatment.wav"
    }
},
{
    "model": "service_development.voicefragment",
    "pk": 222,
    "fields": {
        "parent": 147,
        "language": 2,
        "audio": "bloatingdesc_en.wav"
    }
},
{
    "model": "service_development.voicefragment",
    "pk": 223,
    "fields": {
        "parent": 148,
        "language": 2,
        "audio": "bloating_treatment_en.wav"
    }
},
{
    "model": "service_development.voicefragment",
    "pk": 224,
    "fields": {
        "parent": 149,
        "language": 2,
        "audio": "en_cbpp.wav"
    }
},
{
    "model": "service_development.voicefragment",
    "pk": 225,
    "fields": {
        "parent": 150,
        "language": 2,
        "audio": "en_cbpp_treatment.wav"
    }
},
{
    "model": "service_development.voicefragment",
    "pk": 226,
    "fields": {
        "parent": 151,
        "language": 2,
        "audio": "en_blackleg.wav"
    }
},
{
    "model": "service_development.voicefragment",
    "pk": 227,
    "fields": {
        "parent": 152,
        "language": 2,
        "audio": "en_blackleg_treatment.wav"
    }
},
{
    "model": "service_development.voicefragment",
    "pk": 228,
    "fields": {
        "parent": 153,
        "language": 2,
        "audio": "en_footrot.wav"
    }
},
{
    "model": "service_development.voicefragment",
    "pk": 229,
    "fields": {
        "parent": 154,
        "language": 2,
        "audio": "en_footrot_treatment.wav"
    }
},
{
    "model": "service_development.voicefragment",
    "pk": 230,
    "fields": {
        "parent": 155,
        "language": 2,
        "audio": "en_tetanus.wav"
    }
},
{
    "model": "service_development.voicefragment",
    "pk": 231,
    "fields": {
        "parent": 156,
        "language": 2,
        "audio": "en_tetanus_treatment.wav"
    }
},
{
    "model": "service_development.voicefragment",
    "pk": 232,
    "fields": {
        "parent": 157,
        "language": 2,
        "audio": "en_unidentified_disease.wav"
    }
},
{
    "model": "service_development.voicefragment",
    "pk": 233,
    "fields": {
        "parent": 158,
        "language": 2,
        "audio": "en_urgentdisease.wav"
    }
},
{
    "model": "service_development.voicefragment",
    "pk": 234,
    "fields": {
        "parent": 159,
        "language": 2,
        "audio": "en_veterinarian.wav"
    }
},
{
    "model": "service_development.voicefragment",
    "pk": 235,
    "fields": {
        "parent": 160,
        "language": 2,
        "audio": "dr_amoro.wav"
    }
},
{
    "model": "service_development.voicefragment",
    "pk": 236,
    "fields": {
        "parent": 161,
        "language": 2,
        "audio": "dr_babaissah.wav"
    }
},
{
    "model": "service_development.voicefragment",
    "pk": 237,
    "fields": {
        "parent": 162,
        "language": 2,
        "audio": "dr_ebo.wav"
    }
},
{
    "model": "service_development.voicefragment",
    "pk": 238,
    "fields": {
        "parent": 163,
        "language": 2,
        "audio": "dr_kwadwo.wav"
    }
},
{
    "model": "service_development.voicefragment",
    "pk": 239,
    "fields": {
        "parent": 164,
        "language": 2,
        "audio": "en_callvet_noworlater.wav"
    }
},
{
    "model": "service_development.voicefragment",
    "pk": 240,
    "fields": {
        "parent": 165,
        "language": 2,
        "audio": "now_en.wav"
    }
},
{
    "model": "service_development.voicefragment",
    "pk": 241,
    "fields": {
        "parent": 166,
        "language": 2,
        "audio": "later_en.wav"
    }
},
{
    "model": "service_development.voicefragment",
    "pk": 242,
    "fields": {
        "parent": 167,
        "language": 2,
        "audio": "en_send_vetcontact.wav"
    }
},
{
    "model": "service_development.voicefragment",
    "pk": 243,
    "fields": {
        "parent": 168,
        "language": 2,
        "audio": "redirectcall.wav"
    }
},
{
    "model": "service_development.voiceservicesubelement",
    "pk": 2,
    "fields": {
        "service": 1,
        "creation_date": "2017-04-23T19:30:23.792Z",
        "modification_date": "2017-04-23T23:13:42.317Z",
        "name": "Does the king like to drink beer?",
        "description": "",
        "voice_label": 23
    }
},
{
    "model": "service_development.voiceservicesubelement",
    "pk": 3,
    "fields": {
        "service": 1,
        "creation_date": "2017-04-23T19:32:07.853Z",
        "modification_date": "2017-04-23T22:51:29.350Z",
        "name": "Yes",
        "description": "King <3's BEER",
        "voice_label": 21
    }
},
{
    "model": "service_development.voiceservicesubelement",
    "pk": 4,
    "fields": {
        "service": 1,
        "creation_date": "2017-04-23T19:32:07.854Z",
        "modification_date": "2017-04-23T22:51:29.352Z",
        "name": "No",
        "description": "",
        "voice_label": 22
    }
},
{
    "model": "service_development.voiceservicesubelement",
    "pk": 5,
    "fields": {
        "service": 1,
        "creation_date": "2017-04-23T19:49:50.055Z",
        "modification_date": "2017-04-23T21:17:07.984Z",
        "name": "This is the truth",
        "description": "",
        "voice_label": 3
    }
},
{
    "model": "service_development.voiceservicesubelement",
    "pk": 6,
    "fields": {
        "service": 4,
        "creation_date": "2017-04-23T21:11:06.805Z",
        "modification_date": "2017-05-05T01:22:53.392Z",
        "name": "Thank you for using this service",
        "description": "",
        "voice_label": 5
    }
},
{
    "model": "service_development.voiceservicesubelement",
    "pk": 7,
    "fields": {
        "service": 1,
        "creation_date": "2017-04-23T21:36:55.756Z",
        "modification_date": "2017-04-23T21:36:55.756Z",
        "name": "King is boring",
        "description": "",
        "voice_label": 6
    }
},
{
    "model": "service_development.voiceservicesubelement",
    "pk": 124,
    "fields": {
        "service": 4,
        "creation_date": "2017-05-05T00:23:39.282Z",
        "modification_date": "2017-05-05T00:30:53.914Z",
        "name": "Select region",
        "description": "",
        "voice_label": 131
    }
},
{
    "model": "service_development.voiceservicesubelement",
    "pk": 125,
    "fields": {
        "service": 4,
        "creation_date": "2017-05-05T00:23:39.312Z",
        "modification_date": "2017-05-05T00:23:39.312Z",
        "name": "Eastern",
        "description": "",
        "voice_label": 132
    }
},
{
    "model": "service_development.voiceservicesubelement",
    "pk": 126,
    "fields": {
        "service": 4,
        "creation_date": "2017-05-05T00:23:39.317Z",
        "modification_date": "2017-05-05T00:23:39.317Z",
        "name": "Western",
        "description": "",
        "voice_label": 133
    }
},
{
    "model": "service_development.voiceservicesubelement",
    "pk": 127,
    "fields": {
        "service": 4,
        "creation_date": "2017-05-05T00:29:13.470Z",
        "modification_date": "2017-05-05T01:22:09.200Z",
        "name": "Select animal",
        "description": "",
        "voice_label": 134
    }
},
{
    "model": "service_development.voiceservicesubelement",
    "pk": 128,
    "fields": {
        "service": 4,
        "creation_date": "2017-05-05T00:29:13.547Z",
        "modification_date": "2017-05-05T01:22:09.209Z",
        "name": "Cow",
        "description": "",
        "voice_label": 135
    }
},
{
    "model": "service_development.voiceservicesubelement",
    "pk": 129,
    "fields": {
        "service": 4,
        "creation_date": "2017-05-05T00:29:13.548Z",
        "modification_date": "2017-05-05T01:22:09.211Z",
        "name": "Chicken",
        "description": "",
        "voice_label": 136
    }
},
{
    "model": "service_development.voiceservicesubelement",
    "pk": 130,
    "fields": {
        "service": 4,
        "creation_date": "2017-05-05T00:30:16.930Z",
        "modification_date": "2017-05-05T00:30:16.930Z",
        "name": "Welcome to MobileVet",
        "description": "",
        "voice_label": 137
    }
},
{
    "model": "service_development.voiceservicesubelement",
    "pk": 131,
    "fields": {
        "service": 4,
        "creation_date": "2017-05-05T00:40:54.992Z",
        "modification_date": "2017-05-05T00:57:06.657Z",
        "name": "Sudden death signs (cattle)",
        "description": "",
        "voice_label": 138
    }
},
{
    "model": "service_development.voiceservicesubelement",
    "pk": 132,
    "fields": {
        "service": 4,
        "creation_date": "2017-05-05T00:40:55.068Z",
        "modification_date": "2017-05-05T00:57:06.662Z",
        "name": "Sudden death signs (cattle) -Yes",
        "description": "",
        "voice_label": 21
    }
},
{
    "model": "service_development.voiceservicesubelement",
    "pk": 133,
    "fields": {
        "service": 4,
        "creation_date": "2017-05-05T00:40:55.069Z",
        "modification_date": "2017-05-05T00:57:06.662Z",
        "name": "Sudden death signs (cattle) - No",
        "description": "",
        "voice_label": 22
    }
},
{
    "model": "service_development.voiceservicesubelement",
    "pk": 134,
    "fields": {
        "service": 4,
        "creation_date": "2017-05-05T00:42:59.645Z",
        "modification_date": "2017-05-05T00:57:25.538Z",
        "name": "Fever signs (cattle)",
        "description": "",
        "voice_label": 139
    }
},
{
    "model": "service_development.voiceservicesubelement",
    "pk": 135,
    "fields": {
        "service": 4,
        "creation_date": "2017-05-05T00:42:59.758Z",
        "modification_date": "2017-05-05T00:57:25.545Z",
        "name": "Fever signs (cattle) - Yes",
        "description": "",
        "voice_label": 21
    }
},
{
    "model": "service_development.voiceservicesubelement",
    "pk": 136,
    "fields": {
        "service": 4,
        "creation_date": "2017-05-05T00:42:59.763Z",
        "modification_date": "2017-05-05T00:57:25.547Z",
        "name": "Fever signs (cattle) - No",
        "description": "",
        "voice_label": 22
    }
},
{
    "model": "service_development.voiceservicesubelement",
    "pk": 137,
    "fields": {
        "service": 4,
        "creation_date": "2017-05-05T00:44:07.668Z",
        "modification_date": "2017-05-05T00:58:18.553Z",
        "name": "Sudden collapse signs (cattle)",
        "description": "",
        "voice_label": 140
    }
},
{
    "model": "service_development.voiceservicesubelement",
    "pk": 138,
    "fields": {
        "service": 4,
        "creation_date": "2017-05-05T00:44:07.719Z",
        "modification_date": "2017-05-05T00:58:18.557Z",
        "name": "Sudden collapse signs (cattle) - Yes",
        "description": "",
        "voice_label": 21
    }
},
{
    "model": "service_development.voiceservicesubelement",
    "pk": 139,
    "fields": {
        "service": 4,
        "creation_date": "2017-05-05T00:44:07.721Z",
        "modification_date": "2017-05-05T00:58:18.559Z",
        "name": "Sudden collapse signs (cattle) - No",
        "description": "",
        "voice_label": 22
    }
},
{
    "model": "service_development.voiceservicesubelement",
    "pk": 140,
    "fields": {
        "service": 4,
        "creation_date": "2017-05-05T00:44:47.630Z",
        "modification_date": "2017-05-05T00:58:00.135Z",
        "name": "Difficulty breathing signs (cattle)",
        "description": "",
        "voice_label": 141
    }
},
{
    "model": "service_development.voiceservicesubelement",
    "pk": 141,
    "fields": {
        "service": 4,
        "creation_date": "2017-05-05T00:44:47.716Z",
        "modification_date": "2017-05-05T00:58:00.147Z",
        "name": "Difficulty breathing signs (cattle) - Yes",
        "description": "",
        "voice_label": 21
    }
},
{
    "model": "service_development.voiceservicesubelement",
    "pk": 142,
    "fields": {
        "service": 4,
        "creation_date": "2017-05-05T00:44:47.721Z",
        "modification_date": "2017-05-05T00:58:00.148Z",
        "name": "Difficulty breathing signs (cattle) - No",
        "description": "",
        "voice_label": 22
    }
},
{
    "model": "service_development.voiceservicesubelement",
    "pk": 143,
    "fields": {
        "service": 4,
        "creation_date": "2017-05-05T00:45:36.599Z",
        "modification_date": "2017-05-05T00:53:12.586Z",
        "name": "Sudden death signs (chicken)",
        "description": "",
        "voice_label": 138
    }
},
{
    "model": "service_development.voiceservicesubelement",
    "pk": 144,
    "fields": {
        "service": 4,
        "creation_date": "2017-05-05T00:45:36.629Z",
        "modification_date": "2017-05-05T00:53:12.594Z",
        "name": "Sudden death signs (chicken) - Yes",
        "description": "",
        "voice_label": 21
    }
},
{
    "model": "service_development.voiceservicesubelement",
    "pk": 145,
    "fields": {
        "service": 4,
        "creation_date": "2017-05-05T00:45:36.629Z",
        "modification_date": "2017-05-05T00:53:12.595Z",
        "name": "Sudden death signs (chicken) - No",
        "description": "",
        "voice_label": 22
    }
},
{
    "model": "service_development.voiceservicesubelement",
    "pk": 146,
    "fields": {
        "service": 4,
        "creation_date": "2017-05-05T00:46:08.990Z",
        "modification_date": "2017-05-05T00:53:43.245Z",
        "name": "Difficulty breathing signs (chicken)",
        "description": "",
        "voice_label": 141
    }
},
{
    "model": "service_development.voiceservicesubelement",
    "pk": 147,
    "fields": {
        "service": 4,
        "creation_date": "2017-05-05T00:46:09.158Z",
        "modification_date": "2017-05-05T00:53:43.250Z",
        "name": "Difficulty breathing signs (chicken) - Yes",
        "description": "",
        "voice_label": 21
    }
},
{
    "model": "service_development.voiceservicesubelement",
    "pk": 148,
    "fields": {
        "service": 4,
        "creation_date": "2017-05-05T00:46:09.164Z",
        "modification_date": "2017-05-05T00:53:43.250Z",
        "name": "Difficulty breathing signs (chicken) - No",
        "description": "",
        "voice_label": 22
    }
},
{
    "model": "service_development.voiceservicesubelement",
    "pk": 149,
    "fields": {
        "service": 4,
        "creation_date": "2017-05-05T00:47:03.004Z",
        "modification_date": "2017-05-05T00:54:06.285Z",
        "name": "Less eggs signs (chicken)",
        "description": "",
        "voice_label": 142
    }
},
{
    "model": "service_development.voiceservicesubelement",
    "pk": 150,
    "fields": {
        "service": 4,
        "creation_date": "2017-05-05T00:47:03.051Z",
        "modification_date": "2017-05-05T00:54:06.285Z",
        "name": "Less eggs signs (chicken) - Yes",
        "description": "",
        "voice_label": 21
    }
},
{
    "model": "service_development.voiceservicesubelement",
    "pk": 151,
    "fields": {
        "service": 4,
        "creation_date": "2017-05-05T00:47:03.052Z",
        "modification_date": "2017-05-05T00:54:06.291Z",
        "name": "Less eggs signs (chicken) - No",
        "description": "",
        "voice_label": 22
    }
},
{
    "model": "service_development.voiceservicesubelement",
    "pk": 152,
    "fields": {
        "service": 4,
        "creation_date": "2017-05-05T00:47:57.824Z",
        "modification_date": "2017-05-05T00:56:30.657Z",
        "name": "Twisted neck signs (chicken)",
        "description": "",
        "voice_label": 143
    }
},
{
    "model": "service_development.voiceservicesubelement",
    "pk": 153,
    "fields": {
        "service": 4,
        "creation_date": "2017-05-05T00:47:57.829Z",
        "modification_date": "2017-05-05T00:56:30.662Z",
        "name": "Twisted neck signs (chicken)",
        "description": "",
        "voice_label": 21
    }
},
{
    "model": "service_development.voiceservicesubelement",
    "pk": 154,
    "fields": {
        "service": 4,
        "creation_date": "2017-05-05T00:47:57.829Z",
        "modification_date": "2017-05-05T00:56:30.663Z",
        "name": "Twisted neck signs (chicken)",
        "description": "",
        "voice_label": 22
    }
},
{
    "model": "service_development.voiceservicesubelement",
    "pk": 155,
    "fields": {
        "service": 4,
        "creation_date": "2017-05-05T00:56:13.656Z",
        "modification_date": "2017-05-05T05:16:15.842Z",
        "name": "Waiting diagnosis",
        "description": "",
        "voice_label": 144
    }
},
{
    "model": "service_development.voiceservicesubelement",
    "pk": 156,
    "fields": {
        "service": 4,
        "creation_date": "2017-05-05T01:03:09.493Z",
        "modification_date": "2017-05-05T01:08:26.429Z",
        "name": "Anthrax description",
        "description": "",
        "voice_label": 145
    }
},
{
    "model": "service_development.voiceservicesubelement",
    "pk": 157,
    "fields": {
        "service": 4,
        "creation_date": "2017-05-05T01:03:43.332Z",
        "modification_date": "2017-05-05T04:26:53.345Z",
        "name": "Anthrax treatment",
        "description": "",
        "voice_label": 146
    }
},
{
    "model": "service_development.voiceservicesubelement",
    "pk": 158,
    "fields": {
        "service": 4,
        "creation_date": "2017-05-05T01:07:56.970Z",
        "modification_date": "2017-05-05T01:07:56.970Z",
        "name": "Bloat description",
        "description": "",
        "voice_label": 147
    }
},
{
    "model": "service_development.voiceservicesubelement",
    "pk": 159,
    "fields": {
        "service": 4,
        "creation_date": "2017-05-05T01:11:12.675Z",
        "modification_date": "2017-05-05T04:27:24.503Z",
        "name": "Bloat treatment",
        "description": "",
        "voice_label": 148
    }
},
{
    "model": "service_development.voiceservicesubelement",
    "pk": 160,
    "fields": {
        "service": 4,
        "creation_date": "2017-05-05T01:11:52.503Z",
        "modification_date": "2017-05-05T01:12:36.313Z",
        "name": "CBPP description",
        "description": "",
        "voice_label": 149
    }
},
{
    "model": "service_development.voiceservicesubelement",
    "pk": 161,
    "fields": {
        "service": 4,
        "creation_date": "2017-05-05T01:12:25.756Z",
        "modification_date": "2017-05-05T01:12:25.756Z",
        "name": "CBPP treatment",
        "description": "",
        "voice_label": 150
    }
},
{
    "model": "service_development.voiceservicesubelement",
    "pk": 162,
    "fields": {
        "service": 4,
        "creation_date": "2017-05-05T01:14:17.798Z",
        "modification_date": "2017-05-05T01:18:19.027Z",
        "name": "Avian Influenza description",
        "description": "",
        "voice_label": 151
    }
},
{
    "model": "service_development.voiceservicesubelement",
    "pk": 163,
    "fields": {
        "service": 4,
        "creation_date": "2017-05-05T01:14:54.276Z",
        "modification_date": "2017-05-05T04:27:36.442Z",
        "name": "Avian Influenza treatment",
        "description": "",
        "voice_label": 152
    }
},
{
    "model": "service_development.voiceservicesubelement",
    "pk": 164,
    "fields": {
        "service": 4,
        "creation_date": "2017-05-05T01:15:49.744Z",
        "modification_date": "2017-05-05T01:18:03.594Z",
        "name": "Fowl pox description",
        "description": "",
        "voice_label": 153
    }
},
{
    "model": "service_development.voiceservicesubelement",
    "pk": 165,
    "fields": {
        "service": 4,
        "creation_date": "2017-05-05T01:16:28.071Z",
        "modification_date": "2017-05-05T04:27:48.081Z",
        "name": "Fowl pox treatment",
        "description": "",
        "voice_label": 154
    }
},
{
    "model": "service_development.voiceservicesubelement",
    "pk": 166,
    "fields": {
        "service": 4,
        "creation_date": "2017-05-05T01:17:11.120Z",
        "modification_date": "2017-05-05T01:17:52.105Z",
        "name": "Necwcastle disease description",
        "description": "",
        "voice_label": 155
    }
},
{
    "model": "service_development.voiceservicesubelement",
    "pk": 167,
    "fields": {
        "service": 4,
        "creation_date": "2017-05-05T01:17:38.352Z",
        "modification_date": "2017-05-05T01:17:38.352Z",
        "name": "Necwcastle disease treatment",
        "description": "",
        "voice_label": 156
    }
},
{
    "model": "service_development.voiceservicesubelement",
    "pk": 168,
    "fields": {
        "service": 4,
        "creation_date": "2017-05-05T02:39:53.872Z",
        "modification_date": "2017-05-05T05:21:54.173Z",
        "name": "Unindentified disease",
        "description": "",
        "voice_label": 157
    }
},
{
    "model": "service_development.voiceservicesubelement",
    "pk": 169,
    "fields": {
        "service": 4,
        "creation_date": "2017-05-05T04:26:25.834Z",
        "modification_date": "2017-05-05T05:16:01.132Z",
        "name": "Urgent disease",
        "description": "",
        "voice_label": 158
    }
},
{
    "model": "service_development.voiceservicesubelement",
    "pk": 170,
    "fields": {
        "service": 4,
        "creation_date": "2017-05-05T04:41:18.707Z",
        "modification_date": "2017-05-05T05:14:57.099Z",
        "name": "Choose veterinarian",
        "description": "",
        "voice_label": 159
    }
},
{
    "model": "service_development.voiceservicesubelement",
    "pk": 171,
    "fields": {
        "service": 4,
        "creation_date": "2017-05-05T04:41:18.783Z",
        "modification_date": "2017-05-05T05:14:57.141Z",
        "name": "Dr. Amoro Nelson Agemga",
        "description": "",
        "voice_label": 160
    }
},
{
    "model": "service_development.voiceservicesubelement",
    "pk": 172,
    "fields": {
        "service": 4,
        "creation_date": "2017-05-05T04:41:18.787Z",
        "modification_date": "2017-05-05T05:14:57.143Z",
        "name": "Dr. Baba Issah",
        "description": "",
        "voice_label": 161
    }
},
{
    "model": "service_development.voiceservicesubelement",
    "pk": 173,
    "fields": {
        "service": 4,
        "creation_date": "2017-05-05T04:41:18.789Z",
        "modification_date": "2017-05-05T05:14:57.145Z",
        "name": "Dr. Ebo Annan",
        "description": "",
        "voice_label": 162
    }
},
{
    "model": "service_development.voiceservicesubelement",
    "pk": 174,
    "fields": {
        "service": 4,
        "creation_date": "2017-05-05T04:41:18.791Z",
        "modification_date": "2017-05-05T05:14:57.146Z",
        "name": "Dr. Kwadwo Nikrumah",
        "description": "",
        "voice_label": 163
    }
},
{
    "model": "service_development.voiceservicesubelement",
    "pk": 175,
    "fields": {
        "service": 4,
        "creation_date": "2017-05-05T04:48:18.384Z",
        "modification_date": "2017-05-05T05:15:20.567Z",
        "name": "Call veterinarian",
        "description": "",
        "voice_label": 164
    }
},
{
    "model": "service_development.voiceservicesubelement",
    "pk": 176,
    "fields": {
        "service": 4,
        "creation_date": "2017-05-05T04:48:18.493Z",
        "modification_date": "2017-05-05T05:15:20.583Z",
        "name": "Call now",
        "description": "",
        "voice_label": 165
    }
},
{
    "model": "service_development.voiceservicesubelement",
    "pk": 177,
    "fields": {
        "service": 4,
        "creation_date": "2017-05-05T04:48:18.498Z",
        "modification_date": "2017-05-05T05:15:20.583Z",
        "name": "Call later",
        "description": "",
        "voice_label": 166
    }
},
{
    "model": "service_development.voiceservicesubelement",
    "pk": 178,
    "fields": {
        "service": 4,
        "creation_date": "2017-05-05T04:49:56.338Z",
        "modification_date": "2017-05-05T04:59:07.589Z",
        "name": "Send vet contact",
        "description": "",
        "voice_label": 167
    }
},
{
    "model": "service_development.voiceservicesubelement",
    "pk": 179,
    "fields": {
        "service": 4,
        "creation_date": "2017-05-05T04:51:25.057Z",
        "modification_date": "2017-05-05T04:59:01.085Z",
        "name": "Redirect call to vet",
        "description": "",
        "voice_label": 168
    }
},
{
    "model": "service_development.voiceserviceelement",
    "pk": 2,
    "fields": {}
},
{
    "model": "service_development.voiceserviceelement",
    "pk": 5,
    "fields": {}
},
{
    "model": "service_development.voiceserviceelement",
    "pk": 6,
    "fields": {}
},
{
    "model": "service_development.voiceserviceelement",
    "pk": 7,
    "fields": {}
},
{
    "model": "service_development.voiceserviceelement",
    "pk": 124,
    "fields": {}
},
{
    "model": "service_development.voiceserviceelement",
    "pk": 127,
    "fields": {}
},
{
    "model": "service_development.voiceserviceelement",
    "pk": 130,
    "fields": {}
},
{
    "model": "service_development.voiceserviceelement",
    "pk": 131,
    "fields": {}
},
{
    "model": "service_development.voiceserviceelement",
    "pk": 134,
    "fields": {}
},
{
    "model": "service_development.voiceserviceelement",
    "pk": 137,
    "fields": {}
},
{
    "model": "service_development.voiceserviceelement",
    "pk": 140,
    "fields": {}
},
{
    "model": "service_development.voiceserviceelement",
    "pk": 143,
    "fields": {}
},
{
    "model": "service_development.voiceserviceelement",
    "pk": 146,
    "fields": {}
},
{
    "model": "service_development.voiceserviceelement",
    "pk": 149,
    "fields": {}
},
{
    "model": "service_development.voiceserviceelement",
    "pk": 152,
    "fields": {}
},
{
    "model": "service_development.voiceserviceelement",
    "pk": 155,
    "fields": {}
},
{
    "model": "service_development.voiceserviceelement",
    "pk": 156,
    "fields": {}
},
{
    "model": "service_development.voiceserviceelement",
    "pk": 157,
    "fields": {}
},
{
    "model": "service_development.voiceserviceelement",
    "pk": 158,
    "fields": {}
},
{
    "model": "service_development.voiceserviceelement",
    "pk": 159,
    "fields": {}
},
{
    "model": "service_development.voiceserviceelement",
    "pk": 160,
    "fields": {}
},
{
    "model": "service_development.voiceserviceelement",
    "pk": 161,
    "fields": {}
},
{
    "model": "service_development.voiceserviceelement",
    "pk": 162,
    "fields": {}
},
{
    "model": "service_development.voiceserviceelement",
    "pk": 163,
    "fields": {}
},
{
    "model": "service_development.voiceserviceelement",
    "pk": 164,
    "fields": {}
},
{
    "model": "service_development.voiceserviceelement",
    "pk": 165,
    "fields": {}
},
{
    "model": "service_development.voiceserviceelement",
    "pk": 166,
    "fields": {}
},
{
    "model": "service_development.voiceserviceelement",
    "pk": 167,
    "fields": {}
},
{
    "model": "service_development.voiceserviceelement",
    "pk": 168,
    "fields": {}
},
{
    "model": "service_development.voiceserviceelement",
    "pk": 169,
    "fields": {}
},
{
    "model": "service_development.voiceserviceelement",
    "pk": 170,
    "fields": {}
},
{
    "model": "service_development.voiceserviceelement",
    "pk": 175,
    "fields": {}
},
{
    "model": "service_development.voiceserviceelement",
    "pk": 178,
    "fields": {}
},
{
    "model": "service_development.voiceserviceelement",
    "pk": 179,
    "fields": {}
},
{
    "model": "service_development.voiceservice",
    "pk": 1,
    "fields": {
        "name": "King's truth checker",
        "description": "Checks the user's knowledge about the king of the Netherlands",
        "creation_date": "2017-04-23T19:23:52.392Z",
        "modification_date": "2017-04-23T23:19:18.069Z",
        "active": true,
        "_start_element": 2,
        "requires_registration": false,
        "supported_languages": [
            1,
            2,
            3
        ]
    }
},
{
    "model": "service_development.voiceservice",
    "pk": 4,
    "fields": {
        "name": "MobileVet",
        "description": "MobileVet",
        "creation_date": "2017-05-05T00:20:22.403Z",
        "modification_date": "2017-05-05T00:30:32.711Z",
        "active": true,
        "_start_element": 130,
        "requires_registration": false,
        "supported_languages": [
            2
        ]
    }
},
{
    "model": "service_development.choice",
    "pk": 2,
    "fields": {}
},
{
    "model": "service_development.choice",
    "pk": 131,
    "fields": {}
},
{
    "model": "service_development.choice",
    "pk": 134,
    "fields": {}
},
{
    "model": "service_development.choice",
    "pk": 137,
    "fields": {}
},
{
    "model": "service_development.choice",
    "pk": 140,
    "fields": {}
},
{
    "model": "service_development.choice",
    "pk": 143,
    "fields": {}
},
{
    "model": "service_development.choice",
    "pk": 146,
    "fields": {}
},
{
    "model": "service_development.choice",
    "pk": 149,
    "fields": {}
},
{
    "model": "service_development.choice",
    "pk": 152,
    "fields": {}
},
{
    "model": "service_development.choice",
    "pk": 170,
    "fields": {}
},
{
    "model": "service_development.choice",
    "pk": 175,
    "fields": {}
},
{
    "model": "service_development.choiceoption",
    "pk": 3,
    "fields": {
        "parent": 2,
        "_redirect": 5
    }
},
{
    "model": "service_development.choiceoption",
    "pk": 4,
    "fields": {
        "parent": 2,
        "_redirect": 7
    }
},
{
    "model": "service_development.choiceoption",
    "pk": 132,
    "fields": {
        "parent": 131,
        "_redirect": 134
    }
},
{
    "model": "service_development.choiceoption",
    "pk": 133,
    "fields": {
        "parent": 131,
        "_redirect": 134
    }
},
{
    "model": "service_development.choiceoption",
    "pk": 135,
    "fields": {
        "parent": 134,
        "_redirect": 137
    }
},
{
    "model": "service_development.choiceoption",
    "pk": 136,
    "fields": {
        "parent": 134,
        "_redirect": 137
    }
},
{
    "model": "service_development.choiceoption",
    "pk": 138,
    "fields": {
        "parent": 137,
        "_redirect": 140
    }
},
{
    "model": "service_development.choiceoption",
    "pk": 139,
    "fields": {
        "parent": 137,
        "_redirect": 140
    }
},
{
    "model": "service_development.choiceoption",
    "pk": 141,
    "fields": {
        "parent": 140,
        "_redirect": 155
    }
},
{
    "model": "service_development.choiceoption",
    "pk": 142,
    "fields": {
        "parent": 140,
        "_redirect": 155
    }
},
{
    "model": "service_development.choiceoption",
    "pk": 144,
    "fields": {
        "parent": 143,
        "_redirect": 146
    }
},
{
    "model": "service_development.choiceoption",
    "pk": 145,
    "fields": {
        "parent": 143,
        "_redirect": 146
    }
},
{
    "model": "service_development.choiceoption",
    "pk": 147,
    "fields": {
        "parent": 146,
        "_redirect": 149
    }
},
{
    "model": "service_development.choiceoption",
    "pk": 148,
    "fields": {
        "parent": 146,
        "_redirect": 149
    }
},
{
    "model": "service_development.choiceoption",
    "pk": 150,
    "fields": {
        "parent": 149,
        "_redirect": 152
    }
},
{
    "model": "service_development.choiceoption",
    "pk": 151,
    "fields": {
        "parent": 149,
        "_redirect": 152
    }
},
{
    "model": "service_development.choiceoption",
    "pk": 153,
    "fields": {
        "parent": 152,
        "_redirect": 155
    }
},
{
    "model": "service_development.choiceoption",
    "pk": 154,
    "fields": {
        "parent": 152,
        "_redirect": 155
    }
},
{
    "model": "service_development.choiceoption",
    "pk": 171,
    "fields": {
        "parent": 170,
        "_redirect": 175
    }
},
{
    "model": "service_development.choiceoption",
    "pk": 172,
    "fields": {
        "parent": 170,
        "_redirect": 175
    }
},
{
    "model": "service_development.choiceoption",
    "pk": 173,
    "fields": {
        "parent": 170,
        "_redirect": 175
    }
},
{
    "model": "service_development.choiceoption",
    "pk": 174,
    "fields": {
        "parent": 170,
        "_redirect": 175
    }
},
{
    "model": "service_development.choiceoption",
    "pk": 176,
    "fields": {
        "parent": 175,
        "_redirect": 179
    }
},
{
    "model": "service_development.choiceoption",
    "pk": 177,
    "fields": {
        "parent": 175,
        "_redirect": 178
    }
},
{
    "model": "service_development.messagepresentation",
    "pk": 5,
    "fields": {
        "final_element": false,
        "diagnosis_element": false,
        "_redirect": 6
    }
},
{
    "model": "service_development.messagepresentation",
    "pk": 6,
    "fields": {
        "final_element": true,
        "diagnosis_element": false,
        "_redirect": null
    }
},
{
    "model": "service_development.messagepresentation",
    "pk": 7,
    "fields": {
        "final_element": false,
        "diagnosis_element": false,
        "_redirect": 6
    }
},
{
    "model": "service_development.messagepresentation",
    "pk": 130,
    "fields": {
        "final_element": false,
        "diagnosis_element": false,
        "_redirect": 124
    }
},
{
    "model": "service_development.messagepresentation",
    "pk": 155,
    "fields": {
        "final_element": false,
        "diagnosis_element": true,
        "_redirect": 168
    }
},
{
    "model": "service_development.messagepresentation",
    "pk": 156,
    "fields": {
        "final_element": false,
        "diagnosis_element": false,
        "_redirect": 157
    }
},
{
    "model": "service_development.messagepresentation",
    "pk": 157,
    "fields": {
        "final_element": false,
        "diagnosis_element": false,
        "_redirect": 169
    }
},
{
    "model": "service_development.messagepresentation",
    "pk": 158,
    "fields": {
        "final_element": false,
        "diagnosis_element": false,
        "_redirect": 6
    }
},
{
    "model": "service_development.messagepresentation",
    "pk": 159,
    "fields": {
        "final_element": false,
        "diagnosis_element": false,
        "_redirect": 169
    }
},
{
    "model": "service_development.messagepresentation",
    "pk": 160,
    "fields": {
        "final_element": false,
        "diagnosis_element": false,
        "_redirect": 161
    }
},
{
    "model": "service_development.messagepresentation",
    "pk": 161,
    "fields": {
        "final_element": false,
        "diagnosis_element": false,
        "_redirect": 6
    }
},
{
    "model": "service_development.messagepresentation",
    "pk": 162,
    "fields": {
        "final_element": false,
        "diagnosis_element": false,
        "_redirect": 163
    }
},
{
    "model": "service_development.messagepresentation",
    "pk": 163,
    "fields": {
        "final_element": false,
        "diagnosis_element": false,
        "_redirect": 169
    }
},
{
    "model": "service_development.messagepresentation",
    "pk": 164,
    "fields": {
        "final_element": false,
        "diagnosis_element": false,
        "_redirect": 165
    }
},
{
    "model": "service_development.messagepresentation",
    "pk": 165,
    "fields": {
        "final_element": false,
        "diagnosis_element": false,
        "_redirect": 169
    }
},
{
    "model": "service_development.messagepresentation",
    "pk": 166,
    "fields": {
        "final_element": false,
        "diagnosis_element": false,
        "_redirect": 167
    }
},
{
    "model": "service_development.messagepresentation",
    "pk": 167,
    "fields": {
        "final_element": false,
        "diagnosis_element": false,
        "_redirect": 6
    }
},
{
    "model": "service_development.messagepresentation",
    "pk": 168,
    "fields": {
        "final_element": false,
        "diagnosis_element": false,
        "_redirect": 170
    }
},
{
    "model": "service_development.messagepresentation",
    "pk": 169,
    "fields": {
        "final_element": false,
        "diagnosis_element": false,
        "_redirect": 170
    }
},
{
    "model": "service_development.messagepresentation",
    "pk": 178,
    "fields": {
        "final_element": false,
        "diagnosis_element": false,
        "_redirect": 6
    }
},
{
    "model": "service_development.messagepresentation",
    "pk": 179,
    "fields": {
        "final_element": false,
        "diagnosis_element": false,
        "_redirect": 6
    }
},
{
    "model": "service_development.animal",
    "pk": 4,
    "fields": {
        "name": "Cow",
        "description": ""
    }
},
{
    "model": "service_development.animal",
    "pk": 5,
    "fields": {
        "name": "Chicken",
        "description": ""
    }
},
{
    "model": "service_development.disease",
    "pk": 4,
    "fields": {
        "name": "Anthrax",
        "description": "",
        "related_element": 156
    }
},
{
    "model": "service_development.disease",
    "pk": 5,
    "fields": {
        "name": "Bloat",
        "description": "",
        "related_element": 158
    }
},
{
    "model": "service_development.disease",
    "pk": 6,
    "fields": {
        "name": "CBPP",
        "description": "",
        "related_element": 160
    }
},
{
    "model": "service_development.disease",
    "pk": 7,
    "fields": {
        "name": "Avian Influenza",
        "description": "",
        "related_element": 162
    }
},
{
    "model": "service_development.disease",
    "pk": 8,
    "fields": {
        "name": "Fowl pox",
        "description": "",
        "related_element": 164
    }
},
{
    "model": "service_development.disease",
    "pk": 9,
    "fields": {
        "name": "Newcastle disease",
        "description": "",
        "related_element": 166
    }
},
{
    "model": "service_development.disease",
    "pk": 10,
    "fields": {
        "name": "Unindentified disease",
        "description": "",
        "related_element": 168
    }
},
{
    "model": "service_development.diseasefragment",
    "pk": 5,
    "fields": {
        "parent": 5,
        "disease": 7
    }
},
{
    "model": "service_development.diseasefragment",
    "pk": 6,
    "fields": {
        "parent": 5,
        "disease": 8
    }
},
{
    "model": "service_development.diseasefragment",
    "pk": 7,
    "fields": {
        "parent": 5,
        "disease": 9
    }
},
{
    "model": "service_development.diseasefragment",
    "pk": 8,
    "fields": {
        "parent": 4,
        "disease": 4
    }
},
{
    "model": "service_development.diseasefragment",
    "pk": 9,
    "fields": {
        "parent": 4,
        "disease": 5
    }
},
{
    "model": "service_development.diseasefragment",
    "pk": 10,
    "fields": {
        "parent": 4,
        "disease": 6
    }
},
{
    "model": "service_development.animalselection",
    "pk": 127,
    "fields": {}
},
{
    "model": "service_development.animalselectionoption",
    "pk": 128,
    "fields": {
        "parent": 127,
        "options": 4,
        "_redirect_url": 131
    }
},
{
    "model": "service_development.animalselectionoption",
    "pk": 129,
    "fields": {
        "parent": 127,
        "options": 5,
        "_redirect_url": 143
    }
},
{
    "model": "service_development.region",
    "pk": 4,
    "fields": {
        "name": "Eastern region",
        "description": "",
        "voice_label": null
    }
},
{
    "model": "service_development.region",
    "pk": 5,
    "fields": {
        "name": "Western region",
        "description": "",
        "voice_label": null
    }
},
{
    "model": "service_development.regionselection",
    "pk": 124,
    "fields": {
        "_redirect_url": 127
    }
},
{
    "model": "service_development.regionselectionoption",
    "pk": 125,
    "fields": {
        "parent": 124,
        "options": 4
    }
},
{
    "model": "service_development.regionselectionoption",
    "pk": 126,
    "fields": {
        "parent": 124,
        "options": 5
    }
},
{
    "model": "service_development.symptom",
    "pk": 5,
    "fields": {
        "name": "Sudden death signs (cattle)",
        "description": ""
    }
},
{
    "model": "service_development.symptom",
    "pk": 6,
    "fields": {
        "name": "Fever signs (cattle)",
        "description": ""
    }
},
{
    "model": "service_development.symptom",
    "pk": 7,
    "fields": {
        "name": "Sudden collapse signs (cattle)",
        "description": ""
    }
},
{
    "model": "service_development.symptom",
    "pk": 8,
    "fields": {
        "name": "Difficulty breathing signs (cattle)",
        "description": ""
    }
},
{
    "model": "service_development.symptom",
    "pk": 9,
    "fields": {
        "name": "Sudden death signs (chicken)",
        "description": ""
    }
},
{
    "model": "service_development.symptom",
    "pk": 10,
    "fields": {
        "name": "Difficulty breathing signs (chicken)",
        "description": ""
    }
},
{
    "model": "service_development.symptom",
    "pk": 11,
    "fields": {
        "name": "Less eggs signs (chicken)",
        "description": ""
    }
},
{
    "model": "service_development.symptom",
    "pk": 12,
    "fields": {
        "name": "Twisted neck signs (chicken)",
        "description": ""
    }
},
{
    "model": "service_development.symptomofdisease",
    "pk": 1,
    "fields": {
        "disease": 4,
        "symptom": 5,
        "element_of_symptom": 131
    }
},
{
    "model": "service_development.symptomofdisease",
    "pk": 2,
    "fields": {
        "disease": 4,
        "symptom": 6,
        "element_of_symptom": 134
    }
},
{
    "model": "service_development.symptomofdisease",
    "pk": 3,
    "fields": {
        "disease": 4,
        "symptom": 8,
        "element_of_symptom": 140
    }
},
{
    "model": "service_development.symptomofdisease",
    "pk": 4,
    "fields": {
        "disease": 5,
        "symptom": 7,
        "element_of_symptom": 137
    }
},
{
    "model": "service_development.symptomofdisease",
    "pk": 5,
    "fields": {
        "disease": 5,
        "symptom": 8,
        "element_of_symptom": 140
    }
},
{
    "model": "service_development.symptomofdisease",
    "pk": 6,
    "fields": {
        "disease": 6,
        "symptom": 6,
        "element_of_symptom": 134
    }
},
{
    "model": "service_development.symptomofdisease",
    "pk": 7,
    "fields": {
        "disease": 6,
        "symptom": 8,
        "element_of_symptom": 140
    }
},
{
    "model": "service_development.symptomofdisease",
    "pk": 8,
    "fields": {
        "disease": 7,
        "symptom": 9,
        "element_of_symptom": 143
    }
},
{
    "model": "service_development.symptomofdisease",
    "pk": 9,
    "fields": {
        "disease": 7,
        "symptom": 11,
        "element_of_symptom": 149
    }
},
{
    "model": "service_development.symptomofdisease",
    "pk": 10,
    "fields": {
        "disease": 8,
        "symptom": 10,
        "element_of_symptom": 146
    }
},
{
    "model": "service_development.symptomofdisease",
    "pk": 11,
    "fields": {
        "disease": 8,
        "symptom": 12,
        "element_of_symptom": 152
    }
},
{
    "model": "service_development.symptomofdisease",
    "pk": 12,
    "fields": {
        "disease": 9,
        "symptom": 9,
        "element_of_symptom": 143
    }
},
{
    "model": "service_development.symptomofdisease",
    "pk": 13,
    "fields": {
        "disease": 9,
        "symptom": 12,
        "element_of_symptom": 152
    }
}
]
